str_no_string|NO STRING!
str_empty_string| 
str_yes|是 
str_no|否 
str_blank_string| 
str_noone|无 人 
str_s50_and_s51|{s50}和 {s51}
str_s52_and_s51|{s52}和 {s51}
str_s5_s_party|{s5}的 部 队 
str_given_by_s1_at_s2|{s2}的 {s1}给 予 
str_given_by_s1_in_wilderness|野 外 的 {s1}给 予 
str_s7_raiders|{s7}掠 夺 者 
str_bandits_eliminated_by_another|难 对 付 的 强 盗 被 别 的 队 伍 消 灭 了 。 
str_msg_battle_won|战 斗 胜 利 ！ 按 TAB 键 离 开 ……
str_tutorial_map1|你 现 在 是 在 地 图 模 式 中 。 在 地 图 上 按 左 键 可 以 旅 行 /进 入 镇 子 /或 与 其 他 队 伍 遭 遇 。 如 果 你 的 队 伍 停 止 不 动 ， 时 间 不 会 流 逝 。 如 果 你 想 在 某 处 等 待 ， 按 住 空 格 键 一 直 不 动 ( 再 按 住 Ctrl 键 可 以 使 时 间 加 速 流 逝 ) 。 
str_randomize|随 机 
str_charge|填 充 
str_color|颜 色 
str_flip_horizontal|水 平 翻 转 
str_flip_vertical|垂 直 翻 转 
str_hold_fire|停 止 射 击 
str_blunt_hold_fire|钝 器 /停 止 射 击 
str_tutorial_ammo_refilled|填 满 弹 药 。 
str_tutorial_failed|你 失 败 了 。 不 过 不 要 紧 。 小 心 地 跟 着 提 示 去 做 ， 你 就 能 在 下 一 次 完 成 得 更 好 。 现 在 请 按 “ Tab” 键 来 回 到 选 单 ， 并 重 新 开 始 教 程 。 
str_finished|( 完 成 )
str_delivered_damage|施 加 了 {reg60}点 伤 害 。 
str_archery_target_hit|距 离 ， {reg61}码 。 得 分 ， {reg60}
str_use_baggage_for_inventory|在 战 斗 中 你 的 行 李 在 你 开 始 的 地 方 。 通 过 行 李 打 开 你 的 物 品 栏 。 
str_cant_use_inventory_now|不 能 在 这 里 打 开 物 品 栏 。 
str_cant_use_inventory_arena|不 能 在 这 里 打 开 物 品 栏 。 
str_cant_use_inventory_disguised|不 能 在 伪 装 时 打 开 物 品 栏 。 
str_cant_use_inventory_tutorial|在 训 练 营 不 能 打 开 物 品 栏 。 
str_1_denar|1 文 钱 
str_reg1_denars|{reg1}文 钱 
str_january_reg1_reg2|{reg2}年 1 月 {reg1}日 
str_february_reg1_reg2|{reg2}年 2 月 {reg1}日 
str_march_reg1_reg2|{reg2}年 3 月 {reg1}日 
str_april_reg1_reg2|{reg2}年 4 月 {reg1}日 
str_may_reg1_reg2|{reg2}年 5 月 {reg1}日 
str_june_reg1_reg2|{reg2}年 6 月 {reg1}日 
str_july_reg1_reg2|{reg2}年 7 月 {reg1}日 
str_august_reg1_reg2|{reg2}年 8 月 {reg1}日 
str_september_reg1_reg2|{reg2}年 9 月 {reg1}日 
str_october_reg1_reg2|{reg2}年 10 月 {reg1}日 
str_november_reg1_reg2|{reg2}年 11 月 {reg1}日 
str_december_reg1_reg2|{reg2}年 12 月 {reg1}日 
str_town_nighttime|现 在 是 深 夜 ， 街 上 冷 清 清 的 。 
str_door_locked|门 锁 上 了 。 
str_castle_is_abondened|城 砦 里 似 乎 没 人 。 
str_town_is_abondened|城 中 无 人 驻 防 。 
str_place_is_occupied_by_player|这 里 被 你 自 己 的 部 队 把 守 着 。 
str_place_is_occupied_by_enemy|这 里 被 敌 人 把 守 着 。 
str_place_is_occupied_by_friendly|这 里 被 友 军 把 守 着 。 
str_do_you_want_to_retreat|你 确 定 要 撤 退 吗 ？ 
str_give_up_fight|放 弃 战 斗 ？ 
str_do_you_wish_to_leave_tutorial|你 想 要 离 开 教 程 吗 ？ 
str_do_you_wish_to_surrender|你 想 投 降 吗 ？ 
str_can_not_retreat|不 能 撤 退 ！ 附 近 有 敌 人 。 
str_s1_joined_battle_enemy|敌 方 {s1}加 入 战 斗 。 
str_s1_joined_battle_friend|我 方 {s1}加 入 战 斗 。 
str_entrance_to_town_forbidden|这 里 的 守 卫 正 在 搜 寻 敌 人 ， 你 没 法 轻 易 从 大 门 溜 进 去 。 
str_sneaking_to_town_impossible|这 里 的 守 卫 警 惕 性 很 高 ， 不 管 你 怎 么 伪 装 都 没 法 溜 进 去 。 
str_battle_won|你 赢 得 了 这 场 合 战 ！ 
str_battle_lost|你 输 掉 了 这 场 合 战 ！ 
str_attack_walls_success|在 一 阵 浴 血 战 斗 之 后 ， 你 士 兵 奋 勇 攻 下 了 城 头 。 
str_attack_walls_failure|你 的 守 城 士 兵 在 一 波 又 一 波 的 攻 击 中 坚 持 到 了 最 后 一 个 人 。 
str_attack_walls_continue|浴 血 的 战 斗 展 现 了 双 方 的 英 勇 。 尽 管 你 的 战 士 很 努 力 ， 城 堡 上 还 是 飘 着 敌 人 的 旗 子 。 
str_order_attack_success|你 的 士 兵 奋 勇 击 退 了 敌 人 。 
str_order_attack_failure|你 看 着 敌 人 砍 翻 了 你 最 后 一 个 战 士 。 
str_order_attack_continue|你 的 士 兵 与 敌 人 遭 遇 ， 却 无 法 将 他 们 击 退 。 
str_join_order_attack_success|你 的 士 兵 和 你 的 盟 军 合 力 打 败 了 敌 人 。 
str_join_order_attack_failure|你 看 着 敌 人 砍 翻 了 你 最 后 一 个 战 士 。 
str_join_order_attack_continue|你 的 士 兵 和 盟 友 一 起 与 敌 厮 杀 ， 却 无 法 将 他 们 杀 光 。 
str_siege_defender_order_attack_success|防 守 方 奋 勇 杀 敌 ， 击 败 了 敌 人 。 
str_siege_defender_order_attack_failure|你 绝 望 的 看 着 围 攻 的 敌 人 杀 死 了 最 后 的 一 个 抵 抗 者 。 
str_siege_defender_order_attack_continue|防 守 方 迎 击 敌 人 ， 但 最 终 还 是 败 下 阵 来 。 
str_hero_taken_prisoner|{s3}的 {s1}被 {s2}俘 虏 。 
str_hero_freed|{s3}的 {s1}被 {s2}成 功 解 救 。 
str_center_captured|{s2}从 {s3}那 里 夺 取 了 {s1}。 
str_troop_relation_increased|你 与 {s1}的 关 系 从 {reg1}提 升 到 {reg2}。 
str_troop_relation_detoriated|你 与 {s1}的 关 系 从 {reg1}恶 化 为 {reg2}。 
str_faction_relation_increased|你 与 {s1}的 关 系 从 {reg1}提 升 到 {reg2}。 
str_faction_relation_detoriated|你 与 {s1}的 关 系 从 {reg1}恶 化 为 {reg2}。 
str_party_gained_morale|部 队 的 士 气 加 {reg1}。 
str_party_lost_morale|部 队 的 士 气 减 {reg1}。 
str_other_party_gained_morale|{s1}获 得 {reg1}士 气 。 
str_other_party_lost_morale|{s1}失 去 {reg1}士 气 。 
str_qst_follow_spy_noticed_you|那 个 忍 者 觉 察 到 你 了 ， 他 准 备 开 溜 了 ！ 
str_father|父 亲 
str_husband|丈 夫 
str_wife|正 室 
str_daughter|女 儿 
str_mother|母 亲 
str_son|儿 子 
str_brother|兄 弟 
str_sister|姐 妹 
str_he|他 
str_she|她 
str_s3s_s2|{s3}的 {s2}
str_s5_is_s51|{s5}是 {s51}。 
str_s5_is_the_ruler_of_s51|{s5}是 {s51}的 城 主 。 
str_s5_is_a_nobleman_of_s6|{s5}是 {s6}的 家 臣 。 
str_relation_mnus_100|势 同 水 火 的 
str_relation_mnus_90|势 同 水 火 的 
str_relation_mnus_80|势 同 水 火 的 
str_relation_mnus_70|充 满 敌 意 的 
str_relation_mnus_60|充 满 敌 意 的 
str_relation_mnus_50|狠 狠 地 盯 着 你 的 
str_relation_mnus_40|非 常 讨 厌 你 的 
str_relation_mnus_30|开 始 厌 恶 你 的 
str_relation_mnus_20|警 惕 地 看 着 你 的 
str_relation_mnus_10|意 味 深 长 地 看 着 你 的 
str_relation_plus_0|面 无 表 情 的 看 着 你 的 
str_relation_plus_10|开 始 接 受 你 的 
str_relation_plus_20|友 善 地 看 着 你 的 
str_relation_plus_30|亲 切 地 看 着 你 的 
str_relation_plus_40|热 切 地 望 着 你 的 
str_relation_plus_50|对 你 交 口 称 赞 的 
str_relation_plus_60|非 常 支 持 你 
str_relation_plus_70|非 常 尊 敬 你 
str_relation_plus_80|为 你 欢 呼 
str_relation_plus_90|对 你 忠 心 耿 耿 
str_relation_mnus_100_ns|{s60}与 你 势 同 水 火 。 
str_relation_mnus_90_ns|{s60}与 你 势 同 水 火 。 
str_relation_mnus_80_ns|{s60}与 你 势 同 水 火 。 
str_relation_mnus_70_ns|{s60}对 你 充 满 敌 意 。 
str_relation_mnus_60_ns|{s60}对 你 充 满 敌 意 。 
str_relation_mnus_50_ns|{s60}狠 狠 地 盯 着 你 。 
str_relation_mnus_40_ns|{s60}非 常 讨 厌 你 。 
str_relation_mnus_30_ns|{s60}开 始 厌 恶 你 。 
str_relation_mnus_20_ns|{s60}警 惕 地 看 着 你 。 
str_relation_mnus_10_ns|{s60}意 味 深 长 地 看 着 你 。 
str_relation_plus_0_ns|{s60}面 无 表 情 的 看 着 你 。 
str_relation_plus_10_ns|{s60}开 始 接 受 你 。 
str_relation_plus_20_ns|{s60}友 善 地 看 着 你 。 
str_relation_plus_30_ns|{s60}亲 切 地 看 着 你 。 
str_relation_plus_40_ns|{s60}热 切 地 望 着 你 。 
str_relation_plus_50_ns|{s60}友 好 地 望 着 你 。 
str_relation_plus_60_ns|{s60}非 常 支 持 你 。 
str_relation_plus_70_ns|{s60}非 常 尊 敬 你 。 
str_relation_plus_80_ns|{s60}为 你 欢 呼 。 
str_relation_plus_90_ns|{s60}对 你 忠 心 耿 耿 。 
str_relation_reg1|关 系 ， {reg1}
str_center_relation_mnus_100|当 地 居 民 与 你 势 同 水 火 
str_center_relation_mnus_90|当 地 居 民 对 你 恨 之 入 骨 
str_center_relation_mnus_80|当 地 居 民 对 你 怒 视 
str_center_relation_mnus_70|当 地 居 民 对 你 充 满 敌 意 
str_center_relation_mnus_60|当 地 居 民 非 常 憎 恨 你 
str_center_relation_mnus_50|当 地 居 民 狠 狠 地 盯 着 你 
str_center_relation_mnus_40|当 地 居 民 非 常 讨 厌 你 
str_center_relation_mnus_30|当 地 居 民 开 始 厌 恶 你 
str_center_relation_mnus_20|当 地 居 民 警 惕 地 看 着 你 
str_center_relation_mnus_10|当 地 居 民 意 味 深 长 地 看 着 你 
str_center_relation_plus_0|当 地 居 民 面 无 表 情 的 看 着 你 
str_center_relation_plus_10|当 地 居 民 开 始 接 受 你 
str_center_relation_plus_20|当 地 居 民 友 善 地 看 着 你 
str_center_relation_plus_30|当 地 居 民 亲 切 地 看 着 你 
str_center_relation_plus_40|当 地 居 民 热 切 地 望 着 你 
str_center_relation_plus_50|当 地 居 民 对 你 交 口 称 赞 
str_center_relation_plus_60|当 地 居 民 非 常 支 持 你 
str_center_relation_plus_70|当 地 居 民 非 常 尊 敬 你 
str_center_relation_plus_80|当 地 居 民 为 你 欢 呼 
str_center_relation_plus_90|当 地 居 民 对 你 忠 心 耿 耿 
str_town_prosperity_0|{s60}镇 的 贫 穷 到 了 不 可 忍 受 的 地 步 。 
str_town_prosperity_10|{s60}镇 看 起 来 相 当 贫 穷 且 凄 凉 。 
str_town_prosperity_20|{s60}镇 看 起 来 非 常 贫 穷 且 荒 芜 。 
str_town_prosperity_30|{s60}镇 看 起 来 很 贫 穷 且 被 忽 视 。 
str_town_prosperity_40|{s60}镇 看 起 来 有 点 贫 穷 且 在 奋 斗 中 。 
str_town_prosperity_50|{s60}镇 似 乎 很 不 起 眼 。 
str_town_prosperity_60|{s60}镇 似 乎 很 繁 荣 。 
str_town_prosperity_70|{s60}镇 似 乎 非 常 有 活 力 。 
str_town_prosperity_80|{s60}镇 看 起 来 很 富 有 而 且 很 气 派 。 
str_town_prosperity_90|{s60}镇 看 起 来 非 常 富 有 而 且 物 质 丰 富 。 
str_town_prosperity_100|{s60}镇 看 起 来 极 其 富 有 而 且 富 丽 堂 皇 。 
str_village_prosperity_0|{s60}村 的 贫 穷 到 了 不 可 忍 受 的 地 步 。 
str_village_prosperity_10|{s60}村 看 起 来 相 当 贫 穷 且 凄 凉 。 
str_village_prosperity_20|{s60}村 看 起 来 非 常 贫 穷 且 荒 芜 。 
str_village_prosperity_30|{s60}村 看 起 来 很 贫 穷 且 被 忽 视 。 
str_village_prosperity_40|{s60}村 看 起 来 有 点 贫 穷 且 在 奋 斗 中 。 
str_village_prosperity_50|{s60}村 似 乎 很 不 起 眼 。 
str_village_prosperity_60|{s60}村 似 乎 很 繁 荣 。 
str_village_prosperity_70|{s60}村 似 乎 非 常 有 活 力 。 
str_village_prosperity_80|{s60}村 看 起 来 很 富 有 而 且 很 气 派 。 
str_village_prosperity_90|{s60}村 看 起 来 非 常 富 有 而 且 物 质 丰 富 。 
str_village_prosperity_100|{s60}村 看 起 来 极 其 富 有 而 且 物 质 丰 富 。 
str_town_alt_prosperity_0|在 市 场 出 售 的 那 很 少 几 样 东 西 似 乎 可 以 在 这 些 山 区 居 民 以 外 的 地 方 卖 个 好 价 钱 。 这 些 人 营 养 不 良 ， 他 们 的 牲 口 也 病 歪 歪 的 像 要 死 了 一 样 ， 而 且 他 们 交 易 的 工 具 也 都 破 破 烂 烂 的 。 那 些 穷 街 陋 巷 都 遗 弃 给 了 成 堆 的 苍 蝇 和 成 群 的 狗 。 
str_town_alt_prosperity_20|你 听 到 人 们 在 抱 怨 市 场 里 日 用 品 的 价 格 而 且 半 数 东 西 都 缺 货 。 你 看 到 人 和 动 物 们 都 是 营 养 不 良 的 样 子 ， 房 子 和 工 具 都 短 缺 而 且 需 要 修 补 。 可 能 许 多 人 都 迁 到 别 的 地 方 去 找 份 工 作 去 了 。 
str_town_alt_prosperity_40|你 听 到 不 时 有 人 抱 怨 市 场 里 日 用 品 的 价 格 ， 不 过 似 乎 还 算 有 合 理 数 量 的 商 品 在 出 售 。 你 偶 然 看 到 有 遗 弃 的 房 子 ， 商 店 ， 或 者 手 推 车 ， 但 还 算 正 常 。 
str_town_alt_prosperity_60|人 们 看 上 去 营 养 良 好 ， 而 且 对 生 活 比 较 满 足 。 工 匠 们 的 生 意 红 火 ， 还 有 一 些 移 民 从 别 的 地 方 来 这 里 ， 似 乎 是 想 试 试 运 气 的 。 
str_town_alt_prosperity_80|城 墙 ， 街 道 ， 和 住 宅 都 保 养 的 很 好 。 市 场 里 聚 集 着 被 这 里 的 商 品 和 工 作 吸 引 的 附 近 地 区 的 移 民 。 锤 打 声 和 织 布 机 声 此 起 彼 伏 ， 工 匠 们 的 作 坊 里 生 意 热 火 朝 天 。 
str_village_alt_prosperity_0|只 有 一 部 分 人 能 够 有 力 气 下 地 干 活 ， 许 多 田 地 因 此 荒 芜 。 剩 下 的 人 大 多 面 黄 肌 瘦 ， 不 堪 劳 作 ， 或 者 已 经 离 乡 乞 讨 去 了 。 牲 口 们 要 么 已 经 很 久 没 有 喂 过 了 ， 要 么 干 脆 被 吃 掉 了 ， 其 中 的 一 些 残 骸 还 被 丢 在 外 面 的 地 上 ， 它 们 的 骨 头 被 野 兽 竞 相 啃 食 。 
str_village_alt_prosperity_20|有 一 些 人 和 牲 口 在 地 里 干 活 ， 但 是 他 们 数 量 有 限 ， 这 使 得 一 部 分 村 民 不 得 不 背 井 离 乡 ， 另 谋 生 路 。 农 具 大 都 残 破 不 堪 。 一 部 分 边 缘 的 田 地 看 上 去 就 要 被 灌 木 和 杂 草 重 新 占 领 了 。 
str_village_alt_prosperity_40|田 地 和 果 园 里 都 是 一 片 繁 忙 的 景 象 ， 村 民 们 都 按 着 时 节 忙 碌 手 头 的 活 计 。 不 管 是 人 还 是 牲 口 ， 看 上 去 都 健 康 强 壮 。 不 过 ， 还 是 有 一 部 分 田 地 被 抛 荒 了 ， 还 有 一 部 分 围 墙 看 上 去 急 需 修 葺 ， 看 来 这 个 村 子 的 人 手 还 不 是 很 宽 裕 。 
str_village_alt_prosperity_60|田 地 和 果 园 里 都 充 满 了 活 力 ， 随 处 可 见 的 小 麦 口 袋 和 风 干 肉 是 这 个 村 子 农 田 和 牧 园 生 产 能 力 的 最 好 证 明 。 
str_village_alt_prosperity_80|田 地 和 果 园 里 都 充 满 了 活 力 ， 看 上 去 还 很 新 的 水 渠 说 明 这 个 村 子 的 农 民 在 耕 种 之 外 ， 还 有 足 够 的 经 历 和 时 间 来 干 这 些 活 计 。 打 短 工 的 人 聚 集 在 此 ， 帮 忙 干 活 ， 让 村 子 日 益 兴 旺 。 
str_oasis_village_alt_prosperity_0|那 片 棕 榈 树 林 几 乎 被 遗 弃 了 ， 那 些 灌 溉 它 的 水 渠 也 都 被 淤 泥 堵 塞 住 了 。 你 所 见 到 的 那 些 村 民 都 面 黄 肌 瘦 ， 劳 作 不 休 。 牲 口 们 要 么 已 经 很 久 没 有 喂 过 了 ， 要 么 干 脆 被 吃 掉 了 ， 其 中 的 一 些 残 骸 还 被 丢 在 外 面 的 地 上 ， 它 们 的 骨 头 被 沙 漠 里 的 野 兽 竞 相 啃 食 。 
str_oasis_village_alt_prosperity_20|没 有 村 民 可 以 去 照 料 那 片 棕 榈 树 林 ， 在 有 些 地 方 ， 沙 漠 已 经 侵 入 了 园 地 。 许 多 水 渠 都 已 经 被 淤 泥 堵 塞 住 了 ， 水 井 和 储 水 池 都 灌 满 了 沙 子 。 
str_oasis_village_alt_prosperity_40|人 们 都 在 忙 着 照 料 那 片 棕 榈 树 林 ， 爬 上 树 顶 摘 取 果 实 。 健 壮 的 牲 口 拖 着 唧 筒 和 运 水 的 小 车 向 地 里 走 去 。 不 过 ， 有 些 水 渠 和 储 水 池 需 要 进 行 一 些 维 护 了 。 
str_oasis_village_alt_prosperity_60|棕 榈 树 林 和 果 园 里 都 充 满 了 活 力 。 农 民 们 在 树 顶 上 快 乐 的 对 着 彼 此 呼 喊 ， 为 椰 枣 授 粉 。 木 质 唧 筒 的 吱 嘎 声 ， 牲 口 的 叫 声 ， 在 村 民 精 心 维 护 下 的 纵 横 水 渠 让 村 子 显 得 欣 欣 向 荣 。 
str_oasis_village_alt_prosperity_80|棕 榈 树 林 里 充 满 了 活 力 ， 农 民 们 正 在 把 丰 收 的 椰 枣 装 起 来 ， 运 到 市 场 上 去 卖 。 人 们 都 忙 着 挖 掘 新 的 井 和 水 渠 ， 以 开 发 更 多 可 供 灌 溉 的 田 地 。 
str_acres_grain|成 片 的 耕 地 
str_acres_orchard|成 片 的 果 园 和 葡 萄 园 
str_acres_oasis|大 片 灌 溉 良 好 的 田 地 
str_looms|织 布 机 
str_boats|小 船 
str_head_cattle|牛 头 
str_head_sheep|羊 头 
str_mills|磨 房 
str_kilns|烧 窑 
str_pans|平 底 锅 
str_deposits|押 金 
str_hives|蜂 房 
str_breweries|酿 酒 厂 
str_presses|印 刷 机 
str_smithies|铁 匠 铺 
str_caravans|陆 地 商 队 
str_traps|行 李 
str_gardens|小 花 园 
str_tanneries|制 革 桶 
str_master_miller|高 级 磨 坊 工 
str_master_brewer|高 级 酿 酒 工 
str_master_presser|高 级 熨 衣 工 
str_master_smith|高 级 铁 匠 
str_master_tanner|高 级 皮 革 匠 
str_master_weaver|高 级 织 工 
str_master_dyer|高 级 染 匠 
str_war_report_minus_4|我 们 几 乎 要 输 掉 这 场 战 争 了 
str_war_report_minus_3|现 在 的 形 势 看 起 来 有 些 严 峻 
str_war_report_minus_2|战 事 进 展 得 不 太 顺 利 
str_war_report_minus_1|如 果 我 们 能 振 作 起 来 ， 我 们 还 是 可 以 赢 得 这 场 战 争 的 
str_war_report_0|我 们 与 敌 人 势 均 力 敌 
str_war_report_plus_1|我 们 有 一 定 机 会 赢 得 这 场 战 争 
str_war_report_plus_2|战 事 进 展 得 非 常 顺 利 
str_war_report_plus_3|打 败 他 们 完 全 不 成 问 题 
str_war_report_plus_4|我 们 几 乎 要 赢 得 这 场 战 争 了 
str_persuasion_summary_very_bad|你 尽 最 大 努 力 去 说 服 {s50}， 但 是 你 没 有 一 个 论 证 是 正 确 的 。 每 次 你 开 始 想 使 表 达 的 东 西 变 得 有 意 义 ， 但 是 你 说 的 东 西 似 乎 都 是 彻 底 错 误 的 ， 以 至 于 使 你 自 己 的 思 路 都 断 了 。 当 你 结 束 交 涉 的 时 候 ， 你 都 没 能 把 你 认 同 的 某 一 个 观 点 表 达 清 楚 ， 而 且 你 意 识 到 你 所 做 的 一 切 是 在 把 自 己 推 进 一 个 越 挖 越 深 的 大 坑 里 。 毫 不 奇 怪 ， {s50}完 全 不 为 你 动 。 
str_persuasion_summary_bad|你 试 着 说 服 {s50}， 但 是 {reg51?她 :他 }从 最 开 始 起 就 提 防 着 你 。 你 再 好 的 辩 论 对 于 你 自 己 的 耳 朵 而 言 也 还 是 那 么 空 洞 。 {s50}同 样 也 没 能 从 你 说 的 东 西 看 出 什 么 高 见 。 
str_persuasion_summary_average|{s50}被 证 实 是 一 个 有 着 尖 锐 思 想 且 很 能 辩 论 的 人 ， 你 基 本 就 没 有 办 法 使 {reg51?她 :他 }反 过 来 接 受 你 的 任 何 观 点 。 最 终 ， 在 这 场 辩 论 中 ， 你 们 两 人 都 没 能 使 对 方 偏 向 各 自 的 立 场 。 
str_persuasion_summary_good|凭 借 敏 捷 的 思 维 和 流 畅 的 辩 论 ， 你 设 法 把 你 的 观 点 论 证 得 很 好 ， 迫 使 {s50}认 同 你 的 一 些 观 点 。 然 而 {reg51?她 :他 }仍 然 对 你 的 要 求 表 示 怀 疑 。 
str_persuasion_summary_very_good|你 富 有 激 情 的 演 讲 像 诗 歌 一 样 在 听 众 耳 朵 里 回 想 。 整 个 世 界 似 乎 都 安 静 下 来 以 便 更 清 楚 地 听 你 演 讲 。 这 些 激 励 人 心 的 话 语 把 {s50}深 深 打 动 了 ， {reg51?她 :他 }看 起 来 非 常 乐 意 帮 助 你 。 
str_secret_sign_1|大 衣 柜 在 午 夜 的 时 候 跳 起 舞 来 ……
str_secret_sign_2|我 正 在 卖 这 些 舶 来 物 。 你 想 买 一 条 吗 ？ 
str_secret_sign_3|我 的 一 个 朋 友 的 朋 友 送 我 ……
str_secret_sign_4|风 猛 烈 里 从 东 面 吹 来 ， 这 条 河 的 水 变 红 了 ……
str_countersign_1|但 是 他 是 为 梳 妆 台 或 者 烛 台 而 跳 的 吗 ？ 
str_countersign_2|是 的 ， 我 想 买 一 条 ， 你 有 蓝 色 的 吗 ？ 
str_countersign_3|但 是 ， 我 的 朋 友 ， 你 朋 友 的 朋 友 没 有 一 个 朋 友 会 是 像 我 这 样 的 。 
str_countersign_4|你 生 病 了 吗 ？ 
str_name_1|文 郎 
str_name_2|文 雄 
str_name_3|文 一 
str_name_4|枭 
str_name_5|花 猪 
str_name_6|一 户 
str_name_7|犬 松 
str_name_8|贵 
str_name_9|高 明 
str_name_10|大 陆 
str_name_11|日 吉 
str_name_12|胜 之 丸 
str_name_13|里 草 
str_name_14|藤 平 
str_name_15|干 志 
str_name_16|素 史 
str_name_17|元 美 
str_name_18|保 仁 
str_name_19|风 太 郎 
str_name_20|崇 大 
str_name_21|八 吉 
str_name_22|聪 太 
str_name_23|苍 太 
str_name_24|庆 木 
str_name_25|红 叶 
str_surname_1|河 内 的 {s50}
str_surname_2|常 陆 的 {s50}
str_surname_3|下 总 的 {s50}
str_surname_4|若 狭 的 {s50}
str_surname_5|丹 后 的 {s50}
str_surname_6|阿 波 的 {s50}
str_surname_7|丹 波 的 {s50}
str_surname_8|播 磨 的 {s50}
str_surname_9|丰 后 的 {s50}
str_surname_10|丰 前 的 {s50}
str_surname_11|壹 岐 的 {s50}
str_surname_12|对 马 的 {s50}
str_surname_13|佐 渡 的 {s50}
str_surname_14|肥 后 的 {s50}
str_surname_15|肥 前 的 {s50}
str_surname_16|筑 后 的 {s50}
str_surname_17|筑 前 的 {s50}
str_surname_18|日 向 的 {s50}
str_surname_19|大 隅 的 {s50}
str_surname_20|萨 摩 的 {s50}
str_surname_21|纪 伊 的 {s50}
str_surname_22|伊 予 的 {s50}
str_surname_23|土 佐 的 {s50}
str_surname_24|赞 岐 的 {s50}
str_surname_25|播 磨 的 {s50}
str_surname_26|美 作 的 {s50}
str_surname_27|备 前 的 {s50}
str_surname_28|备 中 的 {s50}
str_surname_29|备 后 的 {s50}
str_surname_30|安 艺 的 {s50}
str_surname_31|周 防 的 {s50}
str_surname_32|长 门 的 {s50}
str_surname_33|伯 耆 的 {s50}
str_surname_34|石 见 的 {s50}
str_surname_35|出 云 的 {s50}
str_surname_36|因 幡 的 {s50}
str_surname_37|飞 驒 的 {s50}
str_surname_38|美 浓 的 {s50}
str_surname_39|信 浓 的 {s50}
str_surname_40|上 野 的 {s50}
str_surname_41|陆 奥 的 {s50}
str_surnames_end|surnames end
str_number_of_troops_killed_reg1|杀 敌 数 ， {reg1}
str_number_of_troops_wounded_reg1|伤 敌 数 ， {reg1}
str_number_of_own_troops_killed_reg1|我 方 阵 亡 ， {reg1}
str_number_of_own_troops_wounded_reg1|我 方 受 伤 ， {reg1}
str_retreat|撤 退 ！ 
str_siege_continues|继 续 战 斗 ……
str_casualty_display|我 方 伤 亡 ， {s10}^ 敌 方 伤 亡 ， {s11}^{s12}
str_casualty_display_hp|你 受 到 {reg1}点 伤 害 。 
str_quest_log_updated|任 务 日 志 更 新 ……
str_banner_selection_text|你 被 授 予 携 带 旗 帜 的 权 利 。 旗 帜 是 身 份 与 荣 耀 的 象 征 。 你 想 选 择 哪 种 旗 帜 ？ 
str_retirement_text_1|当 你 意 识 到 你 将 入 不 敷 出 的 时 候 已 经 晚 了 。 即 使 精 打 细 算 你 也 很 快 花 光 了 身 上 所 有 的 钱 ， 而 你 在 窘 困 中 进 行 了 几 次 令 人 绝 望 的 努 力 企 图 重 新 开 始 自 己 的 冒 险 。 最 后 你 在 {s9}城 里 当 了 个 乞 丐 ， 靠 接 济 和 教 堂 的 施 舍 过 活 。 
str_retirement_text_2|当 你 意 识 到 你 将 入 不 敷 出 的 时 候 已 经 晚 了 。 即 使 精 打 细 算 你 也 很 快 花 光 了 身 上 所 有 的 钱 。 当 你 的 钱 很 快 地 在 你 的 手 中 消 失 你 被 迫 开 始 了 在 {s9}城 的 后 街 小 巷 里 的 犯 罪 生 涯 ， 用 你 的 那 点 能 耐 靠 打 劫 妇 女 以 及 贫 穷 的 市 民 勉 强 维 持 生 活 。 
str_retirement_text_3|当 你 意 识 到 你 将 入 不 敷 出 的 时 候 已 经 晚 了 。 即 使 精 打 细 算 你 也 很 快 花 光 了 身 上 所 有 的 钱 ， 最 后 作 为 一 个 身 无 分 文 的 流 浪 者 ， 从 一 个 酒 馆 漂 流 到 另 一 个 酒 馆 ， 靠 讲 些 没 人 相 信 的 战 争 故 事 来 讨 口 酒 喝 。 
str_retirement_text_4|你 存 下 来 的 钱 并 不 能 维 持 多 久 ， 但 是 你 想 办 法 凑 了 足 够 的 钱 在 {s7}村 庄 的 附 近 买 了 一 小 片 地 。 当 上 了 自 由 农 。 很 快 你 就 吸 引 了 未 来 的 {妻 子 /丈 夫 }。 现 在 你 就 成 了 当 地 的 英 雄 。 你 时 常 在 茶 会 上 得 到 人 们 的 尊 重 ， 而 你 的 冒 险 经 历 在 酒 馆 和 客 栈 一 遍 又 一 遍 地 被 人 们 口 口 相 传 ， 所 以 孩 子 们 将 永 远 记 得 你 的 事 迹 。 
str_retirement_text_5|你 存 下 来 的 钱 并 不 能 维 持 多 久 ， 不 过 还 是 够 用 来 在 {s9}城 买 个 小 酒 馆 。 尽 管 当 地 人 一 开 始 对 你 有 所 提 防 ， 他 们 很 快 就 接 受 容 纳 了 你 。 现 在 你 让 酒 馆 成 了 一 个 受 欢 迎 的 茶 会 和 见 面 场 所 。 人 们 从 数 英 里 以 外 赶 来 吃 饭 和 留 宿 ， 因 为 他 们 都 被 你 绝 对 的 声 望 和 你 所 说 的 那 些 冒 险 岁 月 里 眼 花 缭 乱 的 故 事 迷 住 了 。 
str_retirement_text_6|你 在 你 的 冒 险 生 涯 中 精 明 地 存 下 钱 来 ， 而 现 在 你 的 银 子 和 你 的 聪 明 才 智 让 你 进 行 了 一 些 极 好 的 投 资 来 巩 固 你 的 未 来 。 收 购 了 {s9}城 的 几 个 铺 子 和 仓 库 之 后 ， 你 的 机 智 让 你 成 为 城 里 最 为 卓 越 的 商 人 之 一 ， 并 且 你 很 快 成 为 一 个 富 有 的 {人 /人 }， 你 的 贸 易 帝 国 就 像 你 的 战 争 事 迹 一 样 闻 名 。 
str_retirement_text_7|作 为 一 个 有 封 地 的 贵 族 ， 不 管 封 地 有 多 小 ， 你 的 未 来 也 差 不 多 可 以 确 定 了 。 你 迁 入 了 你 的 领 地 {s7}， 主 宰 着 村 庄 和 农 田 ， 支 配 着 地 方 法 院 并 且 向 你 的 君 主 履 行 着 你 的 义 务 。 有 时 候 你 的 君 主 召 集 你 并 且 在 他 的 战 役 中 听 命 ， 但 是 这 些 日 常 工 作 还 是 简 单 的 ， 而 你 再 也 没 有 真 正 回 到 你 年 轻 时 候 的 冒 险 经 历 。 你 已 经 置 下 大 笔 财 富 。 因 为 拥 有 自 己 的 领 主 大 厅 和 领 地 ， 除 了 你 健 康 的 体 魄 和 自 己 的 领 地 所 能 给 予 给 你 的 以 外 ， 你 也 没 有 别 的 奢 求 了 。 
str_retirement_text_8|毫 无 疑 问 ， 你 为 你 自 己 做 的 非 常 好 。 你 广 阔 的 领 地 和 积 累 的 财 富 足 够 保 证 你 在 余 下 的 日 子 里 过 着 富 足 而 省 心 的 生 活 。 退 休 在 你 的 封 地 {s8}， 你 改 变 你 的 冒 险 生 涯 而 转 向 政 治 ， 很 快 你 就 在 你 君 主 的 王 国 里 面 建 立 了 自 己 相 当 可 观 的 权 威 。 随 着 自 己 的 兴 趣 爱 好 忙 碌 ， 在 自 己 的 林 地 里 打 猎 ， 在 领 主 大 厅 里 大 摆 宴 席 ， 以 及 吹 嘘 着 上 百 个 耐 听 的 战 争 事 迹 ， 你 无 忧 无 虑 地 让 剩 余 的 每 一 年 都 过 的 有 滋 有 味 。 
str_retirement_text_9|作 为 你 得 力 和 忠 心 服 务 的 回 报 ， 你 的 君 主 宣 布 你 被 授 予 一 个 世 袭 的 头 衔 ， 加 入 了 士 族 最 显 赫 的 贵 族 圈 。 很 快 你 完 成 了 作 为 {s7}男 爵 的 授 勋 仪 式 ， 并 且 你 成 为 了 你 君 主 的 近 臣 和 副 手 之 一 。 你 蕴 藏 的 声 望 给 予 了 你 很 多 无 形 的 影 响 力 进 而 成 为 你 公 开 的 政 治 能 力 。 现 在 你 在 权 力 游 戏 之 中 消 磨 时 光 ， 管 理 着 你 巨 大 的 封 地 ， 并 且 叙 述 着 当 年 的 冒 险 与 光 荣 。 
str_retirement_text_10|尽 管 你 出 身 卑 微 ， 你 的 君 主 却 对 你 尊 重 有 加 ， 当 他 赐 予 你 {s9}城 的 {伯 爵 /女 伯 爵 }世 袭 头 衔 的 时 候 在 当 地 士 族 中 引 起 了 轩 然 大 波 。 巨 大 的 封 地 和 财 富 现 在 供 你 支 配 。 你 很 快 成 为 了 你 的 君 主 最 信 任 的 谋 臣 ， 几 乎 和 他 平 起 平 坐 并 且 处 理 他 领 土 的 大 部 分 事 务 ， 而 且 作 为 日 本 最 有 权 势 的 角 色 你 在 你 那 光 彩 夺 目 的 宫 殿 里 安 放 了 一 个 与 之 相 配 的 王 座 。 
str_loot_village|攻 击 无 辜 的 村 民 
str_steal_from_villagers|偷 窃 贫 穷 村 民 的 东 西 
str_rob_caravan|抢 夺 商 队 
str_sell_slavery|买 卖 人 口 
str_men_hungry|部 队 缺 少 食 物 
str_men_unpaid|不 够 支 付 薪 水 给 部 队 
str_excessive_casualties|让 每 场 战 斗 在 我 方 来 说 只 是 用 敌 人 鲜 血 洗 澡 
str_surrender|投 降 
str_flee_battle|逃 跑 
str_pay_bandits|缴 过 路 费 
str_fail_quest|一 个 以 荣 誉 担 保 的 任 务 失 败 了 
str_squander_money|托 管 的 钱 被 浪 费 了 
str_murder_merchant|我 们 将 自 己 陷 于 冷 血 的 谋 杀 
str_round_up_serfs|代 表 贵 族 围 捕 奴 隶 
str_battle_fate_1|战 斗 最 激 烈 的 时 刻 我 们 分 散 了 
str_battle_fate_2|我 受 了 重 伤 ， 躺 着 等 死 
str_battle_fate_3|我 被 击 昏 了 
str_battle_fate_4|我 被 俘 虏 并 悬 出 赎 金 
str_battle_fate_5|我 被 俘 虏 ， 不 久 找 了 个 机 会 逃 跑 了 
str_npc_morale_report|我 {s6}你 选 择 的 同 伴 ， {s7}你 的 领 导 风 格 ， {s8}现 在 总 体 的 情 况 
str_happy|喜 欢 
str_content|满 足 于 
str_concerned|关 心 
str_not_happy|一 点 都 不 喜 欢 
str_miserable|特 别 害 怕 
str_morale_reg1|士 气 ， {reg1}
str_bar_enthusiastic|热 情 
str_bar_content|满 足 
str_bar_weary|厌 倦 
str_bar_disgruntled|不 满 
str_bar_miserable|害 怕 
str_here_plus_space|这 里 
str_npc1_intro|你 好 ， {先 生 /女 士 }  。 请 喝 一 杯 。 
str_npc2_intro|你 好 ， { 先 生 / 女 士 } 。 你 不 会 碰 巧 在 找 剑 术 教 练 吧 ？ 或 者 是 花 匠 ？ 
str_npc3_intro|上 午 好 ！ 
str_npc4_intro|你 好 ， 我 叫 权 之 助 ， 是 最 古 老 ， 最 受 敬 仰 的 神 道 梦 想 流 的 传 人 
str_npc5_intro|你 好 ， 朋 友 。 愿 意 跟 我 喝 杯 酒 吗 ？ 
str_npc6_intro|我 真 失 败 。 。 。 真 迷 茫 。 。 。 
str_npc7_intro|嗯 ， 怎 么 了 ？ 顺 便 说 下 ， 离 我 远 点 。 
str_npc8_intro|你 有 什 么 事 吗 ？ 
str_npc9_intro|嘿 ， 那 边 的 {帅 哥 /小 姐 } 。 能 否 赏 脸 买 杯 清 酒 给 我 。 
str_npc10_intro|嘿 ， 你 好 ， {老 兄 /大 姐 } ！ 为 所 有 铁 炮 的 巨 响 而 喝 彩 ， 为 所 有 武 士 的 灭 亡 而 干 杯 
str_npc11_intro|嘿 ， 旅 行 者 ， 你 不 会 碰 巧 在 找 人 替 你 跟 踪 谁 吧 ？ 
str_npc12_intro|你 好 ， 年 轻 人 ， 或 许 你 能 帮 到 我 。 
str_npc13_intro|你 好 ， 朋 友 。 我 是 照 代 。 你 肯 定 听 说 过 我 。 
str_npc14_intro|嗯 ？ 你 想 干 什 么 
str_npc15_intro|你 好 ， 朋 友 。 你 在 将 来 一 段 时 间 会 去 城 里 一 趟 么 ？ 
str_npc16_intro|你 好 。 从 你 的 样 子 来 看 ， 我 觉 得 你 会 在 不 久 之 后 参 加 某 种 战 斗 。 你 是 碰 巧 出 来 寻 找 什 么 帮 助 的 吗 ？ 
str_npc17_intro|你 想 干 什 么 ？ 
str_npc18_intro|你 好 ， 旅 行 者 ！ 你 来 自 那 个 国 家 ？ 
str_npc19_intro|你 好 
str_npc20_intro|内 边 的 ， 给 我 买 杯 酒 。 
str_npc21_intro|啊 ！ 你 知 道 在 这 个 鸟 不 拉 屎 的 国 家 哪 里 才 能 买 到 肉 吗 ？ 我 以 前 觉 得 西 班 牙 人 把 我 当 奴 隶 看 待 并 且 不 许 我 周 五 吃 肉 就 够 可 怕 了 ， 但 是 和 现 在 的 情 况 相 比 根 本 不 值 一 提 。 
str_npc22_intro|倭 人 ， 你 在 看 什 么 ？ 
str_npc23_intro|你 好 ， 尊 敬 的 {先 生 /女 士 }!
str_npc1_intro_response_1|这 是 因 为 什 么 ？ 
str_npc2_intro_response_1|你 怎 么 啦 ？ 
str_npc3_intro_response_1|你 好 ？ 。 。 。 
str_npc4_intro_response_1|嗯 ， 不 过 我 从 来 没 听 说 过 什 么 神 道 梦 想 流 
str_npc5_intro_response_1|这 是 当 然 。 跟 谁 一 起 喝 酒 更 有 感 觉 ？ 
str_npc6_intro_response_1|我 的 朋 友 ， 什 么 事 情 让 你 沮 丧 至 此 ？ 
str_npc7_intro_response_1|我 很 抱 歉 ， 我 只 是 想 说 你 只 是 运 气 差 了 点 。 
str_npc8_intro_response_1|仅 仅 是 为 消 磨 点 时 间 ， 兄 弟 ， 如 果 你 没 有 其 他 事 情 要 忙 的 话 。 
str_npc9_intro_response_1|也 许 吧 。 有 什 么 要 紧 事 ？ 
str_npc10_intro_response_1|为 什 么 你 那 样 说 ， 先 生 ？ 
str_npc11_intro_response_1|此 话 怎 讲 ？ 
str_npc12_intro_response_1|怎 么 了 ？ 
str_npc13_intro_response_1|嗯 。 。 。 我 不 这 么 想 。 
str_npc14_intro_response_1|如 果 你 想 和 年 轻 人 聊 聊 的 话 ， 我 可 以 陪 你 会 
str_npc15_intro_response_1|是 的 。 你 所 关 心 的 是 什 么 ， 我 可 以 问 问 吗 ？ 
str_npc16_intro_response_1|我 也 许 会 。 那 你 的 故 事 呢 ？ 
str_npc17_intro_response_1|冷 静 点 ， 我 只 是 想 和 你 聊 聊 
str_npc18_intro_response_1|什 么 ？ 我 是 土 生 土 长 的 日 本 人 
str_npc19_intro_response_1|你 好 
str_npc20_intro_response_1|怎 么 了 ？ 
str_npc21_intro_response_1|我 明 白 你 的 意 思 ， 兄 弟 
str_npc22_intro_response_1|倭 人 ？ 。 。 。 
str_npc23_intro_response_1|你 也 好 ， 先 生 ， 你 看 上 去 像 个 军 官 ？ 
str_npc1_intro_response_2|我 觉 得 不 合 适 。 
str_npc2_intro_response_2|我 还 有 些 更 重 要 的 事 情 要 做 。 
str_npc3_intro_response_2|趁 现 在 赶 紧 滚 ， 我 还 有 活 要 干 。 
str_npc4_intro_response_2|嗯 ？ 不 ， 谢 谢 。 我 们 什 么 都 不 需 要 。 
str_npc5_intro_response_2|我 还 有 些 更 重 要 的 事 情 要 做 。 
str_npc6_intro_response_2|毫 无 疑 问 。 好 运 将 接 连 而 至 。 
str_npc7_intro_response_2|好 吧 ， 我 再 也 不 会 麻 烦 你 了 。 
str_npc8_intro_response_2|没 事 ， 我 现 在 没 心 情 找 乐 子 。 祝 你 好 运 ！ 
str_npc9_intro_response_2|你 自 己 喝 去 吧 。 
str_npc10_intro_response_2|这 是 叛 国 者 的 言 辞 ， 我 不 想 再 听 到 这 些 。 滚 一 边 去 吧 ！ 
str_npc11_intro_response_2|后 退 一 步 ， 离 我 的 钱 包 远 点 
str_npc12_intro_response_2|对 不 起 ， 我 还 有 些 要 紧 事 得 先 处 理 。 
str_npc13_intro_response_2|不 ， 我 不 大 想 跟 你 这 样 的 人 交 朋 友 。 
str_npc14_intro_response_2|没 事 。 打 扰 了 
str_npc15_intro_response_2|如 果 你 少 管 闲 事 ， 我 会 感 激 不 尽 的 ， 先 生 。 
str_npc16_intro_response_2|少 管 闲 事 ， 小 姐 。 
str_npc17_intro_response_2|我 从 来 没 做 过 。 
str_npc18_intro_response_2|(东 张 西 望 ) 。 
str_npc19_intro_response_2|再 见 
str_npc20_intro_response_2|滚 
str_npc21_intro_response_2|吃 四 条 腿 活 物 的 都 是 蛮 子 。 
str_npc22_intro_response_2|没 什 么 夫 人 ， 我 现 在 要 去 别 处 转 转 。 
str_npc23_intro_response_2|别 烦 我 。 
str_npc1_backstory_a|哎 ， 我 刚 设 法 摆 脱 了 我 的 主 家 ， 我 的 {大 人 /夫 人 }， 这 次 我 重 获 自 由 ， 我 一 定 要 大 展 宏 图 
str_npc2_backstory_a|这 是 一 个 悲 惨 的 故 事 ， 先 生 。 
str_npc3_backstory_a|上 帝 ， 我 爱 这 个 国 家 
str_npc4_backstory_a|这 样 啊 ？ 或 许 我 该 原 谅 你 的 无 知 。 。 。 道 场 很 远 ， 在 山 上 。 
str_npc5_backstory_a|我 是 洪 美 玲 ， 来 自 长 江 口 的 江 苏 省 。 如 果 你 不 是 蛮 子 ， 你 可 能 会 从 我 的 出 身 中 知 道 我 是 汉 人 ， 你 也 可 能 会 猜 到 我 为 什 么 离 家 这 么 远 。 
str_npc6_backstory_a|我 有 一 个 天 下 太 平 的 愿 景 ， 但 我 不 知 道 如 何 才 能 实 现 。 我 相 信 每 个 人 都 有 这 种 感 觉 ， 但 对 我 来 说 ， 欲 望 比 大 多 数 人 燃 烧 得 更 强 烈 。 
str_npc7_backstory_a|我 幸 运 ？ 你 可 以 那 样 说 。 
str_npc8_backstory_a|啊 。 好 的 ， 如 果 你 一 定 要 知 道 ， 我 会 告 诉 你 的 。 
str_npc9_backstory_a|致 以 我 最 谦 虚 和 真 诚 的 道 歉 ！ 我 不 知 道 这 里 有 什 么 规 矩 ， 也 不 知 道 如 何 分 辨 谁 是 主 人 或 仆 人 。 我 生 怕 别 人 知 道 这 是 我 第 一 次 出 远 门 。 
str_npc10_backstory_a|这 是 个 很 长 的 故 事 ， 但 是 你 能 喝 一 杯 的 话 ， 我 将 很 愿 意 谈 谈 它 。 
str_npc11_backstory_a|嗯 ， {先 生 /女 士 } ， 说 来 话 长 。 。 。 
str_npc12_backstory_a|我 会 讲 给 你 听 的 ， 这 是 一 个 关 于 邪 恶 的 故 事 。 我 事 先 警 告 你 ， 免 得 因 为 你 暴 躁 的 脾 气 ， 被 故 事 里 的 内 容 激 怒 而 做 出 什 么 可 怕 的 事 情 。 
str_npc13_backstory_a|没 听 过 ？ 那 么 也 许 你 会 听 说 我 的 传 说 ， 一 位 来 自 遥 远 省 份 的 公 主 ？ 一 个 美 女 ， 她 的 脸 让 五 个 公 家 自 杀 了 ， 因 为 不 能 忍 受 没 有 她 的 生 活 ？ 
str_npc14_backstory_a|好 吧 ， 我 并 不 介 意 。 我 的 名 字 是 雪 斋 
str_npc15_backstory_a|我 是 一 名 武 士 ， 专 门 研 究 剑 和 弓 的 艺 术 。 如 果 你 需 要 一 支 箭 射 进 敌 人 的 眼 睛 ， 我 可 以 做 到 。 如 果 你 需 要 斩 首 ， 我 也 可 以 ， 仅 刀 出 鞘 一 瞬 便 可 。 但 如 果 你 需 要 把 我 的 头 砍 掉 ， 那 还 是 做 不 到 的 ， 除 非 你 想 变 得 和 那 些 敌 人 一 样 。 
str_npc16_backstory_a|好 吧 {先 生 /夫 人 }， 从 有 记 忆 以 来 ， 我 一 直 就 有 战 斗 上 的 弱 点 ， 这 也 会 往 往 会 让 我 处 于 险 境 。 
str_npc17_backstory_a|当 我 放 屁 ， 我 只 是 心 情 不 好 。 要 知 道 ， 我 以 前 在 朝 鲜 当 一 名 官 员 ， 但 我 被 流 放 了 。 原 因 就 是 我 内 些 叛 国 的 同 族 ， 不 同 意 我 的 观 点 ， 觉 得 在 明 朝 的 掌 控 下 我 们 依 然 活 的 很 好 。 但 他 们 并 没 有 看 到 明 朝 强 加 在 我 们 身 上 的 一 切 ， 我 们 必 须 摆 脱 大 明 的 控 制 ， 摆 脱 一 切 枷 锁 。 
str_npc18_backstory_a|啊 ， 我 就 是 问 问 ， 因 为 你 永 远 猜 不 到 。 俺 呢 来 自 蒙 古 ， 对 对 ， 是 离 这 里 不 远 ， 但 是 我 是 从 东 边 跟 西 班 牙 人 一 起 过 来 的 。 我 成 年 以 后 ， 厌 倦 了 每 天 放 羊 的 生 活 ， 所 以 离 开 了 家 云 游 天 下 
str_npc19_backstory_a|你 是 在 说 你 好 对 吗 ？ . . . 你 是 . . .  第 一 个 懂 我 意 思 的 人 . . .  我 的 意 思 是 多 亏 了 我 的 老 朋 友 淳 一 郎 我 的 日 语 才 这 么 流 利 ， 但 你 真 的 理 解 我 说 的 话 了 . . .
str_npc20_backstory_a|哦 ， 这 最 好 是 开 玩 笑 。 我 将 独 身 一 人 ， 你 明 白 吗 ？ 
str_npc21_backstory_a|我 是 外 国 人 ， 你 可 能 已 经 看 出 来 了 。 我 的 家 乡 是 宿 务 ， 西 班 牙 人 称 之 为 菲 律 宾 群 岛 。 我 曾 经 是 帕 图 斯 国 王 的 一 名 水 手 ， 当 时 我 的 船 被 摩 鹿 加 海 盗 拦 住 ， 我 被 俘 成 了 奴 隶 。 他 们 把 我 卖 给 了 印 度 西 部 的 蛮 子 
str_npc22_backstory_a|你 说 的 对 ， 倭 人 。 咱 不 是 什 么 熊 袭 ， 琉 球 ， 虾 夷 或 者 和 咱 长 得 差 不 多 的 阿 努 伊 人 ， 咱 就 是 当 初 奥 州 藤 原 氏 平 泉 城 破 之 日 逃 离 出 来 的 夷 族 领 主 的 第 1 8 代 玄 孙 女 。 
str_npc23_backstory_a|啊 ， 我 看 出 来 了 ， 你 也 是 个 冒 险 家 。 我 是 理 查 德 上 尉 ， 曾 服 役 于 联 邦 骑 兵 。 如 今 我 来 到 这 个 奇 妙 的 国 度 ， 听 闻 此 地 机 遇 颇 多 ， 我 意 图 从 中 获 利 。 
str_npc1_backstory_b|几 代 人 以 来 ， 我 的 家 族 一 直 是 一 个 小 武 士 家 族 的 世 袭 家 臣 。 8 年 来 ， 我 作 为 一 名 普 通 步 兵 跟 随 该 国 参 战 。 
str_npc2_backstory_b|我 来 自 西 行 家 族 的 一 个 家 臣 家 庭 。 不 久 前 的 某 一 天 祖 父 失 踪 了 ， 我 便 开 始 一 个 人 撑 起 整 个 家 ， 尽 管 我 的 年 龄 还 很 小 。 在 我 因 为 经 验 不 足 而 屡 屡 犯 错 后 ， 女 主 人 让 我 滚 回 了 家 
str_npc3_backstory_b|我 最 早 来 自 英 国 ， 但 是 我 是 坐 着 一 艘 荷 兰 人 的 船 来 到 这 里 的 ， 它 在 太 平 洋 失 去 了 方 向 后 搁 浅 了 。 等 我 们 漂 到 这 的 时 候 ， 活 下 来 的 还 有 九 个 人 ， 走 运 的 是 找 到 我 们 的 是 西 班 牙 的 一 位 牧 师 而 不 是 日 本 人 。 但 我 一 向 没 什 么 好 运 ， 他 向 当 地 大 名 诬 告 我 们 是 海 盗 ， 把 我 们 送 进 了 监 狱 。 多 亏 仁 慈 的 大 名 明 察 是 非 ， 驱 逐 了 那 些 天 主 教 徒 ， 把 我 们 又 放 了 出 来 。 我 以 技 术 顾 问 的 身 份 为 他 服 务 ， 帮 助 他 建 造 了 一 艘 现 代 帆 船 。 好 景 不 长 ， 在 他 征 服 大 海 之 前 ， 他 先 被 陆 地 征 服 了 ， 切 腹 自 杀 。 打 败 他 的 大 名 觉 得 我 这 种 人 毫 无 用 处 ， 便 没 杀 我 ， 从 那 以 后 我 就 一 直 在 日 本 游 荡 
str_npc4_backstory_b|就 像 我 家 里 的 所 有 男 性 ， 我 来 到 北 方 ， 是 为 了 在 剑 术 方 面 成 名 ， 然 后 回 家 继 承 手 艺 。 不 幸 的 是 这 些 国 家 的 官 家 对 《 武 士 法 典 》 都 没 什 么 研 究 。 把 我 当 作 强 盗 和 土 匪 ， 还 悬 赏 我 的 脑 袋 ， 这 对 一 个 冒 险 的 人 士 是 非 常 不 公 平 的 诽 谤 ， 你 也 一 定 会 赞 同 。 
str_npc5_backstory_b|在 每 个 人 都 还 记 得 的 岁 月 里 ， 我 的 家 人 就 一 直 靠 为 与 贵 国 贸 易 以 及 提 供 船 员 和 船 长 为 生 。 然 后 ， 皇 上 突 然 禁 止 了 所 有 海 外 航 运 。 那 是 一 百 多 年 前 的 事 了 ， 但 这 并 不 重 要 ， 简 单 的 法 子 行 不 通 了 。 我 们 家 桌 子 上 依 然 摆 的 是 山 珍 海 味 ， 不 知 从 哪 里 变 出 来 的 。 那 个 在 我 们 家 买 卖 分 一 杯 羹 的 狗 官 背 叛 了 我 们 ， 我 们 全 家 因 私 造 大 船 与 番 国 买 卖 ， 被 捕 入 狱 。 我 拼 死 抵 抗 ， 才 得 以 身 全 ， 现 在 这 船 上 只 剩 下 我 一 人 了 
str_npc6_backstory_b|我 来 自 朝 廷 里 的 公 家 ， 我 的 丈 夫 是 天 皇 的 侍 从 。 然 而 他 为 求 功 德 圆 满 ， 准 备 去 四 国 8 8 寺 朝 圣 ， 这 一 去 就 再 也 没 有 回 来 ， 我 这 才 离 开 家 准 备 去 看 看 他 怎 么 了 
str_npc7_backstory_b|接 受 决 斗 就 是 我 厄 运 的 开 始 ， 这 都 是 命 。 我 下 定 决 心 去 参 加 决 斗 时 ， 迟 到 了 几 个 时 辰 ， 我 对 手 的 随 从 因 为 我 的 不 尊 重 而 大 发 雷 霆 。 厄 运 如 期 而 至 ， 我 赢 得 了 战 斗 ， 代 价 就 是 被 那 些 渴 望 食 我 肉 寝 我 皮 的 追 随 者 撵 到 天 涯 海 角 。 
str_npc8_backstory_b|我 来 自 欧 洲 法 国 和 西 班 牙 之 间 的 纳 瓦 拉 王 国 的 一 个 传 统 家 庭 。 我 是 圣 母 教 会 的 传 教 士 ， 在 耶 稣 会 中 ， 你 可 能 知 道 它 更 常 见 的 名 字 ， 并 了 解 它 。 我 一 生 的 大 部 分 时 间 都 在 冒 着 死 亡 的 危 险 向 全 世 界 传 播 我 们 主 的 话 语 。 我 已 经 在 日 本 待 了 很 多 年 了 ， 但 与 我 在 美 洲 和 印 度 的 工 作 相 比 ， 我 的 进 步 是 缓 慢 的 。 我 知 道 这 一 定 是 藩 与 藩 之 间 的 战 争 和 不 稳 定 给 我 带 来 了 麻 烦 ， 但 我 忍 不 住 感 到 沮 丧 。 
str_npc9_backstory_b|我 来 自 京 都 的 贵 族 家 庭 ， 我 们 的 级 别 不 是 很 高 ， 但 公 家 毕 竟 是 公 家 。 但 我 父 亲 不 久 就 死 了 ， 我 们 的 母 亲 为 了 保 障 我 们 的 未 来 选 择 了 再 婚 ， 可 以 理 解 。 但 不 幸 的 是 ， 她 的 新 丈 夫 是 一 个 最 卑 鄙 ， 最 粗 俗 的 武 士 ， 他 娶 了 很 多 个 小 妾 。 虽 然 我 母 亲 是 刚 入 门 那 个 ， 但 她 的 地 位 却 是 最 高 的 。 我 们 被 其 它 女 人 视 作 眼 中 钉 肉 中 刺 。 其 中 一 位 年 长 的 妻 子 认 为 ， 我 的 存 在 会 让 她 的 儿 子 失 去 地 位 。 她 不 能 明 着 来 就 来 阴 的 ， 前 几 天 我 把 家 里 给 我 留 的 一 碗 饭 喂 给 了 我 的 狗 ， 它 哀 嚎 着 死 去 。 我 去 指 责 那 位 妻 子 ， 但 继 父 却 拒 绝 相 信 我 ， 并 让 我 滚 出 他 的 家 。 
str_npc10_backstory_b|我 是 一 个 町 人 ， 住 在 {s20} {s19} ， 二 十 年 来 ， 我 在 一 个 商 人 那 里 做 普 通 工 人 ， 把 沉 重 的 货 物 运 到 其 他 城 镇 ， 偶 尔 还 遭 到 土 匪 的 猛 烈 袭 击 。 这 一 切 都 是 为 了 我 的 家 人 。 后 来 有 一 天 ， 大 名 之 间 的 这 些 战 争 打 破 了 该 国 的 和 平 。 我 所 在 的 地 区 被 一 个 大 鼻 涕 挂 在 鼻 子 上 ， 嘴 上 毛 茸 茸 就 像 刚 从 他 妈 的 肚 子 里 抱 出 来 的 一 样 的 武 士 控 制 着 。 他 在 路 上 碰 到 了 我 ， 还 有 我 的 老 板 和 工 友 ， 我 们 背 上 都 背 着 一 大 堆 货 物 。 我 们 走 过 去 让 开 路 让 他 先 过 去 ， 因 为 我 们 不 想 再 卸 货 背 起 来 一 次 了 。 但 他 觉 得 这 是 一 种 不 尊 重 的 表 现 ， 因 为 我 们 没 有 给 他 鞠 躬 。 并 且 还 想 用 他 百 物 斩 的 权 利 ， 把 我 们 都 砍 死 。 幸 亏 我 的 腰 带 里 藏 着 一 把 用 来 防 御 强 盗 的 短 刀 ， 我 的 同 伴 们 就 没 那 么 幸 运 了 
str_npc11_backstory_b|我 对 {s20} 旅 馆 {s19} 发 现 的 一 匹 马 有 点 误 会 。 几 天 前 ， 有 个 畜 生 朝 我 脸 上 吐 口 水 ， 我 用 石 头 扔 了 回 去 ， 它 一 转 头 就 不 见 了 。 今 天 在 外 面 的 旅 馆 发 现 拴 着 ， 我 很 自 然 的 解 开 绳 子 仔 细 的 看 了 看 。 事 实 证 明 ， 它 们 只 是 长 得 像 而 已 ， 这 匹 马 属 于 一 个 商 人 ， 一 个 瘦 脸 老 山 羊 。 他 不 接 受 这 是 一 场 简 单 的 误 会 ， 转 头 就 去 找 了 一 个 守 卫 
str_npc12_backstory_b|我 是 一 名 经 过 训 练 的 佛 教 僧 侣 ， 但 却 被 这 片 大 陆 的 领 主 宣 判 有 罪 过 着 流 浪 隐 士 的 生 活 。 我 的 庙 宇 因 为 谣 言 说 训 练 和 支 持 一 揆 而 被 解 散 ， 这 是 偏 执 和 无 知 者 毫 无 根 据 的 指 控 
str_npc13_backstory_b|我 不 是 武 士 ， 只 是 一 个 武 士 的 女 儿 。 但 也 许 你 也 听 说 过 我 作 为 诗 人 的 能 力 ， 他 能 让 最 冰 冷 的 战 士 陷 入 绝 望 。 或 者 说 我 在 舞 蹈 艺 术 方 面 的 高 超 技 艺 ， 我 必 须 承 认 我 在 这 方 面 有 一 定 的 技 巧 。 我 热 爱 旅 行 ， 在 过 去 的 几 年 里 ， 我 参 观 了 几 个 城 镇 、 城 堡 和 村 庄 ， 充 分 发 挥 了 我 的 才 干 。 
str_npc14_backstory_b|我 是 已 故 小 岛 藩 藩 主 松 平 信 书 的 叔 叔 ， 你 可 能 听 说 过 他 。 由 于 没 有 继 承 机 会 ， 我 很 小 的 时 候 就 被 送 去 一 座 寺 庙 ， 不 幸 的 是 我 还 是 被 应 征 入 伍 ， 尽 管 我 接 受 的 是 僧 兵 的 训 练 而 不 是 武 士 ， 但 我 还 是 尽 最 大 的 努 力 。 但 是 {s20} 这 里 的 佛 爷 不 喜 欢 把 乌 合 之 众 打 造 成 士 兵 所 需 要 的 铁 律 。 我 告 送 他 ， 先 鞭 打 他 们 ， 再 不 听 话 就 把 他 们 埋 了 是 明 智 的 做 法 。 但 他 不 听 ， 还 叫 我 去 别 处 找 事 做 。 我 现 在 连 庙 门 都 进 不 去 
str_npc15_backstory_b|一 个 武 士 {s19} 在 {s20} 街 上 对 我 不 敬 ， 我 向 他 挑 战 决 斗 。 他 接 受 了 ， 但 后 来 改 变 了 主 意 。 他 知 道 我 不 会 允 许 他 为 了 荣 誉 而 撤 回 挑 战 ， 于 是 决 定 在 巷 子 里 伏 击 我 。 问 题 是 ， 他 不 是 我 的 同 辈 。 他 的 头 必 须 与 身 体 分 开 埋 葬 。 他 的 主 人 出 于 某 种 原 因 认 为 他 很 有 价 值 ， 也 许 是 为 了 完 成 战 争 以 外 的 任 务 ， 比 如 倒 茶 ， 并 强 迫 我 的 主 人 让 我 放 弃 身 份 ， 如 果 他 们 继 续 作 为 盟 友 的 话 。 我 现 在 是 一 个 卑 鄙 的 浪 人 。 
str_npc16_backstory_b|我 在 木 曾 郡 长 大 ， 作 为 武 士 和 父 亲 还 有 兄 弟 们 一 起 训 练 我 会 在 餐 厅 和 餐 具 室 里 猎 杀 老 鼠 ， 以 此 自 娱 自 乐 。 我 非 常 擅 长 这 一 点 ， 以 至 于 我 让 城 里 的 猫 失 去 了 工 作 ， 领 主 终 于 意 识 到 我 可 以 胜 任 更 大 的 任 务 。 不 用 说 ， 我 找 到 了 很 多 机 会 ， 可 以 利 用 以 前 属 于 我 主 人 敌 人 的 脑 袋 。 他 们 的 家 人 并 不 欣 赏 这 一 点 ， 于 是 派 人 来 挑 逗 我 决 斗 。 我 会 接 受 他 们 ， 但 把 他 们 从 指 定 的 决 斗 场 地 上 砍 掉 。 当 然 ， 它 更 快 、 更 安 全 。 尸 体 的 处 理 对 我 的 主 人 来 说 是 太 大 的 负 担 ， 他 让 我 不 再 服 役 。 我 后 来 成 为 了 一 名 百 姓 ， 出 来 找 份 活 干 ， 我 的 上 一 份 工 作 是 {s19} 在 {s20}做 的 。 
str_npc17_backstory_b|我 曾 经 试 图 告 御 状 ， 但 他 却 因 为 我 的 越 制 而 对 我 大 发 雷 霆 ， 我 的 级 别 不 够 高 ， 无 法 直 言 面 圣 。 但 这 才 是 关 键 ， 该 死 
str_npc18_backstory_b|我 认 为 你 是 可 以 让 这 个 女 孩 脱 离 游 牧 的 生 活 的 ， 为 大 家 想 你 也 需 要 她 。 我 去 很 多 地 方 ， 在 印 度 和 欧 洲 待 过 一 段 时 间 ， 在 美 洲 待 过 至 少 两 年 ， 等 等 。 我 打 赌 你 从 没 听 说 过 那 个 地 方 ， 是 吗 ？ 
str_npc19_backstory_b|我 想 你 搞 懂 我 的 意 思 只 是 结 合 上 下 得 出 的 “你 好 ”， 但 这 对 我 来 说 已 经 够 好 了 。 草 他 妈 的 ， 总 算 是 否 极 泰 来 了 ， 自 从 我 来 了 这 从 来 没 遇 见 过 好 事 
str_npc20_backstory_b|我 的 前 夫 是 一 个 日 本 人 ， 曾 经 是 ， 现 在 已 经 是 日 本 鬼 了 。 我 们 当 时 盯 上 了 一 条 大 鱼 ， 但 是 我 们 太 贪 心 了 。 
str_npc21_backstory_b|我 才 刚 从 船 上 跑 出 来 ， 但 实 际 上 我 已 经 计 划 了 好 几 个 月 了 ， 我 不 能 回 家 ， 西 班 牙 人 会 找 到 我 ， 在 中 国 也 不 行 ， 我 会 被 人 抓 起 来 当 猴 耍 。 我 只 是 没 想 到 ... 至 少 我 离 开 以 前 还 有 那 么 一 点 肉 ， 但 已 经 吃 光 了 
str_npc22_backstory_b|我 是 作 为 我 部 落 的 使 者 来 到 这 里 的 ， 这 个 部 落 最 近 不 断 遭 受 日 本 土 匪 的 袭 击 。 不 幸 的 是 ， 我 没 有 取 得 任 何 进 展 ， 我 甚 至 不 知 道 该 和 谁 说 话 。 我 们 原 以 为 我 只 是 去 京 都 朝 廷 看 看 ， 结 果 他 却 无 能 为 力 ， 一 贫 如 洗 。 似 乎 根 本 没 有 人 管 日 本 ！ 
str_npc23_backstory_b|大 战 结 束 后 ， 我 一 度 感 到 无 所 适 从 。 日 本 这 片 土 地 似 乎 蕴 藏 着 无 限 可 能 。 我 还 带 了 件 令 人 意 想 不 到 的 物 件 ， 我 那 忠 实 的 美 国 战 马 ， 我 给 她 起 名 叫 " 自 由 " 。 运 送 她 的 过 程 可 谓 艰 辛 ， 不 得 不 将 她 装 箱 跨 越 大 洋 。 虽 历 时 数 月 ， 但 这 一 切 都 值 得 。 她 可 是 千 金 不 换 的 宝 驹 。 
str_npc1_backstory_c|那 不 是 人 过 的 日 子 。 弓 箭 ， 枪 炮 就 是 你 一 切 的 养 料 。 如 果 你 的 主 人 输 掉 一 场 战 斗 ， 而 抓 住 你 的 人 不 选 择 处 决 你 ， 那 么 恭 喜 你 就 是 失 业 了 。 如 果 你 还 想 当 兵 就 必 须 再 从 头 开 始 。 我 想 要 金 盆 洗 手 ， 但 我 却 只 懂 打 仗 
str_npc2_backstory_c|我 应 该 获 得 百 姓 生 活 的 经 验 ， 而 不 是 我 祖 父 都 未 能 完 成 的 目 标 。 我 不 仅 会 让 我 的 夫 人 失 望 ， 还 会 让 我 的 家 族 和 祖 父 的 技 艺 都 失 败 。 我 必 须 正 当 的 切 腹 。 。 。 但 谁 会 在 我 之 后 照 顾 西 行 家 ？ 没 人 ！ 
str_npc3_backstory_c|这 是 一 个 非 常 迷 人 的 国 家 ， 但 可 惜 没 人 需 要 我 。 没 人 关 心 海 权 ， 每 个 人 都 已 经 是 枪 支 和 大 炮 方 面 的 专 家 了 。 
str_npc4_backstory_c|但 我 急 于 避 免 任 何 进 一 步 的 麻 烦 ， 所 以 如 果 你 知 道 我 可 能 征 召 的 任 何 一 队 战 士 ， 我 将 不 胜 感 激 。 
str_npc5_backstory_c|我 觉 得 日 本 和 其 他 地 方 一 样 是 个 好 地 方 ， 可 以 让 我 自 己 成 名 。 
str_npc6_backstory_c|我 知 道 他 肯 定 已 经 遇 害 了 ， 但 我 觉 得 我 必 须 亲 眼 看 看 他 的 尸 体 。 在 我 最 终 找 到 他 的 尸 骨 之 前 的 旅 程 ， 让 我 亲 身 经 历 了 我 们 这 个 时 代 的 毁 灭 和 苦 难 。 它 改 变 了 我 。 我 放 弃 了 宫 廷 生 活 ， 现 在 我 在 这 片 土 地 上 四 处 游 荡 ， 寻 找 恢 复 正 义 的 方 法 。 
str_npc7_backstory_c|但 我 并 不 认 为 自 己 不 幸 ， 陌 生 人 ， 不 比 日 本 的 任 何 其 他 武 士 更 不 幸 。 这 是 一 场 战 争 ， 你 知 道 。 
str_npc8_backstory_c|我 现 在 本 应 该 已 经 在 中 国 了 ， 开 始 在 那 里 传 教 
str_npc9_backstory_c|我 不 知 道 自 己 该 怎 么 办 。 我 家 在 京 都 一 个 亲 人 也 没 有 了 。 我 注 定 要 在 小 偷 、 浪 人 、 商 人 和 其 他 街 头 混 混 ， 路 边 杂 碎 里 挑 一 个 了 。 
str_npc10_backstory_c|现 在 我 在 这 里 喝 得 烂 醉 ， 让 明 天 见 鬼 去 吧 。 
str_npc11_backstory_c|但 如 果 我 和 一 个 更 大 的 团 体 在 一 起 ， 他 们 可 能 会 放 过 我 。 我 将 非 常 感 谢 你 。 
str_npc12_backstory_c|这 个 特 殊 的 国 家 的 领 主 本 身 就 是 一 个 虔 诚 的 佛 教 徒 ， 不 愿 意 迫 害 我 ， 但 我 更 盼 着 去 别 处 转 转 
str_npc13_backstory_c|我 想 起 来 了 ， 城 市 的 那 边 有 些 相 当 恼 火 的 母 老 虎 。 我 不 用 指 望 你 也 许 会 考 虑 帮 助 我 离 开 镇 子 ？ 
str_npc14_backstory_c|所 以 ， 如 果 你 认 识 某 个 指 挥 官 是 真 心 希 望 能 在 战 场 上 打 胜 仗 的 ， 而 不 是 纵 容 他 的 士 兵 ， 我 会 很 高 兴 你 能 帮 我 引 见 给 他 。 
str_npc15_backstory_c|我 与 其 生 活 在 敌 人 的 羞 辱 中 ， 不 如 用 政 变 来 回 敬 ， 但 最 终 的 结 果 就 是 ， 我 陷 入 了 一 个 困 境 没 有 主 人 ， 没 有 收 入 
str_npc16_backstory_c|不 幸 的 是 ， 我 上 一 个 雇 主 的 妻 子 有 一 个 可 爱 的 情 夫 ， 我 忍 不 住 要 为 维 护 老 板 的 荣 誉 而 自 责 。 她 还 不 知 道 他 的 头 不 见 了 ， 但 她 很 快 就 会 知 道 的 。 我 的 老 板 可 能 无 论 如 何 都 不 会 感 激 ， 因 为 这 会 给 他 带 来 极 大 的 尴 尬 。 告 诉 我 ， 你 在 找 帮 手 吗 ？ 
str_npc17_backstory_c|唯 一 的 栖 身 之 所 不 能 是 中 国 ， 所 以 我 只 能 呆 在 这 
str_npc18_backstory_c|我 通 常 会 呆 一 段 时 间 ， 做 些 零 工 ， 感 受 一 下 当 地 的 风 味 等 等 。 我 刚 到 日 本 ， 我 其 实 是 在 找 人 一 起 混 
str_npc19_backstory_c|听 着 ， 兄 弟 ， 我 想 这 是 我 们 心 有 灵 犀 的 结 果 。 被 人 理 解 的 感 觉 真 是 太 好 了 
str_npc20_backstory_c|那 次 ， 是 一 艘 葡 萄 牙 帆 船 ， 拥 有 宏 伟 的 船 体 ， 还 有 更 宏 伟 的 大 炮 。 我 勉 强 还 算 活 着 ， 但 我 们 的 船 已 经 不 能 再 开 了 。 
str_npc21_backstory_c|天 哪 ， 为 了 肉 我 什 么 都 愿 意 做 。 我 甚 至 会 为 此 杀 人 。 你 看 起 来 像 是 那 种 会 雇 我 来 做 这 件 事 的 人 。 。 。 拜 托 ， 你 说 呢 ？ 
str_npc22_backstory_c|不 过 ， 这 次 旅 行 并 不 是 闲 逛 。 我 一 直 想 看 看 我 祖 先 的 土 地 , 若 天 下 有 变 ， 我 愿 拯 救 黎 民 百 姓 于 水 火 
str_npc23_backstory_c|我 们 已 在 长 崎 设 立 了 一 个 美 国 贸 易 区 。 我 手 下 有 一 些 和 我 一 样 的 退 伍 军 人 ， 正 在 寻 找 机 会 。 我 们 可 以 为 需 要 熟 练 战 士 的 人 提 供 服 务 。 
str_npc1_backstory_later|如 你 所 见 ， 我 到 处 游 荡 。 但 很 少 有 人 把 我 这 样 平 民 当 成 武 士 ， 即 使 我 可 以 让 他 军 队 一 半 的 人 负 坚 执 锐 
str_npc2_backstory_later|我 是 西 行 家 的 家 臣 ， 现 在 主 家 取 消 了 我 的 役 职 
str_npc3_backstory_later|我 不 想 从 英 格 兰 移 民 到 这 ， 但 现 在 我 也 不 怎 么 想 走 
str_npc4_backstory_later|我 会 去 继 承 先 祖 的 技 艺 ， 看 看 我 的 道 观 ， 但 是 到 处 是 蝗 虫 ， 暴 雨 ， 还 有 其 他 东 西 ， 所 以 我 又 回 来 了 ， 继 续 找 工 作 。 
str_npc5_backstory_later|我 在 这 片 充 满 战 争 的 大 陆 上 流 浪 ， 找 寻 值 得 为 他 付 出 的 领 导 者 。 
str_npc6_backstory_later|我 在 这 片 土 地 上 徘 徊 ， 寻 找 恢 复 正 义 的 方 法 。 
str_npc7_backstory_later|我 一 直 到 处 流 浪 ， 寻 找 一 份 剑 客 的 工 作 ， 但 这 并 不 容 易 。 到 处 都 是 浪 人 。 他 们 都 想 为 主 家 效 力 而 决 斗 ， 而 我 最 近 还 是 找 不 到 工 作 ， 也 许 以 后 会 有 
str_npc8_backstory_later|我 仍 在 努 力 的 传 播 上 帝 的 话 语 ， 尽 我 所 能 减 轻 日 本 人 民 的 痛 苦 。 
str_npc9_backstory_later|我 有 一 把 剑 和 懂 一 些 剑 术 。 我 认 为 我 应 该 为 这 些 地 方 的 几 位 藩 主 服 务 ， 但 我 发 现 他 们 经 常 会 要 求 我 写 诗 、 吹 长 笛 ， 或 者 做 一 些 其 他 的 工 作 ， 即 使 是 一 个 卑 微 的 武 士 也 不 适 合 ， 因 为 我 是 一 个 苦 行 僧 ， 尤 其 是 因 为 我 是 一 个 女 人 。 {但 你 对 此 一 无 所 知 /我 相 信 你 知 道 那 是 什 么 样 子 。 }
str_npc10_backstory_later|我 不 知 道 我 是 否 和 你 说 过 ， 但 我 杀 死 了 一 个 年 轻 的 武 士 ， 他 曾 试 图 以 不 尊 重 为 由 处 决 我 。 从 那 以 后 ， 我 一 直 过 着 隐 姓 埋 名 的 生 活 。 谢 天 谢 地 ， 我 在 临 走 前 摸 了 他 的 钱 包 ， 但 钱 快 花 光 了 。 
str_npc11_backstory_later|你 知 道 ， 我 一 直 在 这 里 四 处 奔 波 ， 尽 我 所 能 避 免 麻 烦 。 然 而 ， 我 急 需 工 作 。 
str_npc12_backstory_later|我 一 直 在 附 近 照 料 病 人 收 取 报 酬 。 但 是 这 里 的 人 很 无 知 对 我 的 技 术 毫 不 尊 重 。 我 得 到 的 可 怜 的 报 酬 只 够 勉 强 补 充 我 的 药 品 。 有 机 会 找 其 他 工 作 的 话 我 会 很 高 兴 的 。 
str_npc13_backstory_later|我 在 日 本 的 各 个 城 市 之 间 徘 徊 ， 留 下 无 数 患 有 相 思 的 男 人 但 是 这 种 小 挑 战 我 已 经 厌 倦 了 ， 我 考 虑 让 自 己 在 战 争 中 找 寻 更 大 的 乐 趣 。 
str_npc14_backstory_later|我 去 过 一 座 又 一 座 庭 院 ， 但 是 我 始 终 没 有 找 到 合 我 口 味 的 主 人 。 
str_npc15_backstory_later|我 从 一 座 城 堡 道 另 一 座 城 堡 ， 想 看 看 是 否 有 人 需 要 我 的 服 务 ， 要 么 领 主 不 在 ， 要 么 他 在 考 虑 别 的 事 情 吗 ， 我 么 我 在 大 街 上 碰 见 他 的 武 士 ， 试 图 激 怒 我 。 我 意 识 到 这 里 什 么 也 干 不 成 ， 如 果 你 听 到 什 么 消 息 请 告 送 我 
str_npc16_backstory_later|我 偶 尔 做 些 零 工 。 但 没 有 什 么 比 稳 定 的 工 作 和 经 常 杀 人 更 重 要 的 了 。 
str_npc17_backstory_later|总 有 一 天 ， 我 会 回 到 朝 鲜 。 。 。 但 今 天 我 必 须 在 日 本 谋 生 。 
str_npc18_backstory_later|与 我 去 过 的 许 多 地 方 相 比 ， 这 个 地 方 离 我 的 祖 国 如 此 之 近 ， 但 在 很 多 方 面 ， 它 对 我 来 说 仍 然 充 满 异 国 情 调 。 天 哪 ， 我 会 在 这 里 待 上 好 几 年 ！ 
str_npc19_backstory_later|我 想 我 已 经 掌 握 了 这 个 地 方 。 尽 管 我 去 过 日 本 很 多 次 ， 但 一 切 看 起 来 都 不 一 样 ， 这 仍 然 让 我 感 到 不 安 。 
str_npc20_backstory_later|我 想 我 暂 时 无 法 忍 受 大 海 ， 所 以 我 必 须 在 陆 地 上 找 工 作 
str_npc21_backstory_later|我 馋 肉 馋 的 要 命 ， 你 有 活 给 我 吗 ？ 
str_npc22_backstory_later|在 我 回 家 之 前 ， 我 还 在 日 本 游 荡 。 我 想 我 会 待 一 年 左 右 。 
str_npc23_backstory_later|在 返 回 美 国 前 ， 我 仍 在 日 本 各 地 游 历 。 我 想 我 还 会 再 停 留 一 年 左 右 。 
str_npc1_backstory_response_1|你 现 在 想 怎 么 办 ？ 
str_npc2_backstory_response_1|很 好 ， 或 许 我 应 该 提 供 给 你 一 份 工 作 ， 你 能 战 斗 吗 ？ 
str_npc3_backstory_response_1|当 然 ， 我 曾 经 带 领 一 支 佣 兵 队 。 
str_npc4_backstory_response_1|我 就 率 领 着 一 支 部 队 ， 而 且 我 很 乐 意 多 一 个 帮 手 。 
str_npc5_backstory_response_1|就 是 这 样 ， 我 可 以 提 供 给 你 你 所 需 要 的 ！ 
str_npc6_backstory_response_1|嗯 ， 关 于 你 丈 夫 的 事 情 我 表 示 惋 惜 
str_npc7_backstory_response_1|嗯 …… 你 想 要 一 份 工 作 吗 ？ 
str_npc8_backstory_response_1|我 可 以 给 你 一 个 机 会 ， 说 不 准 我 的 人 会 信 你 那 一 套 呢 ？ 
str_npc9_backstory_response_1|或 许 你 会 愿 意 加 入 我 们 一 段 时 间 ？ 
str_npc10_backstory_response_1|如 果 你 想 找 份 工 作 的 话 ， 我 很 乐 意 雇 用 熟 练 的 战 士 。 
str_npc11_backstory_response_1|或 许 吧 ， 但 是 我 怎 么 才 能 知 道 我 的 马 匹 中 没 有 贼 赃 呢 ？ 
str_npc12_backstory_response_1|很 好 ， 你 可 以 与 我 们 同 行 ， 当 然 ， 也 与 我 们 一 起 战 斗 。 
str_npc13_backstory_response_1|我 很 乐 意 我 们 的 队 伍 多 一 份 力 量 。 
str_npc14_backstory_response_1|我 很 乐 意 雇 用 你 。 
str_npc15_backstory_response_1|你 要 去 哪 里 ？ 
str_npc16_backstory_response_1|或 许 我 在 找 ， 你 会 做 什 么 ？ 
str_npc17_backstory_response_1|你 为 什 么 不 加 入 我 的 家 臣 团 。 
str_npc18_backstory_response_1|有 没 有 考 虑 过 雇 佣 兵 的 工 作 ？ 这 可 能 适 合 你 。 
str_npc19_backstory_response_1|你 明 白 吗 ？ 俺 也 一 样 。 
str_npc20_backstory_response_1|用 你 的 战 斗 技 能 为 我 在 陆 地 上 服 役 怎 么 样 ？ 
str_npc21_backstory_response_1|跟 我 走 ， 或 许 可 以 从 别 人 那 找 到 一 些 肉 。 
str_npc22_backstory_response_1|你 想 多 看 看 日 本 吗 ？ 作 为 一 个 征 服 者 ？ 
str_npc23_backstory_response_1|嗯 ， 那 我 能 雇 佣 你 吗 ？ 
str_npc1_backstory_response_2|我 不 会 做 那 样 的 事 的 ， 我 有 比 帮 助 落 魄 武 士 更 好 的 事 情 要 去 做 。 
str_npc2_backstory_response_2|真 糟 糕 ， 朋 友 ， 祝 你 好 运 。 
str_npc3_backstory_response_2|滚 回 你 的 国 家 。 
str_npc4_backstory_response_2|很 抱 歉 我 没 有 听 说 过 。 
str_npc5_backstory_response_2|唉 …… 我 没 有 空 和 走 私 犯 或 者 可 能 是 海 盗 的 人 在 一 起 。 
str_npc6_backstory_response_2|(离 开 她 的 视 线 ， 慢 慢 走 开 ， 我 希 望 混 战 里 杀 的 人 没 有 她 的 丈 夫 )
str_npc7_backstory_response_2|说 实 话 ， 我 很 喜 欢 这 个 地 方 ， 祝 你 好 运 。 
str_npc8_backstory_response_2|耶 稣 ？ 能 吃 吗 ？ 我 不 信 那 些 。 
str_npc9_backstory_response_2|我 可 有 不 少 好 哥 们 都 是 些 流 氓 ， 小 妞 ， 我 们 走 着 瞧 。 
str_npc10_backstory_response_2|当 你 醒 来 的 时 候 ， 你 会 发 现 你 的 脑 袋 已 经 被 绳 子 紧 紧 的 勒 住 ， 这 是 你 的 报 应 。 等 着 吧 。 
str_npc11_backstory_response_2|非 常 有 趣 ， 夫 人 ， 但 是 我 还 有 活 要 干 。 
str_npc12_backstory_response_2|抱 歉 ， 我 没 法 雇 佣 更 多 的 人 了 。 
str_npc13_backstory_response_2|抱 歉 ， 我 没 法 替 你 做 什 么 。 
str_npc14_backstory_response_2|如 果 我 听 说 了 什 么 ， 我 会 告 诉 你 的 ， 放 心 。 
str_npc15_backstory_response_2|抱 歉 ， 我 的 队 伍 已 经 满 员 了 。 
str_npc16_backstory_response_2|抱 歉 ， 听 起 来 你 会 是 个 大 麻 烦 。 
str_npc17_backstory_response_2|我 不 知 道 该 怎 么 和 你 说 。 
str_npc18_backstory_response_2|一 路 顺 风 ， 朋 友 。 
str_npc19_backstory_response_2|你 说 啥 ？ 听 不 懂 。 
str_npc20_backstory_response_2|海 盗 ? 呸 。 
str_npc21_backstory_response_2|不 ， 就 不 。 
str_npc22_backstory_response_2|那 样 很 好 。 
str_npc23_backstory_response_2|抱 歉 ， 我 没 法 雇 佣 更 多 的 人 了 。 
str_npc1_signup|干 什 么 ？ 我 不 如 当 浪 人 ！ 从 阶 层 上 来 说 ， 他 们 比 世 袭 的 人 还 下 等 ， 对 不 起 冒 犯 了 ， 是 像 我 这 样 的 前 世 世 袭 家 臣 。 但 实 际 上 他 们 有 晋 升 的 前 景 ， 更 重 要 的 是 他 们 还 有 自 由 身 
str_npc2_signup|嗯 ， 我 的 职 责 之 一 是 ， 我 是 说 ， 是 ， 教 主 家 小 妾 剑 术 。 
str_npc3_signup|是 吗 ？ 那 么 就 不 会 有 人 对 我 鸡 蛋 里 挑 骨 头 了 ， 我 很 乐 意 加 入 。 
str_npc4_signup|太 好 了 ， 我 期 待 着 帮 助 你 打 败 你 的 敌 人 。 
str_npc5_signup|啊 ， 这 可 是 一 个 再 慷 慨 不 过 的 提 议 了 ！ 
str_npc6_signup|是 的 ！ 你 一 定 是 天 主 的 使 者 ， 求 你 带 我 走 ， 带 我 远 离 黑 暗 ！ 
str_npc7_signup|也 许 吧 。 我 当 然 需 要 用 钱 。 
str_npc8_signup|真 的 吗 ？ 那 么 我 就 接 受 你 的 条 件 。 
str_npc9_signup|我 会 为 此 很 高 兴 的 ， {先 生 /夫 人 }
str_npc10_signup|你 确 定 吗 ？ 现 在 ？ 好 吧 ， 这 比 我 被 报 复 身 首 分 离 横 尸 街 头 要 好 太 多 了 
str_npc11_signup|{大 人 /女 士 } 你 怎 么 能 这 样 想 我 ,和 那 些 冤 屈 我 的 人 一 样 ， 我 会 展 现 我 的 实 力 来 报 答 你 的 恩 情 的 
str_npc12_signup|就 像 我 说 的 ， 我 是 一 个 行 脚 的 隐 士 。 并 不 是 那 些 在 寺 庙 里 受 人 供 奉 的 佛 爷 ， 我 不 在 乎 弄 脏 我 的 手 
str_npc13_signup|是 吗 ？ 你 会 发 现 招 募 了 我 有 多 明 智 。 
str_npc14_signup|我 很 乐 意 与 你 并 肩 而 行 ， 哪 怕 只 是 小 小 的 一 会 儿 ， 我 有 些 关 于 酬 劳 和 分 配 战 利 品 的 事 情 要 和 你 谈 谈 。 
str_npc15_signup|可 能 是 琉 球 也 可 能 是 中 国 。 但 是 我 不 会 放 弃 任 何 赚 钱 的 机 会 ， 这 样 我 才 能 不 至 于 两 手 空 空 的 回 家 。 如 果 你 能 提 供 食 物 并 与 我 分 享 一 些 战 利 品 ， 我 将 很 乐 意 为 你 作 战 。 
str_npc16_signup|好 吧 ， {先 生 /夫 人 }， 让 我 告 诉 你 ， 或 许 我 大 字 不 识 ， 但 我 知 道 命 中 心 脏 最 快 的 方 法 是 从 第 四 和 第 五 根 肋 骨 之 间 刺 进 去 。 如 何 ？ 
str_npc17_signup|对 ， 对 这 是 个 好 主 意 。 我 可 以 为 我 的 重 返 家 乡 获 得 宝 贵 的 联 系 和 经 验 ！ 
str_npc18_signup|雇 佣 兵 ？ 我 曾 经 在 意 大 利 和 兵 团 长 里 共 事 过 ， 你 知 道 吗 ？ 有 一 天 我 会 告 诉 你 那 个 美 丽 的 国 家 。 
str_npc19_signup|顺 便 说 一 下 ， 我 叫 乔 治 。 我 来 自 一 个 遥 远 的 大 陆 。 我 在 说 什 么 ？ 嗨 呀 ， 操 蛋 ， 别 管 我 那 些 瞎 扯 淡 了 
str_npc20_signup|你 想 让 我 做 你 的 同 伴 ， 嗯 ？ 我 敢 肯 定 你 想 和 我 住 一 个 帐 篷 哈 哈 ！ 
str_npc21_signup|雇 佣 兵 ？ 很 多 战 斗 。 。 。 和 食 物 
str_npc22_signup|哈 哈 ！ 在 今 天 创 造 一 个 新 的 平 泉 城 ， 算 我 一 个 ！ 
str_npc23_signup|你 想 雇 佣 我 ？ 那 你 真 是 走 运 。 
str_npc1_signup_2|关 于 剑 术 我 非 常 精 通 ， 放 弃 雇 佣 我 这 样 有 经 验 老 兵 的 机 会 ， 那 不 是 明 智 的 选 择 ， 而 且 你 不 是 还 指 挥 着 自 己 的 家 臣 团 吗 ？ 
str_npc2_signup_2|但 是 我 跑 的 很 快 ， 还 是 带 着 一 把 刀 的 情 况 下 
str_npc3_signup_2|你 很 快 就 会 发 现 我 会 成 为 你 队 伍 中 最 有 价 值 的 一 员 。 我 精 通 船 只 建 造 ， 海 洋 贸 易 以 及 火 器 
str_npc4_signup_2|但 是 请 注 意 ， 作 为 一 名 僧 侣 ， 我 希 望 处 于 指 挥 位 置 ， 而 不 是 被 视 为 普 通 的 足 轻 之 一 。 
str_npc5_signup_2|我 不 会 背 叛 你 ， 前 提 是 你 尽 了 你 的 义 务 ， 供 我 吃 喝 ， 给 我 钱 花 ， 不 把 我 这 悲 惨 的 身 躯 投 入 到 毫 无 胜 算 的 战 争 中 
str_npc6_signup_2|我 对 弓 箭 很 在 行 ， 但 是 我 请 求 你 ， {先 生 /夫 人 }。 我 希 望 用 我 的 武 艺 来 保 护 那 些 无 辜 ， 纯 洁 无 法 自 保 的 人 们 ， 而 不 是 像 那 些 杀 害 我 丈 夫 和 其 他 许 多 人 的 强 盗 那 样 成 为 一 个 普 通 的 强 盗 。 
str_npc7_signup_2|不 过 ， 告 诉 你 的 人 我 对 蠢 货 和 发 情 的 畜 生 没 有 什 么 耐 心 ， 任 何 对 我 做 出 不 礼 貌 举 动 的 家 伙 都 会 在 他 们 的 喉 咙 上 找 到 一 支 箭 。 
str_npc8_signup_2|我 受 过 大 学 教 育 ， 游 历 广 泛 ， 我 可 以 给 你 们 的 团 队 带 来 很 多 ， 不 仅 仅 是 传 教 。 
str_npc9_signup_2|我 是 宫 廷 里 的 大 小 姐 ， 但 我 从 出 生 起 就 接 受 了 和 一 般 大 男 孩 一 样 的 剑 术 训 练 。 我 承 认 你 是 个 出 身 比 我 低 的 人 ， 对 我 来 说 假 如 在 一 个 有 经 验 的 长 官 底 下 服 务 也 没 有 什 么 ， 当 然 ， 你 这 家 伙 不 会 和 我 很 亲 密 。 我 想 那 不 会 成 问 题 ？ 
str_npc10_signup_2|你 不 会 后 悔 让 我 加 入 的 ， {老 兄 /大 姐 }。 我 用 上 短 刀 如 同 死 神 亲 临 ， 一 把 漂 亮 的 武 器 ， 它 可 以 直 接 刺 穿 武 士 的 铠 甲 ， 让 他 们 血 溅 当 场 。 并 请 原 谅 我 ， 我 绝 不 向 出 身 高 贵 的 人 献 媚 。 
str_npc11_signup_2|我 穿 越 过 很 多 崎 岖 不 平 的 乡 村 ， 而 所 用 的 时 间 都 很 短 。 我 还 会 追 踪 敌 人 的 留 下 的 痕 迹 ， 对 于 地 形 我 也 有 独 特 的 见 解 ， 你 觉 得 怎 么 样 ？ 
str_npc12_signup_2|我 可 以 治 疗 各 种 手 部 的 创 伤 ， 在 当 隐 士 之 前 ， 我 做 过 山 伏 。 所 以 你 可 以 肯 定 ， 我 经 历 过 各 种 创 伤 和 苦 难 活 了 下 来 ， 所 以 就 有 治 疗 的 方 法 
str_npc13_signup_2|剑 ， 薙 刀 ， 长 枪 ， 我 所 掌 握 的 这 些 武 器 的 技 艺 是 铸 成 伟 大 史 诗 的 原 料 。 我 们 会 一 起 演 示 这 些 技 艺 ， 在 节 日 和 篝 火 、 肮 脏 的 小 客 栈 、 公 家 和 武 家 的 豪 宅 中 。 这 将 在 未 来 的 许 多 代 人 口 中 重 述 
str_npc14_signup_2|我 是 一 名 熟 练 的 剑 客 ， 我 也 可 以 教 你 的 手 下 格 斗 。 但 是 我 提 醒 你 我 不 喜 欢 受 命 于 一 个 对 {他 的 /她 的 }部 下 纪 律 松 懈 的 领 导 者 ， 因 为 人 们 到 头 来 是 不 会 尊 重 一 个 弱 者 的 。 
str_npc15_signup_2|射 箭 是 我 的 专 长 ， 但 如 果 有 需 要 的 话 ， 我 在 近 战 中 也 可 以 很 好 的 保 护 自 己 
str_npc16_signup_2|除 了 刺 杀 以 外 ， 我 还 懂 得 剑 术 ， 而 且 我 像 水 银 一 样 灵 活 。 我 保 证 ， 你 会 在 实 战 中 发 现 我 非 常 有 用 
str_npc17_signup_2|他 们 会 后 悔 把 我 赶 出 去 的 那 一 天 。 即 使 是 明 朝 也 无 法 从 血 流 成 河 中 拯 救 他 们 。 。 。 
str_npc18_signup_2|我 自 己 实 际 上 并 不 是 一 名 雇 佣 兵 ， 我 只 教 部 队 高 贵 的 队 长 历 史 和 地 理 。 但 这 可 能 很 有 趣 ！ 我 以 前 也 不 得 不 保 护 自 己 ， 所 以 我 知 道 如 何 绕 过 刀 锋 。 
str_npc19_signup_2|现 在 ， 听 这 句 
str_npc20_signup_2|哦 ， 天 哪 。 我 看 见 你 满 脸 通 红 。 啧 啧 啧 啧 ， 放 心 ， 亲 爱 的 ， 我 过 了 如 狼 似 虎 的 年 纪 了 ， 你 安 全 的 很 
str_npc21_signup_2|额 ， 从 敌 人 的 东 西 里 有 肉 吗 ？ 你 是 说 在 我 们 洗 劫 敌 人 以 后 给 我 找 ， 对 吧 。 。 。 
str_npc22_signup_2|我 知 道 你 不 是 完 全 认 真 的 ， 但 如 果 我 们 能 做 到 这 一 点 ， 我 想 邀 请 我 的 部 落 在 这 里 定 居 一 些 土 地 。 。 。 对 他 们 中 的 大 多 数 人 来 说 ， 这 将 是 一 次 向 夷 族 领 土 的 迁 移 ， 但 对 我 们 中 的 一 些 人 来 说 ， 这 将 有 点 像 是 回 到 我 们 祖 先 的 土 地 上 。 。 。 
str_npc23_signup_2|我 是 个 行 动 派 ， 与 其 纸 上 谈 兵 ， 不 如 亲 赴 战 场 。 若 你 正 在 招 募 善 战 之 士 ， 我 愿 为 你 效 劳 ……当 然 ， 这 需 要 相 应 的 酬 劳 。 
str_npc1_signup_response_1|好 的 。 你 会 对 我 们 很 有 用 。 
str_npc2_signup_response_1|好 的 。 
str_npc3_signup_response_1|呃 ， 那 是 个 开 始 。 我 们 可 以 教 你 剩 余 的 部 分 。 
str_npc4_signup_response_1|很 好 。 我 很 高 兴 你 可 以 加 入 我 们 ， 呃 ， “ 大 人 ” 。 
str_npc5_signup_response_1|当 然 可 以 
str_npc6_signup_response_1|很 高 兴 接 受 你 的 效 劳 ！ 你 的 事 情 就 是 我 的 事 情 ， 我 们 一 起 上 路 。 
str_npc7_signup_response_1|我 会 雇 用 你 。 你 得 试 着 别 在 第 一 天 就 射 到 自 己 人 。 
str_npc8_signup_response_1|欢 迎 加 入 
str_npc9_signup_response_1|嗯 ， 不 会 的 。 我 会 和 他 们 谈 谈 。 
str_npc10_signup_response_1|好 样 的 。 我 们 会 给 你 你 应 得 的 尊 敬 。 
str_npc11_signup_response_1|听 上 去 你 能 派 上 用 场 。 你 被 雇 用 了 。 
str_npc12_signup_response_1|那 么 ， 欢 迎 加 入 我 们 的 队 伍 ， 隐 士 。 
str_npc13_signup_response_1|很 好 。 做 好 准 备 ， 我 们 就 要 出 发 了 。 
str_npc14_signup_response_1|很 好 。 我 很 高 兴 能 招 到 你 这 样 的 。 
str_npc15_signup_response_1|那 么 为 我 工 作 。 我 将 很 高 兴 雇 用 你 。 
str_npc16_signup_response_1|听 上 去 你 能 做 这 份 工 作 。 我 要 雇 用 你 。 
str_npc17_signup_response_1|大 丈 夫 当 如 是 也 ， 欢 迎 和 我 们 上 一 条 船 
str_npc18_signup_response_1|这 实 际 上 是 一 种 健 康 的 生 活 方 式 ， 杀 人 有 益 于 身 心 健 康 
str_npc19_signup_response_1|好 叭 。 。 。 
str_npc20_signup_response_1|我 会 给 你 展 示 一 段 美 好 的 时 光 ， 我 是 说 ， 从 严 格 的 专 业 角 度 来 说 。 
str_npc21_signup_response_1|额 。 。 。 欢 迎 加 入 。 。 。 
str_npc22_signup_response_1|我 们 中 的 一 些 人 是 留 下 来 的 阿 努 伊 族 的 后 代 。 欢 迎 回 家 。 
str_npc23_signup_response_1|要 怎 样 的 酬 劳 ？ 
str_npc1_signup_response_2|我 宁 愿 不 去 冒 这 份 风 险 。 日 安 ， 先 生 。 
str_npc2_signup_response_2|恐 怕 我 只 想 找 一 个 有 经 验 的 。 祝 你 好 运 。 
str_npc3_signup_response_2|事 实 上 ， 我 们 在 找 一 个 有 着 一 套 稍 微 不 同 点 的 技 能 的 。 
str_npc4_signup_response_2|事 实 上 ， 我 们 没 有 雇 用 捏 造 身 世 的 强 盗 的 习 惯 。 日 安 ， 先 生 。 
str_npc5_signup_response_2|事 实 上 ， 经 过 重 新 考 虑 ， 我 更 愿 意 保 持 一 支 有 教 养 的 队 伍 。 
str_npc6_signup_response_2|仔 细 想 想 ， 也 许 你 现 在 可 以 去 尼 姑 庵 碰 碰 运 气 。 
str_npc7_signup_response_2|事 实 上 ， 经 过 重 新 考 虑 ， 听 上 去 你 也 许 有 麻 烦 。 祝 你 好 运 。 
str_npc8_signup_response_2|哦 ， 事 实 上 我 没 时 间 去 信 你 所 谓 的 上 帝 
str_npc9_signup_response_2|你 可 能 错 了 ， 小 姐 。 在 我 的 队 伍 里 只 尊 重 勇 气 和 技 术 ， 而 不 是 贵 族 身 份 。 
str_npc10_signup_response_2|经 过 重 新 考 虑 ， 在 我 的 队 伍 里 对 纪 律 有 很 高 的 要 求 。 祝 你 好 运 。 
str_npc11_signup_response_2|对 不 起 ， 夫 人 。 我 的 队 伍 人 手 已 经 足 够 了 。 
str_npc12_signup_response_2|战 争 和 在 酒 馆 里 打 架 是 两 码 事 。 也 许 你 需 要 在 别 处 找 份 工 作 。 
str_npc13_signup_response_2|事 实 上 ， 经 过 重 新 考 虑 ， 一 个 过 于 渴 望 荣 耀 的 战 士 对 我 的 队 伍 来 说 是 危 险 的 。 
str_npc14_signup_response_2|事 实 上 ， 我 不 想 在 我 的 部 下 当 中 挑 起 一 场 兵 变 。 日 安 ， 先 生 。 
str_npc15_signup_response_2|事 实 上 ， 我 需 要 一 个 有 着 别 的 特 殊 技 能 的 人 。 抱 歉 。 
str_npc16_signup_response_2|说 实 话 ， 我 更 想 招 一 个 盗 窃 欲 望 不 是 那 么 强 烈 的 人 。 
str_npc17_signup_response_2|什 么 河 ？ 事 实 上 ， 算 了 吧 
str_npc18_signup_response_2|我 不 是 真 的 在 找 寻 求 刺 激 的 人 。 。 。 
str_npc19_signup_response_2|额 。 。 。 
str_npc20_signup_response_2|考 虑 考 虑 。 。 。 (呼 )
str_npc21_signup_response_2|呃 。 。 。 算 了 吧 。 别 那 样 看 着 我 。 
str_npc22_signup_response_2|啊 哈 ， 不 ， 忘 了 那 些 话 吧 。 我 们 赶 走 虾 夷 是 有 原 因 的 。 
str_npc23_signup_response_2|啊 哈 。 。 。 算 了 吧 。 
str_npc1_payment|嗨 ， 谢 谢 你 长 官 。 但 是 在 我 加 入 你 之 前 ， 我 想 支 取 {reg3}文 钱 报 酬 。 我 知 道 在 战 队 里 士 兵 会 有 将 近 几 周 看 不 到 工 资 。 我 很 清 楚 在 得 到 自 身 保 障 之 前 不 要 在 任 何 地 方 签 字 。 
str_npc4_payment|好 极 了 。 在 我 们 启 程 之 前 ， 你 可 以 行 个 好 借 给 我 {reg3}文 钱 吗 ？ 我 被 迫 在 {s20}的 典 当 行 抵 押 了 一 件 祖 传 宝 贝 ， 我 想 在 离 开 之 前 先 把 它 赎 回 来 。 
str_npc5_payment|谢 谢 。 现 在 ， 为 了 保 证 我 们 之 间 的 协 议 ， 我 要 求 你 给 我 {reg3}文 钱 。 这 是 我 祖 父 给 我 的 建 议 。 他 告 诉 我 “ 美 菱 ， 永 远 不 要 先 替 野 蛮 人 卖 命 ， 在 {他 /她 }付 给 你 和 你 相 称 的 钱 之 前 。 ”
str_npc7_payment|那 么 好 吧 。 我 会 跟 着 你 走 。 但 是 我 想 先 支 取 {reg3}文 钱 报 酬 。 你 也 没 指 望 我 会 免 费 为 你 工 作 ， 是 吗 ？ 
str_npc8_payment|我 必 须 告 诫 你 ， 我 必 须 按 时 拿 到 薪 俸 。 我 的 职 位 几 十 年 前 就 没 钱 了 。 从 那 以 后 我 们 就 一 直 靠 着 救 济 活 着 。 你 给 我 {reg3} 块 可 以 让 我 继 续 坚 持 下 去 
str_npc9_payment|你 真 是 太 好 了 。 在 我 加 入 之 前 ， 你 能 借 给 我 {reg3}文 钱 吗 ， 那 样 我 就 可 以 买 一 套 和 像 我 这 样 的 贵 族 出 身 的 女 士 相 称 的 衣 服 。 我 身 上 的 外 套 在 我 最 近 不 走 运 期 间 已 经 很 旧 了 ， 我 不 能 让 一 个 普 通 大 兵 错 认 为 我 也 是 他 们 当 中 的 一 员 。 
str_npc10_payment|真 是 个 好 消 息 。 但 是 我 还 有 最 后 一 个 要 求 ， 长 官 。 我 在 {s20}有 个 女 人 ， 一 个 酒 馆 荡 妇 ， 而 她 告 诉 我 她 已 经 有 了 我 的 孩 子 。 我 想 在 走 之 前 给 她 留 点 钱 …… 为 了 那 孩 子 ， 你 知 道 。 你 有 多 余 的 {reg3}文 钱 吗 ？ 
str_npc11_payment|我 会 对 你 很 有 用 的 ， {先 生 /夫 人 }， 我 敢 打 赌 。 我 们 离 开 之 前 还 有 一 件 事 情 ， 你 可 以 借 给 我 {reg3}文 钱 吗 ？ 我 很 羞 愧 这 么 说 ， 但 是 我 欠 这 里 一 点 钱 ， 在 这 个 酒 馆 多 待 了 几 个 星 期 而 酒 馆 老 板 不 相 信 我 会 搞 到 我 答 应 给 他 的 钱 。 你 知 道 ， 如 果 他 们 看 到 我 和 你 离 开 而 没 有 付 钱 会 让 事 情 变 得 难 堪 。 
str_npc13_payment|在 我 签 约 之 前 ， 有 一 小 笔 我 待 在 这 里 期 间 牵 扯 到 的 费 用 ， {reg3}文 钱 。 你 认 为 你 可 以 为 我 代 付 掉 吗 ， 作 为 一 个 表 示 友 好 的 姿 态 ？ 
str_npc14_payment|啊 哈 ， 最 后 一 件 事 。 在 我 听 从 你 的 指 挥 之 前 ， 我 想 要 支 取 {reg3}文 钱 作 为 预 付 奖 金 。 我 的 原 则 是 在 拿 到 我 应 得 的 报 酬 之 前 决 不 为 别 人 服 务 。 
str_npc15_payment|很 好 。 顺 便 ， 作 为 一 名 熟 练 的 弓 箭 手 我 想 为 我 的 服 务 要 一 笔 报 酬 。 我 想 {reg3}文 钱 的 签 约 费 就 够 了 。 
str_npc16_payment|那 真 是 个 好 消 息 ， 长 官 。 那 么 ， 为 我 们 之 间 协 议 的 保 障 先 付 我 一 点 你 看 怎 么 样 ？ 只 要 {reg3}就 够 了 。 别 往 坏 处 想 ， 只 是 我 在 过 去 那 几 个 雇 主 那 儿 都 不 走 运 。 
str_npc17_payment|同 样 地 在 我 们 出 发 之 前 ， 我 要 求 {reg3}块 为 活 动 做 好 准 备 。 
str_npc20_payment|甚 好 ， 甚 好 。 不 过 ， 我 首 先 需 要 {reg3}块 ， 作 为 一 种 保 险 ， 以 防 我 们 在 短 时 间 内 不 进 行 任 何 抢 劫 。 
str_npc21_payment|在 我 们 出 发 之 前 ， 我 需 要 {reg3}块 来 武 装 我 自 己 等 等 。 
str_npc23_payment|我 认 为 {reg3}文 对 于 我 这 样 经 验 丰 富 的 老 兵 来 说 是 个 公 道 的 价 格 。 我 将 为 你 而 战 ， 提 供 战 略 建 议 ， 并 确 保 你 的 每 一 文 钱 都 物 有 所 值 。 你 意 下 如 何 ？ 是 否 愿 意 雇 佣 我 ？ 
str_npc1_payment_response|那 么 好 吧 ， 这 是 {reg3}文 钱 。 现 在 ， 好 好 休 息 一 下 。 
str_npc4_payment_response|当 然 。 这 是 {reg3}文 钱 。 
str_npc5_payment_response|好 吧 …… 那 么 ， 这 是 {reg3}文 钱 。 你 的 第 一 份 报 酬 。 
str_npc7_payment_response|不 ， 当 然 不 。 这 是 {reg3}文 钱 。 
str_npc8_payment_response|噢 ， 我 可 不 是 穷 光 蛋 ， 夫 人 。 这 是 给 你 的 {reg3}文 钱 。 
str_npc9_payment_response|那 么 好 吧 ， 这 是 {reg3}文 钱 。 
str_npc10_payment_response|当 然 。 给 ， {reg3}文 钱 。 
str_npc11_payment_response|那 么 好 吧 ， 这 是 {reg3}文 钱 。 去 做 好 准 备 。 我 们 很 快 就 离 开 。 
str_npc13_payment_response|当 然 ， 这 是 {reg3}文 钱 。 快 点 做 好 出 发 准 备 。 
str_npc14_payment_response|好 吧 ， 这 是 {reg3}文 钱 。 你 在 我 的 队 伍 里 面 最 受 欢 迎 。 
str_npc15_payment_response|好 吧 ， 这 是 {reg3}文 钱 。 很 高 兴 能 让 你 加 入 我 们 。 
str_npc16_payment_response|好 吧 ， 这 是 给 你 的 {reg3}文 钱 。 做 好 准 备 。 
str_npc17_payment_response|这 里 是 {reg3} 块 。 准 备 好 。 我 们 马 上 就 走 。 
str_npc20_payment_response|很 好 ， 这 里 是 {reg3} 块 。 做 好 准 备 。 我 们 马 上 就 走 。 
str_npc21_payment_response|很 好 ， 这 里 是 {reg3} 块 。 做 好 准 备 。 我 们 马 上 就 走 。 
str_npc23_payment_response|很 好 , 这 是 {reg3} 块 . 做 好 准 备 ， 我 们 要 开 拔 了 
str_npc1_morality_speech|唉 ， 老 大 。 请 不 要 把 这 往 坏 处 想 ， 但 这 是 艰 难 时 期 而 我 们 {s21}也 过 分 了 一 点 。 以 后 三 思 一 下 ， 长 官 ， 如 果 你 不 介 意 我 所 说 的 。 
str_npc2_morality_speech|我 希 望 你 不 要 介 意 我 所 说 的 ， 但 是 看 我 们 {s21}对 我 来 说 有 些 困 难 。 也 许 我 应 该 试 着 做 一 个 更 坚 强 些 的 战 士 ， 但 是 如 果 我 们 时 时 能 试 着 学 着 多 一 点 仁 慈 ， 我 会 睡 得 更 踏 实 。 
str_npc3_morality_speech|也 许 轮 不 到 我 说 话 ， {先 生 /夫 人 }， 但 是 我 承 认 对 我 们 {s21}感 到 有 些 震 惊 。 当 然 我 明 白 战 争 史 残 酷 的 ， 但 是 如 果 不 是 必 须 就 没 有 必 要 让 战 争 变 得 更 残 酷 。 
str_npc4_morality_speech|抱 歉 ， 你 也 知 道 ， 梦 想 家 族 的 人 并 不 关 心 {s21}。 我 不 大 愿 意 看 到 你 继 续 这 个 任 务 。 
str_npc5_morality_speech|请 原 谅 ， 长 官 。 {s21}不 好 。 你 的 首 要 对 要 手 下 的 兄 弟 们 负 责 。 你 的 队 伍 想 要 的 只 不 过 是 食 物 、 薪 水 和 掠 夺 的 机 会 。 没 必 要 将 他 们 的 生 命 浪 费 在 无 关 紧 要 的 地 方 。 
str_npc6_morality_speech|请 原 谅 ， {先 生 /夫 人 }。 你 也 知 道 ， 我 加 入 队 伍 ， 为 的 是 纠 正 错 误 ， 保 护 无 辜 者 ， 并 且 弥 补 我 之 前 的 罪 过 。 我 不 希 望 {s21}。 
str_npc7_morality_speech|长 官 ， 我 不 希 望 看 到 我 们 {s21}。 那 些 是 强 盗 行 径 ， 完 全 不 考 虑 兄 弟 们 的 感 受 。 
str_npc8_morality_speech|看 到 你 决 定 去 {s21}我 很 不 爽 。 参 加 战 斗 是 一 种 荣 誉 ， 但 在 一 个 懦 夫 指 挥 的 兵 团 中 战 斗 是 一 种 耻 辱 。 
str_npc9_morality_speech|{先 生 /夫 人 }， 这 不 是 我 对 待 {s21}的 方 式 。 我 们 家 族 的 人 可 以 接 受 死 亡 ， 但 不 能 接 受 耻 辱 。 请 不 要 让 我 在 你 手 下 蒙 羞 。 
str_npc10_morality_speech|抱 歉 ， 长 官 。 我 非 常 不 愿 意 看 到 我 们 {s21}。 那 只 是 一 些 单 纯 的 人 们 ， 努 力 要 生 存 下 去 。 如 果 我 们 能 够 试 着 善 待 这 些 穷 困 的 不 幸 者 ， 长 官 ， 我 觉 得 会 更 好 些 。 
str_npc11_morality_speech|抱 歉 ， 长 官 。 我 们 {s21}不 是 很 好 。 我 在 军 队 和 佣 兵 团 有 30 年 了 ， 士 兵 对 长 官 的 最 低 期 望 就 是 养 活 他 们 ， 支 付 他 们 军 饷 ， 还 有 尽 {他 /她 }最 大 的 努 力 去 保 护 他 们 尸 首 的 完 整 。 
str_npc12_morality_speech|长 官 ， 我 不 想 看 到 我 们 {s21}。 作 为 一 个 武 士 而 不 是 强 盗 来 祈 祷 ， 让 我 们 试 着 去 表 示 多 一 点 怜 悯 吧 。 
str_npc13_morality_speech|长 官 ， 如 果 我 们 可 以 避 免 的 话 ， 我 更 倾 向 于 不 去 {s21}。 日 本 是 个 小 地 方 ， 并 且 一 个 人 的 名 声 很 珍 贵 。 我 不 喜 欢 我 的 对 手 用 挖 苦 的 口 气 ， 提 到 最 近 这 个 不 幸 的 事 件 。 
str_npc14_morality_speech|我 不 在 意 {s21}。 不 过 ， 没 有 哪 个 有 着 懦 夫 名 声 的 人 可 以 震 慑 住 他 的 手 下 。 
str_npc15_morality_speech|{先 生 /夫 人 }， 你 也 知 道 我 的 看 法 ， 任 何 理 智 的 领 导 者 都 不 会 让 他 的 队 伍 去 {s21}。 希 望 你 别 介 意 我 的 直 率 。 
str_npc16_morality_speech|长 官 ， 我 不 想 去 {s21}。 还 有 那 么 多 喉 咙 没 割 。 。 。 我 真 的 不 敢 苟 同 你 
str_npc17_morality_speech|我 真 的 不 赞 成 你 {s21}.
str_npc18_morality_speech|船 长 ， 我 不 想 看 到 我 们 {s21}。 我 准 备 当 战 士 ， 但 不 是 强 盗 .
str_npc19_morality_speech|该 死 ， {先 生 /女 士 } 你 真 是 太 好 了 {s21}
str_npc20_morality_speech|船 长 ， 我 不 在 乎 你 {s21}。 为 了 生 存 ， 你 应 该 做 你 需 要 做 的 一 切 。 
str_npc21_morality_speech|{先 生 /夫 人 }, 我 同 意 你 {s21}。 我 说 ， 活 着 就 是 为 了 再 吃 一 天 
str_npc22_morality_speech|船 长 我 不 喜 欢 {s21}。 我 喜 欢 把 活 做 完 。 
str_npc23_morality_speech|我 不 希 望 你 做 出 {s21}. 那 是 可 耻 的 
str_npc1_2ary_morality_speech|老 板 ， 如 你 所 知 ， 如 果 我 们 {s21}我 一 点 问 题 都 没 有 。 为 明 天 的 战 斗 而 活 着 让 我 觉 得 很 有 意 义 。 
str_npc2_2ary_morality_speech|{先 生 /夫 人 }， 我 不 怎 么 高 兴 我 们 {s21}。 我 是 一 个 武 士 ， 我 们 的 戒 条 里 ， 言 出 就 要 必 行 。 我 不 想 落 下 个 骗 子 的 名 声 ， 那 样 我 宁 愿 切 腹 ， {先 生 /女 士 }。 
str_npc3_2ary_morality_speech|{先 生 /夫 人 }， 我 认 为 你 去 {s21}是 一 个 勇 敢 的 决 定 。 寻 找 途 径 来 避 免 流 血 这 一 点 也 不 羞 耻 。 
str_npc4_2ary_morality_speech|抱 歉 ， 不 管 别 人 说 什 么 ， 我 对 你 {s21}一 点 想 法 也 没 有 。 在 这 种 困 难 时 期 ， 为 了 生 存 你 要 采 用 任 何 必 要 的 手 段 。 
str_npc6_2ary_morality_speech|{先 生 /夫 人 }， 你 可 以 选 择 {s21}， 但 最 好 不 要 参 与 进 去 。 
str_npc9_2ary_morality_speech|长 官 ， 你 {s21}让 我 感 到 很 沮 丧 。 一 个 像 你 这 样 的 {绅 士 /淑 女 }， 应 该 时 刻 展 示 出 最 高 水 准 的 荣 誉 。 
str_npc10_2ary_morality_speech|{先 生 /女 士 }， 我 不 想 看 到 我 们 {s21}。 你 应 该 对 你 的 人 好 一 点 ， 他 们 将 会 回 报 你 更 多 。 
str_npc14_2ary_morality_speech|长 官 ， 你 不 应 该 为 {s21}的 事 情 困 扰 。 军 队 为 领 导 者 的 命 令 而 存 在 ， 艰 苦 也 是 战 士 生 命 的 组 成 部 分 。 
str_npc15_2ary_morality_speech|你 知 道 的 ， {playername}朋 友 ， 看 你 刚 才 如 何 {s21}让 人 极 为 不 安 。 如 果 你 能 对 他 们 违 背 诺 言 ， 那 你 也 能 对 我 违 背 诺 言 ， 这 就 是 我 所 理 解 到 的 。 
str_npc16_2ary_morality_speech|长 官 ， 正 如 你 所 知 的 ， {s21}对 我 来 说 没 有 问 题 。 我 们 做 我 们 活 下 去 需 要 做 的 事 。 如 果 交 换 立 场 ， 他 们 也 会 对 我 们 做 同 样 的 事 。 
str_npc17_2ary_morality_speech|如 果 我 们 {s21}， 我 没 问 题 。 活 着 去 战 斗 吧 。 
str_npc19_2ary_morality_speech|天 哪 ， 我 们 刚 刚 {s21}吗 ？ 主 啊 ， 我 就 知 道 这 会 发 生 。 天 哪 。 
str_npc20_2ary_morality_speech|船 长 ， 任 何 指 挥 官 都 不 应 该 让 他 的 连 队 {s21}。 我 希 望 你 不 介 意 我 这 么 说 。 
str_npc1_personalityclash_speech|长 官 ， 不 敢 冒 犯 ， 但 我 有 点 厌 倦 {s11}， 像 她 那 样 摆 架 子 ， 似 乎 她 是 比 你 谦 逊 的 仆 人 小 次 郎 更 高 贵 的 大 人 物 。 
str_npc2_personalityclash_speech|{先 生 /夫 人 }， 正 如 你 所 记 得 的 ， 在 和 你 签 约 之 前 ， 我 曾 是 一 个 家 臣 。 是 一 名 地 位 更 高 的 领 主 的 仆 人 。 
str_npc3_personalityclash_speech|长 官 ， 在 我 看 来 ， {s11}是 一 个 铁 石 心 肠 残 忍 无 比 的 人 。 他 说 只 需 要 殴 打 ， 鞭 抽 ， 斩 首 他 的 战 友 ， 就 能 让 他 们 成 材 。 
str_npc4_personalityclash_speech|{先 生 /夫 人 }。 梦 想 家 族 是 日 本 这 一 地 区 最 古 老 最 受 尊 敬 的 家 族 之 一 ， 根 据 可 考 证 的 记 载 ， 它 的 历 史 可 以 追 溯 到 平 安 时 代 。 然 而 {s11}公 开 表 示 对 我 的 不 尊 敬 ， 并 且 对 神 道 梦 想 杖 术 产 生 怀 疑 。 
str_npc5_personalityclash_speech|占 用 你 一 点 时 间 ， 长 官 。 {s11}似 乎 认 为 我 是 一 个 普 通 的 土 匪 ， 只 是 因 为 我 不 是 世 袭 武 士 阶 层 的 一 部 分 
str_npc6_personalityclash_speech|抱 歉 ， {先 生 /夫 人 }， 但 我 不 能 再 保 持 沉 默 了 。 那 个 妓 女 ， {s11}， 每 次 她 看 到 我 她 就 用 农 民 用 来 避 退 恶 鬼 的 一 种 手 势 ， ， 用 她 的 五 个 手 指 指 着 我 。 
str_npc7_personalityclash_speech|长 官 ， 我 已 经 很 努 力 地 去 忍 受 你 同 伴 粗 鲁 的 谈 话 和 不 洁 的 习 惯 。 但 是 有 个 自 称 是 {s11}的 家 伙 已 经 超 出 我 的 忍 耐 限 度 了 。 
str_npc8_personalityclash_speech|正 如 你 所 知 ， 我 不 能 再 忍 受 那 个 无 礼 的 异 教 徒 {s11}了 。 几 分 钟 前 ， 我 在 对 我 们 的 同 伴 说 他 们 崇 拜 的 神 灵 和 所 谓 的 佛 陀 实 际 上 是 来 自 地 狱 的 恶 魔 ， 而 你 们 的 神 道 只 是 原 始 的 迷 信 。 
str_npc9_personalityclash_speech|先 生 ， {s11} 是 一 个 残 忍 而 又 邪 恶 的 女 人 ， 我 通 过 我 讨 厌 的 继 母 认 识 她 ， 她 是 一 个 觊 觎 我 地 位 的 表 亲 ， 我 一 直 忍 受 她 ， 但 自 从 我 在 你 手 下 服 役 开 始 ， 她 就 不 停 嘲 笑 我 。 
str_npc10_personalityclash_speech|打 搅 了 ， 长 官 。 我 很 讨 厌 因 为 这 些 事 情 打 搅 你 ， 但 我 就 是 想 让 你 知 道 我 再 也 不 能 忍 受 权 之 助 那 家 伙 了 ， 这 人 自 称 为 宗 师 。 
str_npc11_personalityclash_speech|抱 歉 ， 长 官 ， 但 我 不 能 继 续 保 持 沉 默 了 。 那 个 家 伙 ， {s11}， 她 真 是 烦 透 了 ！ 
str_npc12_personalityclash_speech|主 人 ， 那 个 野 蛮 人 女 孩 {s11}， 抱 怨 自 己 头 疼 ， 我 想 给 她 吃 点 中 药 试 试 
str_npc13_personalityclash_speech|长 官 ， 我 厌 倦 了 {s11}， 那 家 伙 不 讲 别 的 ， 成 天 就 是 荣 誉 和 武 艺 那 点 东 西 。 
str_npc14_personalityclash_speech|对 不 起 ， 长 官 。 几 分 钟 前 ， 我 曾 经 表 示 过 随 时 抽 打 士 兵 和 偶 尔 的 斩 首 对 保 持 士 兵 的 秩 序 至 关 重 要 。 对 指 挥 官 没 有 恐 惧 的 人 可 能 随 时 作 鸟 兽 散 。 
str_npc15_personalityclash_speech|打 搅 了 ， 希 望 你 不 会 介 意 我 谈 谈 我 的 看 法 ， 那 个 女 孩 {s11}对 我 们 团 队 是 个 危 险 ， 她 就 是 个 野 孩 子 ， 完 全 不 尊 重 武 士 道 的 权 威 和 原 则 。 
str_npc16_personalityclash_speech|哦 ， 长 官 。 你 也 知 道 ， 有 些 关 于 {s11}的 可 笑 之 事 。 他 在 地 上 乱 涂 乱 画 ， 还 一 个 人 嘀 嘀 咕 咕 的 。 
str_npc17_personalityclash_speech|我 不 能 处 理 {s11} ！ 甚 至 连 出 生 在 蒙 古 包 里 都 不 能 原 谅 她 缺 乏 礼 貌 ！ 她 拒 绝 在 行 军 一 天 后 给 我 端 茶 ， 也 拒 绝 帮 我 洗 衣 服 ， 即 使 我 礼 貌 地 问 她 。 
str_npc18_personalityclash_speech|长 官 ！ {s11} 无 可 救 药 ！ 他 总 是 让 我 给 他 做 家 务 ， 还 对 我 叨 叨 叨 说 个 没 完 ， 而 我 提 出 的 意 见 就 像 是 耳 旁 风 。 在 他 眼 里 我 好 像 不 是 人 ， 是 天 生 的 马 骡 ！ 
str_npc19_personalityclash_speech|{playername}, 他 妈 的 {s11}是 不 是 脑 子 有 问 题 ？ 我 刚 才 ， 就 站 在 那 ， 挥 舞 着 我 的 长 剑 一 边 左 劈 右 砍 ， 嘴 里 还 说 着 我 老 朋 友 阿 诺 的 经 典 台 词 ， 突 然 砰 的 一 声 ， 她 抓 住 我 的 肩 膀 ， 尖 声 的 对 我 说 了 一 句 “尊 重 ”。 
str_npc20_personalityclash_speech|老 大 ， 如 果 你 不 尽 快 处 理 {s11} , 他 就 会 被 一 把 利 刃 穿 胸 而 过 。 我 刚 才 从 他 身 边 走 过 的 时 候 ， 他 用 低 声 咕 哝 着 朝 鲜 话 辱 骂 我 ， 我 懂 朝 鲜 话 。 
str_npc21_personalityclash_speech|队 长 ， 你 知 道 {s11} 是 一 个 海 盗 吗 ？ 
str_npc22_personalityclash_speech|{酋 长 /女 祭 }, {s11} 令 人 无 法 忍 受 。 每 当 我 靠 近 他 时 ， 他 总 是 紧 紧 的 抓 着 他 的 战 利 品 ， 并 在 我 面 前 画 十 字 。 
str_npc23_personalityclash_speech|队 长 , 我 对 {s11} 的 耐 心 正 在 消 磨 殆 尽 。 当 我 分 享 十 字 军 东 征 历 史 ， 以 摆 脱 這 片 土 地 上 的 罪 恶 ， 并 在 整 个 日 本 传 播 主 的 福 音 时 ， 我 被 非 常 粗 鲁 地 被 打 断 了 。 
str_npc1_personalityclash_speech_b|她 不 过 是 个 土 匪 ， 就 像 我 一 样 。 所 以 正 如 她 刚 才 所 做 的 ， 她 没 资 格 跟 我 说 要 我 跟 她 保 持 距 离 。 
str_npc2_personalityclash_speech_b|尽 管 如 此 ， {s11} 有 多 了 解 我 。 我 自 己 还 是 个 武 士 身 份 ， 不 是 洗 衣 妇 。 
str_npc3_personalityclash_speech_b|我 知 道 军 队 不 是 幼 儿 园 ， 严 格 的 纪 律 很 重 要 。 但 是 我 也 相 信 人 们 因 为 残 忍 而 享 受 残 忍 。 希 望 你 别 介 意 我 这 么 说 。 
str_npc4_personalityclash_speech_b|{先 生 /女 士 }， 如 果 允 许 普 通 人 嘲 笑 他 们 的 上 司 ， 这 真 是 令 人 遗 憾 的 日 子 。 仅 此 而 已 。 
str_npc5_personalityclash_speech_b|我 告 诉 他 如 果 武 士 之 路 让 他 如 此 困 扰 ， 那 么 他 应 该 去 干 别 的 活 ， 不 必 因 此 而 困 扰 。 希 望 你 别 介 意 我 说 这 些 事 。 
str_npc6_personalityclash_speech_b|她 显 然 不 喜 欢 佛 教 或 正 义 ， 但 我 应 该 被 更 好 的 对 待 而 不 是 成 为 某 种 巫 术 迷 信 的 对 象 。 我 想 这 你 该 知 道 。 
str_npc7_personalityclash_speech_b|我 不 在 意 他 在 饭 后 的 营 火 周 围 如 何 剔 着 牙 齿 瞪 我 。 从 这 些 天 相 处 下 来 ， 我 确 认 他 就 是 个 土 匪 ， 下 作 又 愚 昧 无 知 。 我 不 喜 欢 和 这 种 人 一 起 旅 行 。 
str_npc8_personalityclash_speech_b|{s11}， 那 种 厚 颜 无 耻 的 字 眼 ， 无 意 中 听 到 我 说 我 无 知 、 野 蛮 ， 还 有 其 他 我 不 想 重 复 的 话 。 只 是 出 于 对 你 的 尊 重 ， 我 当 时 没 有 割 断 他 的 喉 咙 。 我 认 为 我 应 该 警 告 你 。 
str_npc9_personalityclash_speech_b|如 果 她 继 续 这 样 ， 我 会 告 诉 她 ， 她 是 一 个 卑 鄙 的 妓 女 ， 如 果 戳 到 她 的 痛 处 ， 我 不 会 道 歉 。 就 这 些 ， {先 生 /女 士 }。 
str_npc10_personalityclash_speech_b|对 我 来 说 ， 他 就 是 一 个 头 脑 简 单 的 土 匪 。 梦 想 家 ， 切 ！ 真 正 的 武 士 已 经 够 坏 的 了 ， 但 这 些 装 作 武 士 的 更 是 让 人 完 全 无 法 忍 受 。 不 管 怎 么 样 ， 我 刚 才 说 的 可 能 对 他 有 点 刻 薄 。 他 还 试 图 冒 犯 ， 我 想 你 应 该 知 道 。 
str_npc11_personalityclash_speech_b|这 个 佛 陀 ， 那 个 经 书 我 。 我 不 喜 欢 她 ， 不 想 和 他 呆 在 一 起 。 很 抱 歉 打 扰 你 。 
str_npc12_personalityclash_speech_b|当 我 试 图 治 疗 他 时 ， 他 退 缩 了 ， 打 了 我 ， 并 指 责 我 有 巫 术 。 {兄 弟 /姐 妹 } 我 对 这 种 忘 恩 负 义 、 无 知 的 人 的 抱 怨 感 到 非 常 厌 倦 。 
str_npc13_personalityclash_speech_b|美 德 固 然 很 好 ， 但 它 并 不 是 人 生 唯 一 值 得 追 求 的 目 标 。 就 我 个 人 而 言 ， 我 从 不 相 信 任 何 一 个 女 人 ， 她 至 少 有 一 次 在 沟 渠 里 喝 醉 了 醒 来 ， 或 者 被 情 人 的 拖 鞋 打 过 。 
str_npc14_personalityclash_speech_b|外 国 人 认 为 这 是 对 我 的 警 告 。 我 不 会 让 人 在 士 兵 面 前 质 疑 我 的 方 法 ， 我 也 不 会 为 任 何 在 连 队 中 容 忍 这 种 不 服 从 命 令 的 指 挥 官 服 务 。 谢 谢 你 允 许 我 说 出 我 的 心 声 。 
str_npc15_personalityclash_speech_b|更 重 要 的 是 ， 我 怀 疑 此 人 是 背 信 弃 义 之 徒 ， 我 向 他 发 出 决 斗 ， 他 却 在 开 始 前 用 剑 将 我 击 倒 。 他 没 有 荣 誉 感 ， 一 个 明 智 长 官 是 不 会 让 他 继 续 呆 在 队 伍 中 的 。 
str_npc16_personalityclash_speech_b|他 的 悲 情 故 事 听 得 我 耳 朵 长 茧 子 ， 关 于 忠 武 的 抱 怨 让 我 心 烦 意 乱 。 他 痴 迷 于 武 士 道 准 则 ， 仿 佛 它 是 一 件 值 得 尊 敬 的 真 实 事 物 ， 而 不 仅 仅 是 一 个 无 聊 的 官 僚 装 腔 作 势 制 定 的 抽 象 理 想 。 我 把 这 话 和 他 一 说 ， 他 立 刻 就 急 了 ， 拔 剑 向 我 发 出 决 斗 。 我 很 乐 意 在 他 没 动 手 之 前 就 宰 了 他 ， 但 我 知 道 你 不 会 喜 欢 的 ， 所 以 我 只 是 打 了 他 一 下 ， 让 他 闭 嘴 。 但 如 果 他 再 跟 我 扯 那 套 废 话 ， 我 就 要 他 的 头 了 。 
str_npc17_personalityclash_speech_b|从 现 在 起 ， 我 再 也 不 会 帮 她 了 ， 不 管 我 曾 经 试 着 帮 助 过 她 少 次 。 但 现 在 这 种 情 况 肯 定 是 处 不 下 去 了 ， 如 果 你 不 纠 正 她 的 行 为 ， 我 就 会 自 己 想 办 法 把 她 给 撵 走 。 
str_npc18_personalityclash_speech_b|我 一 开 始 还 能 忍 受 ， 但 现 在 我 对 他 已 经 无 计 可 施 了 。 如 果 他 继 续 我 行 我 素 ， 我 可 能 会 突 然 向 他 发 起 决 斗 ， 懦 夫 必 然 不 会 接 受 。 这 意 味 着 我 要 当 场 砍 下 他 的 头 ！ 
str_npc19_personalityclash_speech_b|这 是 几 个 意 思 ？ 我 要 把 他 们 都 给 宰 喽 ， 我 还 要 被 不 尊 重 到 什 么 时 候 。 
str_npc20_personalityclash_speech_b|他 一 直 试 图 拿 我 们 各 自 国 家 的 区 别 争 论 以 此 来 刺 激 我 ， 但 我 并 不 在 乎 ！ 我 这 是 。 。 。 对 ， 我 不 在 乎 。 他 说 的 那 些 都 该 是 宫 里 的 太 监 和 王 公 们 说 的 话 ,和 平 民 有 什 么 关 系 。 而 且 最 重 要 的 ， 朝 鲜 和 中 国 是 盟 友 ， 不 是 它 的 一 部 分 !
str_npc21_personalityclash_speech_b|Susmaryosep!(宿 务 语 ， 气 死 偶 嘞 )都 是 因 为 那 些 杂 碎 海 盗 我 才 沦 落 至 此 ， 长 官 你 打 算 怎 么 处 置 她 。 
str_npc22_personalityclash_speech_b|我 知 道 最 后 那 是 什 么 意 思 ， 因 我 并 不 无 知 ， 我 以 前 就 遇 见 过 基 督 徒 。 他 怎 么 了 ？ 
str_npc23_personalityclash_speech_b|{s11}, 那 个 邪 恶 的 异 教 徒 ， 无 意 中 听 到 了 我 的 话 ， 并 斥 责 了 我 的 “ 不 宽 容 ” 。 只 有 通 过 我 对 圣 灵 的 冥 想 ， 我 才 避 免 在 他 站 立 的 地 方 把 他 切 成 两 半 。 你 不 应 该 在 你 的 军 队 里 继 续 保 持 这 种 傲 慢 。 
str_npc1_personalityclash2_speech|队 长 。 我 不 太 喜 欢 {s11}。 
str_npc2_personalityclash2_speech|{先 生 /夫 人 }。 如 果 你 不 介 意 ， 我 宁 愿 不 被 安 放 在 {s11}旁 ， 在 上 一 场 战 斗 结 束 后 他 对 我 说 。 
str_npc3_personalityclash2_speech|{先 生 /夫 人 }。 自 从 我 加 入 你 的 队 伍 以 后 ， 我 努 力 的 学 习 如 何 像 一 个 武 士 一 样 的 生 活 ， 和 如 何 去 尊 重 武 士 道 。 如 果 我 偶 尔 犯 了 错 误 ， 我 希 望 能 被 原 谅 。 
str_npc4_personalityclash2_speech|{先 生 /夫 人 }。 我 需 要 转 达 一 些 话 给 {s11}当 我 们 正 在 分 配 战 利 品 的 时 候 。 请 告 诉 他 当 她 跟 我 说 话 的 时 候 ， 她 应 该 叫 我 “梦 想 大 师 ” 或 者 “ 梦 想 权 之 助 大 师 ” ， 或 “ 宗 师 ” ， 但 最 好 不 要 直 接 叫 梦 想 权 之 助 。 
str_npc5_personalityclash2_speech|队 长 。 {s11}该 闭 嘴 了 ， 我 想 切 掉 他 的 舌 头 。 
str_npc6_personalityclash2_speech|队 长 。 你 看 到 {s11}在 上 次 战 斗 中 的 表 现 了 么 ？ 他 虐 待 那 些 倒 在 战 场 上 的 无 助 的 敌 人 ， 嘲 弄 他 们 的 出 身 ， 他 们 的 愚 蠢 ， 嘲 笑 他 们 与 我 们 作 战 的 愚 蠢 。 
str_npc7_personalityclash2_speech|队 长 ， 我 正 在 想 我 在 哪 里 见 过 {s11}， 一 个 自 称 为 宗 师 的 人 。 哦 对 ， 我 在 上 次 战 斗 中 看 到 过 他 ， 我 突 然 想 起 来 了 。 他 是 一 个 好 的 战 士 ， 但 是 他 的 行 为 很 邪 恶 。 
str_npc8_personalityclash2_speech|队 长 。 {s11}是 我 见 过 最 无 理 最 傲 慢 的 海 盗 。 我 试 着 去 保 持 礼 貌 和 友 好 ， 但 她 拒 绝 了 我 的 好 意 。 
str_npc9_personalityclash2_speech|{先 生 /尊 敬 的 女 士 }， 我 不 想 说 ， 但 是 在 我 看 来 {s11}， 这 个 武 士 夫 人 ， 实 在 是 很 不 识 趣 。 在 上 次 战 斗 中 ， 他 竟 然 抢 夺 我 的 功 劳 。 
str_npc10_personalityclash2_speech|{兄 弟 /大 姐 }， 我 想 问 一 下 ， 到 底 是 你 还 是 {s11}是 我 们 的 首 领 ？ 
str_npc11_personalityclash2_speech|老 大 ， 我 不 觉 得 自 己 是 个 心 软 的 人 ， 但 我 并 不 特 别 喜 欢 {s11} 在 那 里 割 断 敌 人 伤 员 喉 咙 的 方 式 。 
str_npc12_personalityclash2_speech|{兄 弟 /姐 妹 }。 我 再 也 不 能 忍 受 下 流 武 士 的 下 流 了 。 {s11} 不 断 骚 扰 我 ， 向 我 发 起 决 斗 。 我 一 直 拒 绝 再 拒 绝 ， 但 他 还 不 满 意 ， 试 图 找 出 更 恶 毒 的 语 言 来 激 怒 我 。 
str_npc13_personalityclash2_speech|你 好 ， 队 长 ！ {s11}实 在 是 一 个 喜 怒 无 常 的 人 ， 不 是 么 ？ 上 次 战 斗 后 ， 我 只 不 过 是 和 他 友 好 的 聊 彼 此 的 母 亲 ， 这 居 然 让 他 大 发 脾 气 ！ 
str_npc14_personalityclash2_speech|队 长 。 {s11} 毫 无 纪 律 可 言 。 在 那 场 小 规 模 战 斗 中 ， 我 向 他 喊 道 ， “步 伐 协 调 ， 阵 型 一 致 " 。 他 回 头 呛 道 “太 饿 走 不 动 ”。 
str_npc15_personalityclash2_speech|队 长 。 我 必 须 告 诉 你 ， 我 怀 疑 {s11}的 战 斗 力 。 上 次 战 斗 后 ， 当 时 他 正 在 照 顾 伤 员 ， 我 突 然 向 他 袭 击 以 作 测 试 ， 当 然 不 是 致 命 的 。 毕 竟 他 是 您 的 仆 人 。 
str_npc16_personalityclash2_speech|请 你 原 谅 ， 队 长 。 {s11} 可 能 教 别 人 花 拳 绣 腿 还 行 ， 但 他 不 是 一 个 好 的 战 士 。 
str_npc17_personalityclash2_speech|{s11} 是 个 漂 亮 的 姑 娘 ， 但 您 最 好 神 不 知 鬼 不 觉 的 把 她 弄 死 ， 然 后 扔 进 路 边 的 沟 里 。 
str_npc18_personalityclash2_speech|船 长 ， 我 已 经 冷 静 下 来 了 ， 但 我 差 点 杀 了 {s11}。 我 告 诉 其 他 人 我 到 达 伟 大 城 市 巴 格 达 的 时 候 ， 他 打 断 了 我 ， 告 诉 我 有 一 天 它 将 如 何 变 成 废 墟 。 
str_npc19_personalityclash2_speech|{playername}, {s11}给 我 带 来 了 惊 喜 。 
str_npc20_personalityclash2_speech|老 大 ， {s11} 就 是 不 对 。 他 让 我 感 觉 不 好 。 他 的 呼 吸 闻 起 来 像 是 死 亡 ， 我 注 意 到 他 在 战 斗 后 残 害 尸 体 。 
str_npc21_personalityclash2_speech|长 官 ， 如 果 {s11} 不 停 止 对 我 的 批 评 ， 我 就 剥 了 她 的 皮 。 
str_npc22_personalityclash2_speech|{酋 长 /女 祭 }! {s11} 没 有 营 地 纪 律 ！ 我 刚 刚 呵 斥 她 回 来 ， 因 为 他 的 排 污 沟 挖 的 太 烂 了 ， 又 不 顺 风 ， 又 浅 。 如 果 人 人 那 样 ， 疫 病 很 快 就 会 在 军 中 流 行 。 
str_npc23_personalityclash2_speech|{兄 弟 /姐 妹 } , 问 个 事 情 ， 这 到 底 是 你 还 是 {s11} 说 了 算 ?  
str_npc1_personalityclash2_speech_b|他 批 评 了 我 的 战 斗 技 巧 ， 我 的 持 刀 姿 势 ， 挥 刀 的 速 度 。 我 上 战 场 多 少 年 了 ， 没 空 摆 那 些 花 架 子 。 这 种 人 你 最 好 把 他 撵 走 。 
str_npc2_personalityclash2_speech_b|敌 人 阵 型 向 我 们 逼 近 ， 她 说 ， “ 滚 一 边 去 ， 陈 优 木 ， 这 是 老 娘 的 。 ” 下 一 次 ， 我 肯 定 会 缩 到 一 边 的 ， 让 她 的 肚 子 里 多 一 把 长 枪 。 
str_npc3_personalityclash2_speech_b|昨 晚 ， 在 营 地 ， {s11}喝 的 醉 醺 醺 的 开 始 大 谈 耶 稣 基 督 ， 他 是 我 祖 国 的 一 个 宗 教 人 物 ， 现 在 它 演 变 成 了 对 我 的 新 教 和 我 的 日 本 战 友 的 “异 教 ” 的 诽 谤 。 他 抓 起 上 周 给 我 的 一 卷 佛 经 ， 把 它 撕 成 碎 片 ， 然 后 把 一 本 圣 经 推 到 我 脸 上 。 
str_npc4_personalityclash2_speech_b|我 是 赫 赫 有 名 的 血 统 ， 是 平 家 的 后 裔 ， 他 是 最 下 贱 的 出 身 。 他 必 须 摆 清 楚 他 的 位 置 。 
str_npc5_personalityclash2_speech_b|当 我 们 搜 集 战 利 品 的 时 候 ， 我 找 到 了 一 个 非 常 好 的 大 锅 ， 这 样 在 冬 天 我 们 就 可 以 吃 一 些 热 乎 乎 的 东 西 暖 暖 胃 了 。 但 是 {s11}却 抢 走 了 锅 ， 他 还 说 不 能 允 许 我 用 那 些 外 国 蛮 子 的 食 物 来 玷 污 它 ， 尽 管 这 次 我 忍 了 ， 但 是 我 不 能 再 次 容 忍 这 样 的 无 礼 行 径 。 
str_npc6_personalityclash2_speech_b|首 领 ， 这 样 的 傲 慢 行 为 将 天 怒 人 怨 ， 我 想 我 们 可 能 要 为 此 付 出 代 价 。 
str_npc7_personalityclash2_speech_b|回 想 当 我 还 在 学 习 剑 术 的 时 候 ， 我 们 会 经 常 跟 棍 术 道 场 训 练 ， 但 从 来 没 听 过 什 么 叫 神 道 梦 想 流 的 道 场 。 队 长 ， 我 不 会 相 信 任 何 隐 瞒 自 己 的 过 去 的 人 ， 特 别 是 那 些 自 称 是 最 著 名 道 场 宗 师 的 普 通 人 。 
str_npc8_personalityclash2_speech_b|当 我 们 在 最 后 一 场 战 斗 后 保 养 武 器 时 ， 我 说 我 认 为 他 是 一 个 可 敬 的 人 ， 在 我 们 结 束 这 些 战 争 后 ， 我 会 很 高 兴 地 把 他 带 回 圣 母 教 会 的 怀 抱 。 我 认 为 这 是 一 个 非 常 慷 慨 的 提 议 ， 给 一 个 身 处 遥 远 国 度 的 欧 洲 同 胞 ， 远 离 家 乡 分 裂 和 异 端 的 乌 合 之 众 。 但 他 没 有 感 谢 我 ， 只 是 一 言 不 发 地 转 过 身 来 。 只 是 出 于 对 你 领 导 能 力 的 尊 重 ， 我 没 有 立 即 教 他 一 些 礼 貌 。 
str_npc9_personalityclash2_speech_b|我 对 她 在 战 斗 中 的 表 现 感 到 激 赏 ， 但 是 这 并 不 足 以 让 她 成 为 一 个 高 贵 的 人 。 他 的 血 统 并 不 高 贵 ， 他 家 庭 的 财 富 来 自 于 为 其 它 领 主 服 务 。 他 可 以 作 为 我 们 的 辅 助 ， 但 是 最 好 不 要 试 图 抢 走 他 长 辈 的 光 荣 。 
str_npc10_personalityclash2_speech_b|在 上 次 战 斗 中 他 对 我 们 大 喊 下 令 ， “ 前 进 ， 后 退 ， 保 持 阵 形 。 ” 当 我 劝 他 的 时 候 他 却 威 胁 说 要 鞭 打 我 。 队 长 ， 这 个 家 伙 正 在 找 介 错 人 。 请 原 谅 我 的 无 礼 。 
str_npc11_personalityclash2_speech_b|她 高 兴 地 吹 口 哨 的 方 式 ， 这 让 我 的 脊 梁 骨 发 冷 ， 的 确 如 此 。 她 说 她 假 装 他 们 是 蒙 古 蛮 子 就 能 杀 的 心 安 理 得 ， 但 他 们 和 我 一 样 是 日 本 人 ， 我 们 ！ 
str_npc12_personalityclash2_speech_b|{兄 弟 /姐 妹 }， 如 果 那 个 人 能 听 懂 我 的 话 的 十 分 之 一 ， 他 就 会 知 道 ， 我 们 如 此 战 斗 不 是 为 了 什 么 武 士 道 和 荣 誉 。 甚 至 可 以 这 样 说 他 的 内 套 就 现 实 主 义 ， 机 会 主 义 ， 反 社 会 主 义 的 集 合 体 。 而 我 们 追 求 开 化 和 启 蒙 。 如 果 你 把 他 解 雇 ， 我 相 信 我 们 大 家 会 过 得 更 好 。 
str_npc13_personalityclash2_speech_b|当 尘 埃 落 定 ， {s11}叫 我 不 要 用 我 的 傲 慢 引 起 “ 上 天 的 愤 怒 ” 。 我 回 答 说 ， 我 确 实 和 她 已 故 的 老 公 关 系 不 错 ， {s11}像 狒 狒 的 屁 股 一 样 变 红 了 ， 如 果 我 躲 得 不 够 及 时 ， 她 就 砍 到 我 了 ， 告 诉 她 放 松 点 ， 好 吗 ？ 
str_npc14_personalityclash2_speech_b|{先 生 /夫 人 }， 这 样 对 威 信 的 挑 战 会 影 响 我 们 团 队 的 协 调 ， 如 果 他 再 这 样 的 话 我 会 狠 狠 的 用 鞭 子 抽 他 。 
str_npc15_personalityclash2_speech_b|{s11}回 应 说 武 士 道 是 “编 造 的 ” 队 长 ， 没 有 一 个 真 正 的 战 士 会 这 样 不 尊 重 武 士 的 准 则 。 我 认 为 你 不 应 该 雇 用 这 样 一 个 不 可 靠 的 隐 士 。 
str_npc16_personalityclash2_speech_b|上 次 大 战 以 后 ， 我 正 在 给 一 个 腿 受 伤 的 敌 人 来 个 痛 快 ， 他 却 在 那 唧 唧 歪 歪 的 说 我 是 “野 兽 ”。 如 果 他 说 梦 话 也 这 么 不 礼 貌 的 话 ， 我 也 会 给 他 来 那 么 一 下 。 
str_npc17_personalityclash2_speech_b|她 是 个 中 国 人 ， 我 国 民 众 的 灾 祸 。 最 坏 的 灾 祸 ， 超 过 一 切 ， 糟 到 百 姓 们 还 没 意 识 到 她 的 威 胁 。 她 嘴 里 的 话 能 别 信 就 别 信 。 
str_npc18_personalityclash2_speech_b|首 先 ， 我 们 国 家 统 治 那 已 经 是 好 几 个 世 纪 以 前 的 事 情 了 。 第 二 ， 他 好 像 是 个 渴 望 鲜 血 的 野 心 家 ， 一 想 到 我 们 国 家 可 能 会 再 次 出 兵 ， 他 就 异 常 兴 奋 。 
str_npc19_personalityclash2_speech_b|我 搞 不 懂 ， 她 刚 才 盯 着 最 后 一 具 敌 人 的 尸 体 ， 眼 里 满 是 可 怕 的 渴 望 ， 但 最 后 她 却 只 是 拿 走 了 钱 包 ， 但 我 很 确 定 她 眼 里 有 那 种 奇 怪 的 渴 望 。 。 。 很 他 妈 的 确 定 。 。 。 
str_npc20_personalityclash2_speech_b|当 然 ， 我 们 为 了 搜 刮 更 多 的 战 利 品 ， 都 会 做 出 一 些 事 。 但 是 关 于 他 如 何 做 出 这 些 事 和 其 它 事 还 是 有 问 题 的 ， 我 们 刚 招 募 来 的 新 兵 ， 他 一 边 笑 话 他 们 大 概 率 战 死 沙 场 ， 一 边 咂 摸 着 嘴 ， 用 一 种 我 很 反 感 的 语 气 不 停 地 叫 他 们 “鲜 肉 ”。 
str_npc21_personalityclash2_speech_b|她 对 各 种 枯 燥 的 琐 事 都 追 根 到 底 ， 比 如 营 地 的 布 局 ， 行 李 的 摆 放 。 如 果 她 不 尽 快 改 正 ， 我 就 会 失 去 耐 性 并 且 会 抓 狂 ， 这 样 咱 们 的 团 队 就 会 减 员 。 
str_npc22_personalityclash2_speech_b|当 我 告 送 他 什 么 正 确 的 卫 生 顺 序 时 ， 他 发 怒 了 ， 拳 头 握 的 紧 紧 的 。 我 来 找 你 ， 是 为 了 让 你 和 我 一 起 过 去 ， 告 送 那 个 傻 逼 什 么 才 是 对 的 。 
str_npc23_personalityclash2_speech_b|他 批 评 了 我 的 战 斗 方 式 。 我 的 形 式 ， 我 的 技 术 。 我 是 一 个 经 验 丰 富 的 战 斗 老 兵 。 我 没 有 时 间 让 趾 高 气 昂 的 武 士 们 懂 得 人 类 的 秩 序 。 我 想 你 最 好 摆 脱 他 ... 
str_npc1_personalitymatch_speech|头 儿 。 {s11}在 上 一 次 的 战 斗 表 现 得 很 好 ， 而 且 那 家 伙 有 一 幅 好 心 肠 。 
str_npc2_personalitymatch_speech|{先 生 /夫 人 }。 我 想 告 诉 你 们 ， 或 许 {s11}是 一 个 粗 鲁 的 家 伙 ， 而 且 是 一 个 彻 头 彻 尾 的 小 流 氓 ， 但 我 很 乐 意 称 他 为 我 的 伙 伴 ， 并 为 此 而 骄 傲 。 
str_npc3_personalitymatch_speech|你 好 ， {先 生 /夫 人 }！ 我 要 告 诉 你 {s11}是 一 个 非 常 优 雅 的 姑 娘 。 你 看 到 他 在 上 一 场 战 斗 中 的 表 现 了 吗 ？ 
str_npc4_personalitymatch_speech|很 抱 歉 打 扰 你 ， {先 生 /夫 人 }。 我 只 是 想 来 夸 奖 一 下 {s11}。 上 一 场 战 斗 中 她 干 得 很 漂 亮 。 
str_npc5_personalitymatch_speech|真 是 一 场 精 彩 的 战 斗 。 {playername}阁 下 ！ {s11}能 和 我 们 一 起 战 斗 真 是 太 好 了 。 
str_npc6_personalitymatch_speech|队 长 。 虽 然 我 知 道 我 们 必 须 要 击 败 骄 傲 的 军 阀 ， 制 服 嗜 血 的 盗 匪 ， 即 使 我 们 是 在 为 日 本 的 和 平 而 战 ， 这 些 杀 戮 还 是 会 让 我 迷 惑 。 
str_npc7_personalitymatch_speech|队 长 。 我 刚 刚 和 {s11}谈 了 谈 ， 或 许 她 看 起 来 有 点 野 性 未 驯 ， 但 她 是 一 个 值 得 信 任 的 伙 伴 。 
str_npc8_personalitymatch_speech|刚 才 那 真 是 一 场 精 彩 的 战 斗 ， 队 长 。 而 且 我 要 承 认 ， {s11}对 敌 人 的 那 些 嘲 讽 实 在 是 精 彩 。 
str_npc9_personalitymatch_speech|队 长 。 战 斗 结 束 后 ， {s11}向 我 表 达 了 她 的 问 候 。 它 可 真 是 一 个 优 雅 谦 恭 的 君 子 。 
str_npc10_personalitymatch_speech|啊 嘿 ！ 兄 弟 ！ 希 望 你 对 这 次 的 胜 利 感 到 高 兴 。 以 她 的 年 龄 来 说 ， {s11}表 现 得 相 当 好 ， 尽 管 我 自 己 现 在 也 是 一 个 老 家 伙 。 
str_npc11_personalitymatch_speech|{s11} 在 刚 才 内 场 战 斗 中 ， 他 的 表 现 并 不 差 。 他 也 是 个 好 人 。 
str_npc12_personalitymatch_speech|血 腥 的 活 计 ， 队 长 ， 虽 然 无 法 避 免 ， 真 是 一 场 血 腥 的 活 计 。 当 然 ， 我 相 信 {s11}在 这 持 续 的 战 斗 中 会 始 终 给 予 我 支 持 。 
str_npc13_personalitymatch_speech|你 为 你 赢 得 了 出 众 的 名 声 ， 英 勇 的 战 士 ！ 还 有 {s11}， 她 也 是 ！ 我 喜 欢 那 个 家 伙 ， 他 在 参 战 时 引 用 了 《 圣 经 》 中 的 诗 句 ， 看 起 来 她 和 我 一 样 有 着 艺 术 家 的 灵 魂 。 
str_npc14_personalitymatch_speech|队 长 。 和 {s11}这 样 的 战 士 并 肩 作 战 是 一 件 愉 快 的 事 。 
str_npc15_personalitymatch_speech|队 长 。 我 想 谈 谈 {s11}在 上 一 场 战 斗 中 的 表 现 ， 那 让 我 清 楚 了 这 个 人 有 聪 明 的 头 脑 。 
str_npc16_personalitymatch_speech|噢 ！ 队 长 ， 在 我 们 收 拾 尸 体 的 时 候 ， 我 刚 刚 和 {s11}交 谈 过 。 以 前 我 们 之 间 的 一 些 小 冲 突 根 本 没 什 么 。 
str_npc17_personalitymatch_speech|{s11} 虽 然 是 野 蛮 的 ， 但 我 在 其 它 方 面 看 到 了 他 真 正 的 高 贵 。 
str_npc18_personalitymatch_speech|队 长 ！ {s11} 是 一 个 迷 人 的 女 人 。 她 的 一 生 中 大 部 分 时 间 都 生 活 在 中 国 东 部 的 大 海 之 上 ， 但 觉 得 我 和 她 志 同 道 合 。 
str_npc19_personalitymatch_speech|狗 操 的 。 。 。 ！ 有 {s11} 一 同 作 战 是 真 爽 。 
str_npc20_personalitymatch_speech|我 的 天 ！ 我 以 为 我 的 经 历 就 够 精 彩 了 ， 但 是 和 {s11} 一 比 我 啥 也 不 是 。 
str_npc21_personalitymatch_speech|{s11} 实 际 上 相 当 无 礼 。 首 先 他 叫 我 菲 律 宾 佬 ， 这 个 该 死 的 西 班 牙 杂 碎 竟 然 这 样 称 呼 我 们 。 其 次 ， 他 坚 持 用 西 班 牙 语 和 我 交 流 。 
str_npc22_personalitymatch_speech|{酋 长 /女 祭 }, 你 觉 得 我 这 样 的 人 和 {s11} 在 一 起 的 概 率 有 多 大 ? 我 的 意 思 是 ， 虽 然 我 的 地 位 在 这 很 高 ， 但 是 在 他 描 述 中 他 在 自 己 祖 国 的 那 样 地 位 。 。 。 我 配 得 上 他 吗 ？ 
str_npc23_personalitymatch_speech|{兄 弟 /姐 妹 },  你 今 天 赢 得 了 你 的 荣 誉 ， 哦 ， 勇 敢 的 人 ！ 还 有 {s11} ！ 我 喜 欢 那 个 人 。 当 他 进 入 战 场 时 ， 他 引 用 了 圣 经 中 的 经 文 。 我 想 知 道 他 是 否 有 兴 趣 帮 助 我 们 进 行 十 字 军 东 征 ？ 
str_npc1_personalitymatch_speech_b|{s11} 毫 无 疑 问 是 个 不 错 的 选 择 。 她 可 以 教 我 一 两 个 技 巧 。 事 实 上 ， 远 不 止 这 些 。 。 。 她 很 讨 人 喜 欢 ， 即 使 对 武 士 来 说 也 是 如 此 。 
str_npc2_personalitymatch_speech_b|从 他 在 上 一 场 战 斗 的 表 现 来 看 ， 我 得 承 认 ， 在 战 斗 时 他 确 实 值 得 依 靠 ， 不 过 我 仍 然 要 看 紧 我 的 缎 带 就 是 了 。 
str_npc3_personalitymatch_speech_b|我 得 承 认 ， 她 确 实 是 一 个 令 人 愉 快 的 伙 伴 ， 知 书 达 理 ， 也 许 ， 也 许 …… 啊 ， 我 说 得 有 点 多 了 ， 一 会 儿 见 ， {先 生 /夫 人 }。 
str_npc4_personalitymatch_speech_b|你 让 他 加 入 我 们 实 在 是 很 英 明 ， 他 不 仅 对 战 斗 得 心 应 手 ， 也 明 白 对 战 友 表 示 尊 敬 的 重 要 性 ， 从 这 一 点 来 看 ， 他 和 其 他 人 确 实 有 所 不 同 。 
str_npc5_personalitymatch_speech_b|换 个 角 度 看 ， 我 对 他 和 我 相 等 的 贵 族 身 份 表 示 怀 疑 ， 但 我 不 得 不 佩 服 他 厚 颜 无 耻 地 要 求 所 有 人 都 称 他 为 “大 师 ”。 
str_npc6_personalitymatch_speech_b|{s11}真 的 让 我 感 到 如 释 重 负 ， 我 向 他 讲 述 了 我 过 去 的 遭 遇 。 他 对 我 说 ， 我 的 目 标 是 值 得 的 ， 我 的 处 理 是 正 义 的 。 他 很 聪 明 ， 我 很 高 兴 他 和 我 们 在 一 起 。 
str_npc7_personalitymatch_speech_b|如 果 将 来 你 不 再 需 要 我 们 效 劳 的 话 ， 他 已 经 答 应 和 我 一 起 开 办 一 所 剑 术 学 校 。 这 真 是 一 个 亲 切 的 提 议 。 我 感 谢 她 ， 很 高 兴 能 与 她 并 肩 作 战 。 
str_npc8_personalitymatch_speech_b|她 设 法 在 一 首 精 心 编 排 的 能 剧 中 加 入 了 他 们 的 家 谱 、 外 貌 和 饮 食 习 惯 。 我 个 人 更 喜 欢 歌 剧 ， 但 我 们 欧 洲 人 听 到 歌 剧 时 尊 重 创 作 诗 意 的 工 艺 。 
str_npc9_personalitymatch_speech_b|如 果 她 有 日 本 血 统 ， 我 很 可 能 会 向 她 求 婚 ， 可 惜 他 只 是 一 个 外 国 人 。 尽 管 如 此 ， 在 行 军 时 和 他 交 谈 仍 然 是 一 件 令 人 愉 快 的 事 。 
str_npc10_personalitymatch_speech_b|啊 ， 那 恰 恰 说 明 了 年 轻 并 不 是 一 切 ， 经 验 同 样 可 以 让 你 赢 得 战 斗 。 我 想 我 们 两 人 可 以 给 那 些 小 家 伙 们 好 好 上 几 课 ， 不 是 吗 ？ 
str_npc11_personalitymatch_speech_b|我 想 老 {s11} 特 别 向 我 教 了 一 两 个 技 巧 。 那 依 然 很 棒 ， 我 想 。 即 使 他 已 经 大 到 可 以 当 我 祖 父 了 。 
str_npc12_personalitymatch_speech_b|夺 走 同 胞 的 生 命 让 她 深 感 悲 痛 ， 尽 管 这 是 正 义 的 事 业 。 她 和 我 一 起 谈 到 了 一 个 更 光 明 的 未 来 ， 谈 到 了 团 结 日 本 这 些 小 的 交 战 领 土 的 必 要 性 ， 以 便 我 们 可 以 终 结 这 段 战 乱 的 时 期 。 
str_npc13_personalitymatch_speech_b|而 且 ， 虽 然 我 通 常 更 喜 欢 年 轻 的 日 本 人 ， 而 不 是 外 国 的 老 头 ， 但 我 承 认 我 也 注 意 到 他 试 图 隐 藏 在 他 发 誓 独 身 之 下 的 欲 望 。 说 实 话 ， 尽 管 在 行 军 和 扎 营 时 他 表 现 得 很 冷 淡 ， 但 我 的 赞 美 和 恭 维 或 许 可 以 融 化 包 裹 住 他 内 心 的 北 方 冰 雪 。 
str_npc14_personalitymatch_speech_b|他 是 一 个 资 深 的 士 兵 ， 也 许 他 的 脚 步 没 有 其 他 士 兵 那 么 快 ， 但 是 他 懂 得 在 战 场 上 保 持 严 整 阵 线 的 智 慧 。 把 他 收 进 部 队 ， 你 很 有 眼 光 。 
str_npc15_personalitymatch_speech_b|战 争 和 其 他 事 相 同 ， 要 求 严 密 的 计 划 ， 详 细 的 准 备 ， 以 及 对 战 场 形 势 的 紧 紧 把 握 。 其 他 的 方 面 都 相 同 的 情 况 下 ， 训 练 有 素 的 部 队 将 赢 得 战 斗 。 很 显 然 这 一 点 在 我 们 的 上 一 场 战 斗 里 就 得 到 了 体 现 。 我 可 以 这 样 断 言 ， 现 在 他 们 或 许 会 诅 咒 他 ， 但 我 敢 担 保 ， 他 们 会 慢 慢 开 始 感 谢 他 。 
str_npc16_personalitymatch_speech_b|你 听 说 过 他 的 故 事 吗 ？ 你 能 相 信 他 受 到 的 伤 害 吗 ？ 我 告 诉 你 ， 这 让 我 怒 不 可 遏 。 我 想 砍 掉 那 些 追 捕 他 的 混 蛋 的 头 ， 如 果 我 们 在 旅 行 中 遇 到 他 们 ， 我 也 会 这 样 做 。 
str_npc17_personalitymatch_speech_b|这 不 是 她 的 错 ， 她 出 生 在 一 个 荒 地 ， 她 的 人 民 不 知 道 如 何 种 植 谷 物 或 其 他 文 明 价 值 观 。 我 想 当 我 的 闯 荡 生 涯 结 束 后 ， 我 让 她 成 为 朝 鲜 的 王 妃 。 
str_npc18_personalitymatch_speech_b|她 向 我 描 述 她 的 旅 程 与 我 自 己 的 相 同 点 ， 但 她 都 是 按 图 索 骥 去 了 很 多 地 区 。 我 已 经 体 验 了 世 界 上 的 大 多 数 不 同 的 地 区 ， 但 她 向 我 展 示 了 还 有 更 多 的 地 方 要 去 发 现 ， 生 命 要 去 体 验 ， 还 有 更 多 人 。 。 。 遇 到 。 。 。 
str_npc19_personalitymatch_speech_b|斐 勒 知 道 怎 么 烤 猪 才 是 最 好 吃 的 ！ 而 且 他 总 能 找 到 食 材 ， 哪 怕 是 一 场 血 战 之 后 也 能 找 到 。 
str_npc20_personalitymatch_speech_b|我 们 都 是 知 道 彼 此 是 最 具 有 冒 险 精 神 的 女 性 ， 尽 管 我 们 满 足 自 己 旅 行 欲 望 的 方 式 不 同 。 我 想 我 交 到 了 一 辈 子 的 好 朋 友 。 
str_npc21_personalitymatch_speech_b|尽 管 如 此 ， 他 还 是 让 人 耳 目 一 新 。 他 是 我 最 好 的 朋 友 。 。 。 他 甚 至 给 我 起 了 个 外 号 ， 吃 豆 人 ， 管 它 什 么 意 思 呢 。 
str_npc22_personalitymatch_speech_b|但 是 ， 请 不 要 被 我 的 观 点 所 误 解 。 我 不 会 把 自 己 降 到 妾 或 情 妇 的 地 位 。 如 果 我 不 能 成 为 一 个 大 老 婆 ， 最 好 还 是 生 活 在 这 种 单 相 思 里 。 
str_npc23_personalitymatch_speech_b|我 必 须 说 ， {s11} 对 我 来 说 是 一 个 很 大 的 安 慰 。 我 已 经 告 诉 了 他 我 的 情 况 ， 他 对 我 说 ， 我 的 目 标 是 值 得 的 ， 我 的 方 法 是 正 确 的 。 他 是 明 智 的 ， 我 很 高 兴 他 与 我 们 在 一 起 
str_npc1_retirement_speech|我 对 在 大 陆 上 来 来 回 回 的 行 军 感 到 有 些 厌 烦 了 …… 我 并 不 像 其 他 人 一 样 …… 战 利 品 确 实 很 丰 厚 ， 但 我 觉 得 我 已 经 得 到 够 多 了 。 现 在 ， 我 想 回 到 我 故 乡 的 村 子 ， 找 个 好 女 人 安 定 下 来 。 如 果 我 的 储 蓄 能 够 承 受 的 话 ， 或 许 我 会 做 养 马 的 生 意 。 
str_npc2_retirement_speech|对 浪 人 的 生 活 有 点 厌 倦 了 。 我 要 回 到 我 的 情 人 身 边 ， 让 她 看 看 我 成 长 了 多 少 。 我 想 再 次 感 谢 你 接 纳 我 ， 并 祝 你 武 运 昌 隆 。 
str_npc3_retirement_speech|我 有 些 事 不 得 不 告 诉 你 ， 我 已 经 决 定 退 役 了 ， 日 本 的 生 活 并 不 适 合 我 。 虽 然 对 我 而 言 ， 现 在 想 要 适 应 已 经 太 晚 了 ， 但 我 可 能 有 足 够 的 钱 回 到 英 格 兰 。 我 希 望 你 不 要 生 气 ， {先 生 /女 士 }。 
str_npc4_retirement_speech|为 你 战 斗 是 我 的 光 荣 ， 并 且 十 分 适 合 我 梦 想 家 之 后 裔 的 身 份 。 但 我 不 能 完 全 认 可 你 的 统 帅 能 力 。 现 在 ， 我 要 回 去 继 承 我 祖 传 的 道 场 ， 那 里 更 需 要 我 。 
str_npc5_retirement_speech|阁 下 ， 自 从 我 成 为 你 的 部 下 以 来 ， 我 努 力 ， 忠 诚 地 为 你 战 斗 。 但 你 却 没 有 给 我 应 得 的 报 酬 和 地 位 。 所 以 现 在 我 要 回 到 故 乡 了 ， 希 望 皇 上 已 经 遗 忘 了 我 ， 这 样 ， 我 就 能 再 见 到 我 的 父 亲 和 兄 弟 了 。 
str_npc6_retirement_speech|当 初 ， 我 怀 着 在 你 的 带 领 下 让 日 本 摆 脱 黑 暗 的 期 望 加 入 了 你 的 队 伍 ， 而 且 我 确 实 在 这 里 寻 找 到 了 久 违 的 平 静 。 可 是 ， 我 渐 渐 对 你 的 领 导 感 到 不 安 ， 也 许 ， 为 我 夫 君 报 仇 的 方 法 在 别 的 地 方 可 以 找 到 。 
str_npc7_retirement_speech|我 已 经 厌 烦 了 这 在 无 止 境 的 杀 戮 中 挣 扎 的 肮 脏 生 活 了 ， 我 也 受 够 了 看 着 人 们 因 为 恐 惧 ， 贪 婪 ， 色 欲 和 其 他 数 不 清 的 罪 行 而 堕 落 了 。 我 已 经 赚 了 足 够 的 钱 ， 现 在 我 要 航 海 去 寻 找 一 块 比 日 本 的 多 的 地 方 生 活 。 我 相 信 你 会 和 我 说 再 见 的 ， 不 是 吗 ？ 
str_npc8_retirement_speech|我 为 你 战 斗 了 不 少 日 子 ， 而 我 表 现 的 也 不 错 。 但 你 的 领 导 无 法 始 终 让 我 满 意 ， 而 且 我 现 在 有 了 别 的 出 路 。 我 要 带 着 我 的 皈 依 者 和 赢 得 的 战 利 品 组 成 一 只 舰 队 ， 前 往 中 国 ， 并 在 哪 里 开 始 传 教 。 祝 您 一 切 顺 利 。 
str_npc9_retirement_speech|我 们 在 一 起 战 斗 得 很 好 ， 我 们 也 赢 得 了 众 多 荣 誉 。 不 过 ， 我 仍 然 对 你 的 领 导 有 所 保 留 。 至 少 我 要 先 拿 回 我 的 遗 产 ， 不 得 不 离 开 你 。 希 望 有 一 天 我 们 能 够 再 见 。 
str_npc10_retirement_speech|来 来 去 去 在 日 本 这 块 地 方 行 军 已 经 快 把 我 逼 疯 了 ， 我 已 经 赚 到 了 买 一 小 块 土 地 的 钱 ， 所 以 我 想 我 应 该 试 着 定 居 下 来 ， 祝 你 好 运 ， 再 见 。 
str_npc11_retirement_speech|我 承 认 ， 你 让 我 加 入 你 的 队 伍 确 实 是 帮 了 我 这 个 女 孩 一 个 大 忙 ， 但 我 发 现 这 样 的 生 活 并 不 比 流 浪 更 适 合 我 。 战 斗 的 生 活 始 终 面 临 着 温 饱 的 问 题 ， 并 且 时 时 刻 刻 都 在 与 死 亡 擦 肩 而 过 。 对 一 个 女 孩 来 说 这 太 难 了 ， 所 以 ， 虽 然 我 还 没 有 将 来 的 目 标 ， 但 我 选 择 离 开 。 
str_npc12_retirement_speech|我 在 你 的 部 队 中 任 劳 任 怨 ， 因 此 我 养 活 了 自 己 ， 赚 到 了 不 少 钱 ， 扩 展 了 不 少 治 疗 外 伤 的 知 识 。 我 不 应 该 为 此 抱 怨 的 ！ 但 是 现 在 我 发 觉 在 部 队 让 我 止 步 不 前 ， 我 有 义 务 用 我 的 知 识 救 助 更 多 的 伤 患 ， 因 此 ， 我 要 回 到 故 乡 了 ， 祝 你 好 运 。 
str_npc13_retirement_speech|随 着 你 的 名 声 越 发 的 响 亮 ， 我 自 身 的 声 望 与 你 的 差 距 就 像 月 亮 的 光 芒 与 太 阳 相 比 一 样 。 所 以 我 最 终 决 定 退 出 了 。 祝 你 好 运 ！ 
str_npc14_retirement_speech|我 要 告 诉 你 一 件 事 ， 那 就 是 我 决 定 中 断 我 们 的 关 系 了 。 我 要 去 寻 找 更 自 由 的 雇 主 了 。 
str_npc15_retirement_speech|我 很 感 激 你 一 路 带 着 我 ， 但 是 我 对 你 做 的 一 些 事 情 并 不 满 意 。 我 决 定 去 其 他 地 方 了 ， 也 许 回 家 ， 也 许 找 别 的 工 作 ， 这 个 我 还 没 最 终 决 定 。 
str_npc16_retirement_speech|我 在 这 团 队 过 得 很 好 ， 我 在 战 场 上 找 到 了 一 两 件 漂 亮 的 小 饰 品 ， 但 现 在 它 没 什 么 用 。 我 要 离 开 你 ， 所 以 我 决 定 离 开 你 去 另 寻 明 主 。 
str_npc17_retirement_speech|我 已 经 决 定 了 日 本 不 适 合 我 。 我 想 我 适 应 可 能 已 经 太 晚 了 ， 当 地 的 贵 族 们 无 能 为 力 ， 贫 穷 不 堪 ， 但 可 能 已 经 过 了 足 够 的 时 间 让 人 们 忘 记 我 并 可 以 回 到 韩 国 。 
str_npc18_retirement_speech|我 已 经 厌 烦 了 这 在 无 止 境 的 杀 戮 中 挣 扎 的 肮 脏 生 活 了 ， 我 也 受 够 了 看 着 人 们 因 为 恐 惧 ， 贪 婪 ， 色 欲 和 其 他 数 不 清 的 罪 行 而 堕 落 了 。 我 已 经 赚 了 足 够 的 钱 ， 现 在 我 要 航 海 去 寻 找 一 块 比 日 本 的 多 的 地 方 生 活 。 我 相 信 你 会 和 我 说 再 见 的 ， 不 是 吗 ？ 
str_npc19_retirement_speech|我 在 这 个 团 队 度 过 了 美 好 的 时 光 ， {playername}， 但 我 该 走 了 。 这 不 是 我 该 做 的 事 或 者 出 现 的 时 间 。 
str_npc20_retirement_speech|你 能 接 纳 我 让 我 进 入 这 个 团 队 ， 我 很 感 激 。 但 我 担 心 我 发 现 这 种 生 活 和 在 海 上 一 样 不 讨 我 喜 欢 。 又 冷 又 饿 ， 并 且 时 时 刻 刻 都 在 与 死 亡 擦 肩 而 过 。 对 一 个 我 来 说 这 太 难 了 ， 所 以 ， 虽 然 我 还 没 有 将 来 的 目 标 ， 但 我 选 择 离 开 。 
str_npc21_retirement_speech|我 很 感 激 你 接 受 我 ， 但 我 对 事 情 的 进 展 并 不 完 全 满 意 。 我 要 去 别 的 地 方 ， 也 许 回 家 ， 也 许 找 另 一 位 大 师 ， 我 还 没 决 定 。 
str_npc22_retirement_speech|我 们 一 起 奋 斗 得 很 好 ， 为 自 己 赢 得 了 很 多 荣 誉 。 但 我 对 你 们 的 领 导 能 力 有 些 不 满 ， 至 少 我 还 有 我 的 部 落 要 回 去 。 我 要 离 开 你 了 。 也 许 我 们 还 会 再 见 面 。 
str_npc23_retirement_speech|我 们 曾 并 肩 作 战 ， 赢 得 了 不 少 荣 光 。 但 我 对 您 的 领 导 方 式 有 所 保 留 ， 况 且 我 终 须 返 回 故 土 。 或 许 将 来 还 有 重 逢 之 日 。 
str_npc1_rehire_speech|老 大 ， 很 高 兴 又 见 到 你 。 我 知 道 我 们 曾 经 意 见 有 分 歧 ， 但 是 说 实 话 ， 那 却 是 我 最 快 乐 的 时 光 。 还 有 ， 说 实 话 ， 我 要 再 找 其 他 工 作 也 挺 困 难 的 ， 所 以 如 果 你 希 望 我 回 来 的 话 我 会 很 乐 意 再 次 和 你 共 事 。 
str_npc2_rehire_speech|{先 生 /夫 人 }！ 再 见 到 你 太 棒 了 。 我 回 到 情 妇 身 边 ， 准 备 再 次 服 侍 她 。 但 她 只 是 好 奇 地 问 ， “这 么 快 就 回 来 了 ？ ”她 根 本 不 确 定 我 学 到 了 什 么 ！ 她 甚 至 没 有 注 意 到 我 现 在 看 起 来 老 了 。 那 么 告 诉 我 ， {先 生 /女 士 }， 你 能 让 我 再 回 来 一 会 儿 吗 ？ 
str_npc3_rehire_speech|你 好 {先 生 /夫 人 }！ 很 高 兴 再 次 见 到 你 。 自 从 我 们 分 手 以 来 ， 我 恐 怕 过 得 不 太 好 。 我 的 钱 能 够 到 达 中 国 大 陆 ， 但 我 的 钱 还 没 来 得 及 支 付 回 欧 洲 的 旅 费 就 花 光 了 。 中 国 比 日 本 更 不 受 欢 迎 ， 尤 其 是 当 每 个 人 都 知 道 我 是 从 日 本 过 来 的 时 候 。 也 许 我 更 适 合 战 争 而 不 是 商 业 ， 更 适 合 与 粗 野 的 人 在 篝 火 旁 共 进 晚 餐 ， 而 不 是 与 阿 姆 斯 特 丹 的 市 民 喝 酒 。 {先 生 /女 士 }， 我 必 须 问 你 ， 你 能 带 我 回 去 吗 ？ 
str_npc4_rehire_speech|嘿 ， 你 好 ， 队 长 。 真 是 过 了 好 久 啊 。 我 听 说 你 过 得 不 错 啊 。 而 我 则 为 了 我 那 点 财 产 困 难 地 支 撑 着 道 场 ， 蝗 虫 ， 糟 糕 的 降 雨 ， 不 听 话 的 农 奴 ， 各 种 各 样 的 麻 烦 接 连 不 断 。 我 想 我 得 再 次 拿 起 我 的 剑 了 。 我 知 道 我 们 之 间 有 些 问 题 ， 但 是 能 再 次 为 你 挥 剑 是 我 的 荣 耀 。 
str_npc5_rehire_speech|{playername}阁 下 ！ 你 的 名 声 更 加 响 亮 了 ， 甚 至 远 在 我 的 祖 国 ， 远 在 大 海 之 外 。 我 回 到 那 里 ， 希 望 皇 帝 的 人 已 经 忘 记 了 。 事 实 ， 他 们 没 有 ， 甚 至 在 我 踏 上 我 的 家 乡 之 前 ， 我 的 堂 兄 就 告 诉 我 ， 朝 廷 鹰 犬 正 在 找 我 。 所 以 我 又 回 来 了 ， 希 望 你 们 能 忘 记 我 说 过 的 任 何 刺 耳 的 话 ， 看 看 我 能 否 再 次 和 你 们 战 斗 
str_npc6_rehire_speech|很 高 兴 见 到 你 ， {先 生 /夫 人 }。 我 所 经 之 地 ， 人 们 都 敬 畏 于 你 的 所 做 所 为 。 而 我 在 分 别 后 却 过 得 不 怎 么 样 。 无 论 我 到 哪 里 ， 我 心 中 的 恶 魔 都 会 回 来 。 我 的 灵 魂 在 受 煎 熬 。 不 知 道 为 什 么 ， 在 你 的 队 伍 中 我 能 感 受 到 安 宁 ， 虽 然 我 对 你 的 领 导 能 力 还 是 抱 有 疑 问 。 请 允 许 我 再 次 为 你 服 务 。 
str_npc7_rehire_speech|队 长 ！ 很 高 兴 见 到 你 。 忘 了 我 在 离 开 时 说 的 那 些 混 账 话 吧 。 我 从 鹿 儿 岛 坐 船 启 程 往 西 ， 但 是 半 路 被 海 盗 打 劫 。 我 被 赎 出 来 后 就 被 送 回 了 这 里 。 如 果 住 在 日 本 是 我 的 宿 命 ， 那 么 在 你 的 队 伍 里 就 是 最 好 的 选 择 了 。 你 愿 意 我 回 来 吗 ？ 
str_npc8_rehire_speech|你 好 ， {playername}。 我 希 望 你 不 再 介 意 我 离 开 时 说 的 那 些 伤 人 的 话 。 我 一 直 向 来 日 本 的 华 人 传 教 ， 但 他 们 似 乎 都 是 海 盗 ， 因 为 良 善 之 辈 不 能 出 海 。 难 度 可 想 而 知 ， 而 那 些 皈 依 者 很 快 就 厌 倦 了 那 样 的 生 活 ， 离 开 了 我 。 所 以 我 回 想 起 我 们 一 起 战 斗 的 情 景 。 那 是 美 好 的 日 子 ， 所 以 你 能 让 我 回 来 嘛 。 
str_npc9_rehire_speech|噢 ， 亲 爱 的 {先 生 /女 士 }！ 见 到 你 太 好 了 ！ 我 为 这 块 大 陆 的 许 多 领 主 服 务 过 了 ， 但 是 他 们 让 我 失 望 透 顶 了 。 他 们 中 有 一 半 要 求 我 通 过 写 短 歌 或 弹 琵 琶 来 为 他 们 取 乐 ， 就 好 像 我 是 一 个 艺 人 一 样 。 他 们 不 承 认 朝 廷 公 家 的 高 贵 ！ 我 一 直 在 找 你 ， 想 知 道 你 是 否 希 望 我 再 次 加 入 你 的 行 列 。 
str_npc10_rehire_speech|队 长 ！ 很 高 兴 见 到 你 。 显 然 ， 我 不 是 个 合 格 的 农 场 主 。 我 对 那 些 雇 佣 工 太 手 软 了 。 我 稀 里 糊 涂 的 被 他 们 抢 劫 了 。 我 想 我 最 擅 长 的 还 是 战 斗 了 。 告 诉 我 ， 队 长 ， 你 还 在 找 合 适 的 人 吗 ？ 
str_npc11_rehire_speech|队 长 ！ 见 到 你 太 好 了 ！ 人 们 都 说 你 过 得 棒 极 了 。 我 承 认 我 是 个 贱 骨 头 。 当 初 我 离 开 是 因 为 我 觉 得 当 个 战 士 不 适 合 我 。 但 是 当 我 在 城 镇 里 呆 了 一 段 时 间 后 我 发 现 这 里 更 糟 。 与 这 里 糟 糕 的 生 活 相 比 ， 不 挨 饿 的 肚 子 ， 值 得 信 任 的 队 友 ， 还 有 看 着 敌 人 在 你 面 前 溃 逃 的 那 种 喜 悦 简 直 棒 极 了 。 所 以 ， 希 望 你 能 再 次 雇 佣 我 
str_npc12_rehire_speech|队 长 ！ 能 见 到 你 这 样 诚 实 的 人 真 是 太 好 了 。 这 个 世 界 充 满 了 谎 言 。 我 回 去 重 修 了 我 的 寺 院 ， 和 我 的 兄 弟 们 聚 在 一 起 。 他 们 组 建 了 僧 兵 团 ， 因 为 在 您 部 队 的 经 历 ， 这 让 我 很 兴 奋 。 但 事 实 证 明 ， 他 们 散 开 的 时 候 只 不 过 是 土 匪 而 已 。 而 新 兵 和 外 行 只 不 过 是 寻 求 暂 时 避 难 所 打 着 幌 子 的 亡 命 之 徒 ， 而 不 是 为 过 去 的 罪 行 赎 罪 的 人 。 只 有 和 您 在 一 起 ， 我 才 能 继 续 进 步 ， 我 能 回 来 吗 ？ 
str_npc13_rehire_speech|你 好 ， 勇 敢 的 人 。 我 一 直 希 望 能 再 见 到 你 。 我 所 到 之 处 都 有 故 事 与 诗 歌 在 传 颂 你 的 事 迹 。 我 承 认 在 我 们 分 开 后 我 感 到 阵 阵 悔 意 。 我 也 得 承 认 当 初 离 开 是 对 你 的 声 誉 的 阵 阵 嫉 妒 所 致 。 我 想 我 要 再 次 在 你 身 边 战 斗 即 使 被 你 的 荣 耀 的 光 芒 所 掩 盖 。 也 许 我 们 可 以 再 次 并 肩 骑 行 ， 哪 怕 只 是 一 小 会 ？ 
str_npc14_rehire_speech|队 长 。 很 高 兴 见 到 你 。 当 我 离 开 时 我 差 点 发 誓 永 远 不 会 再 为 你 服 务 。 但 是 也 许 我 太 武 断 了 。 在 日 本 的 每 个 角 落 ， 人 们 都 在 传 颂 你 的 事 迹 。 我 曾 试 着 在 其 他 领 主 的 军 队 中 服 役 ， 但 是 相 信 我 ， 我 的 所 见 所 闻 使 我 否 定 了 之 前 我 对 你 的 领 导 能 力 的 质 疑 。 如 果 你 能 允 许 我 加 入 你 的 队 伍 ， 我 会 再 次 为 你 挥 舞 手 中 的 宝 剑 。 
str_npc15_rehire_speech|你 好 ， {playername}。 见 到 你 我 不 能 说 我 不 高 兴 。 在 和 你 分 别 后 我 又 跟 了 另 外 一 个 主 子 ， 但 是 到 发 工 钱 的 时 候 那 个 领 主 除 了 借 口 和 对 我 工 作 的 埋 怨 没 给 我 一 分 钱 。 我 不 能 说 在 你 的 队 伍 里 我 过 得 很 开 心 ， 但 是 至 少 每 次 战 斗 后 我 都 能 切 实 拿 到 我 的 报 酬 。 你 还 在 招 人 吗 ？ 
str_npc16_rehire_speech|队 长 ！ 自 从 我 们 上 次 见 面 以 后 人 们 都 说 你 过 得 很 好 。 我 得 承 认 在 我 离 开 时 我 咒 骂 过 你 的 名 字 ， 但 是 再 一 想 你 不 会 总 那 么 糟 糕 的 。 所 有 这 些 领 主 ， 他 们 似 乎 很 乐 意 让 我 做 些 跑 腿 的 小 事 ， 但 是 他 们 从 没 把 我 列 入 主 力 战 线 的 考 虑 范 围 。 显 然 我 惊 吓 了 那 些 男 人 。 我 听 过 一 些 关 于 我 的 传 言 ， 他 们 说 我 是 个 女 巫 ， 说 什 么 我 在 杀 死 男 人 后 会 吃 下 他 们 的 心 脏 ， 还 有 其 他 一 些 可 恶 的 传 言 。 虽 然 我 并 不 介 意 在 一 个 男 人 熟 睡 时 刺 穿 他 的 胸 膛 ， 但 是 在 他 们 醒 着 还 能 挣 扎 的 时 候 杀 他 更 刺 激 。 所 以 我 试 着 再 次 找 到 你 ， 看 你 会 不 会 再 次 带 上 我 。 
str_npc17_rehire_speech|{大 人 /夫 人 } {playername},我 试 图 回 到 韩 国 ， 但 差 一 点 就 死 了 。 现 在 我 回 到 日 本 ， 恳 请 您 能 再 次 收 留 我 。 
str_npc18_rehire_speech|船 长 ， 我 正 要 向 南 驶 向 摩 鹿 加 群 岛 ， 我 以 前 去 过 这 个 地 方 ， 但 从 来 没 有 住 很 长 时 间 ， 这 时 我 下 了 船 。 我 内 心 有 某 种 感 觉 是 ， 我 在 日 本 的 时 光 还 没 有 结 束 。 你 能 让 我 回 来 吗 ？ 
str_npc19_rehire_speech|{playername}! 还 好 吗 ！ 想 我 吗 ？ 说 实 话 ， 我 想 你 。 嘿 ， 像 过 去 一 样 一 起 战 斗 怎 么 样 ？ 
str_npc20_rehire_speech|老 大 ， 我 又 冷 又 饿 ， 晕 船 ， 这 是 我 以 前 没 有 过 的 。 我 想 我 现 在 是 旱 鸭 子 了 。 让 我 回 来 怎 么 样 ？ 
str_npc21_rehire_speech|在 我 离 开 你 之 后 ， 我 比 其 它 时 候 都 还 要 饿 。 咱 们 能 再 一 个 锅 里 搅 马 勺 吗 ？ 
str_npc22_rehire_speech|{酋 长 /女 祭 }, 还 记 得 我 们 第 一 次 见 面 的 时 候 吗 ？ 我 们 讨 论 说 要 建 立 一 个 新 的 平 泉 城 。 我 们 都 知 道 这 只 是 一 个 玩 笑 ， 但 它 却 引 发 了 我 熊 熊 燃 烧 的 欲 望 。 我 觉 得 只 有 在 你 的 帮 助 下 我 才 能 完 成 我 的 伟 业 。 。 。 你 能 让 我 回 来 吗 ？ 
str_npc23_rehire_speech|啊 ， 是 你 啊 ， 尊 敬 的 {先 生 /女 士 }。 还 记 得 我 们 初 次 相 遇 的 情 景 吗 ？ 我 深 感 唯 有 在 你 麾 下 效 力 ， 方 能 完 成 我 应 尽 之 事 ……不 知 我 们 能 否 重 续 契 约 ？ 
str_npc1_home_intro|老 大 ， 你 知 道 我 出 生 在 这 附 近 的 山 阴 道 地 区 吗 ？ 这 就 是 我 掌 握 剑 术 诀 窍 的 地 方 ， 因 为 这 里 是 战 斗 的 好 地 方 ， 尽 管 对 男 人 来 说 是 一 片 艰 苦 的 土 地 。 山 阴 也 是 从 京 都 到 九 州 这 条 路 的 名 字 。 大 大 小 小 的 领 主 都 想 控 制 它 。 
str_npc2_home_intro|我 们 正 在 接 近 江 户 。 那 就 是 我 祖 父 失 踪 之 前 说 要 去 的 地 方 。 
str_npc3_home_intro|你 能 闻 到 吗 ？ 大 豆 被 发 酵 成 酱 油 的 臭 味 。 这 是 三 浦 的 气 味 。 这 是 我 的 船 沉 没 后 冲 上 岸 的 地 方 。 人 们 收 留 了 我 ， 当 时 我 更 担 心 的 是 臭 味 ， 而 不 是 我 的 伤 口 。 
str_npc4_home_intro|北 海 岸 。 呸 。 这 个 地 方 到 处 都 是 强 盗 。 
str_npc5_home_intro|阁 下 ， 我 们 正 在 接 近 冈 山 ， 这 是 山 阴 道 地 区 最 大 的 城 镇 。 我 的 船 在 长 崎 着 陆 ， 但 我 第 一 次 想 到 的 是 在 这 里 向 领 主 找 份 事 做 。 在 那 之 后 ， 我 遇 到 了 你 。 
str_npc6_home_intro|我 快 到 家 了 ， 我 能 看 到 我 家 旁 边 那 山 坡 上 的 樱 花 树 。 不 过 我 不 想 看 到 我 的 家 人 ， 你 到 城 里 去 的 时 候 ， 我 还 是 在 外 面 逛 逛 好 了 ， 我 想 你 能 够 理 解 吧 。 
str_npc7_home_intro|咸 鱼 、 河 泥 和 沤 麻 的 味 道 ， 你 闻 到 了 吗 ？ 这 就 是 我 的 童 年 。 真 让 人 恶 心 。 
str_npc8_home_intro|嗨 。 你 听 到 了 吗 ？ 一 定 是 佛 寺 的 钟 声 。 我 们 一 定 在 上 宫 寺 附 近 。 
str_npc9_home_intro|看 广 岛 城 ！ 日 本 最 坚 固 的 堡 垒 。 我 虽 然 是 京 都 朝 廷 的 侍 从 ， 但 我 和 住 在 这 里 的 大 名 有 亲 戚 关 系 。 
str_npc10_home_intro|你 闻 到 新 鲜 空 气 了 吗 ， {兄 弟 /姐 妹 }？ 这 是 我 去 游 离 之 前 的 家 。 再 次 来 到 群 山 附 近 真 好 。 这 是 一 股 自 由 的 气 息 ， 在 山 城 之 下 。 
str_npc11_home_intro|我 们 肯 定 快 到 家 了 。 
str_npc12_home_intro|如 果 你 感 兴 趣 的 话 ， 我 们 将 经 过 一 个 最 大 邪 恶 聚 集 地 。 
str_npc13_home_intro|看 ， 长 冈 ！ 多 美 的 地 方 啊 ， 坐 落 山 脚 之 下 …… 我 在 这 里 有 过 一 段 多 么 美 好 的 时 光 …… 就 在 前 年 夏 天 ……
str_npc14_home_intro|山 谷 尽 头 的 那 个 峰 顶 上 ， 看 到 那 城 没 ？ 柴 田 ？ 几 年 前 我 曾 在 那 儿 ， 用 整 个 冬 天 来 训 练 领 主 的 部 下 。 
str_npc15_home_intro|看 到 山 头 上 那 个 建 筑 了 么 ？ 他 们 叫 它 小 田 原 城 。 不 久 之 前 我 还 在 这 儿 干 活 。 它 不 像 大 陆 上 有 些 城 堡 那 么 华 丽 ， 但 他 绝 对 是 我 见 过 最 高 水 平 的 石 工 建 筑 。 
str_npc16_home_intro|嘿 ， 长 官 ， 我 们 一 定 是 离 我 出 生 的 地 方 不 远 了 。 
str_npc17_home_intro|啊 ， 博 多 。 这 是 我 第 一 次 踏 足 日 本 的 地 方 。 
str_npc18_home_intro|哦 ， 到 奈 良 了 。 
str_npc19_home_intro|奥 巴 马 城 ？ (日 语 谐 音 )哈 哈 哈 哈 哈 。 
str_npc20_home_intro|长 崎 ！ 这 是 我 离 家 最 近 的 地 方 。 
str_npc21_home_intro|高 智 城 堡 镇 ， 是 我 下 船 后 遇 到 的 第 一 个 居 民 区 。 
str_npc22_home_intro|我 们 正 在 接 近 平 泉 遗 迹 。 
str_npc23_home_intro|我 们 正 在 接 近 古 都 奈 良 。 
str_npc1_home_description|嗯 ， 从 古 代 开 始 ， 武 士 们 就 喜 欢 在 这 里 建 城 筑 寨 ， 当 时 皇 帝 第 一 次 给 他 们 封 地 以 统 治 地 方 。 她 还 在 童 年 的 时 候 ， 武 士 们 就 打 得 至 死 方 休 。 现 在 ， 统 治 这 里 大 名 住 在 姬 路 城 。 
str_npc2_home_description|人 们 说 我 们 武 士 是 一 群 嗜 血 的 杀 人 犯 ， 但 如 果 你 问 我 的 话 ， 我 觉 得 我 们 非 常 有 文 化 ， 非 常 有 礼 貌 。 知 晓 ， 诗 书 ， 冥 想 ， 这 些 都 是 武 士 教 育 的 一 部 分 ， 就 像 剑 术 和 射 箭 一 样 。 那 些 拦 路 抢 劫 我 祖 父 的 强 盗 能 做 到 吗 ？ 
str_npc3_home_description|日 本 与 欧 罗 巴 比 相 对 隔 绝 ， 看 在 上 帝 的 份 上 ， 甚 至 与 中 原 文 化 也 相 对 孤 立 。 但 即 使 在 这 个 内 战 的 时 代 ， 日 本 人 也 建 立 了 伟 大 的 工 业 。 他 们 并 没 有 停 滞 不 前 。 总 有 一 天 ， 他 们 将 无 法 再 隐 藏 ， 他 们 将 不 得 不 与 他 国 交 流 。 但 他 们 不 会 落 后 太 多 。 他 们 迎 头 直 追 。 也 许 他 们 甚 至 会 超 过 中 国 人 和 欧 洲 人 。 
str_npc4_home_description|呃 ， 是 这 样 的 ， 一 个 藩 主 曾 经 向 明 国 宣 战 ， 当 然 他 自 己 不 可 能 攻 陷 城 市 。 所 以 他 把 农 民 和 渔 民 囚 禁 起 来 ， 武 装 他 们 。 让 他 们 乘 船 去 朝 鲜 和 中 国 海 域 肆 虐 。 那 么 习 惯 了 海 盗 生 涯 的 人 回 家 以 后 能 干 什 么 呢 ？ 田 地 早 已 荒 芜 ， 渔 船 早 已 蛀 虫 。 他 们 把 自 己 的 故 事 和 武 艺 传 授 给 自 己 的 孩 子 。 虽 然 他 们 不 能 再 靠 劫 掠 汉 人 和 朝 鲜 人 来 快 钱 ， 但 这 里 到 处 都 是 肥 猪 。 
str_npc5_home_description|中 国 人 总 是 来 日 本 做 生 意 。 至 少 在 明 朝 皇 帝 禁 止 之 前 ， 我 们 还 是 有 不 少 人 还 是 干 这 行 ， 但 与 以 前 相 比 的 ， 连 涓 涓 细 流 都 不 是 。 
str_npc6_home_description|在 京 都 ， 我 们 的 方 言 和 习 俗 比 日 本 其 他 任 何 地 方 都 更 接 近 大 和 。 我 们 种 植 水 稻 ， 这 些 作 物 是 天 皇 当 初 从 中 原 带 来 的 ， 我 们 也 遵 循 传 统 的 生 活 方 式 。 
str_npc7_home_description|在 我 接 受 武 士 训 练 之 前 ， 在 我 出 门 游 历 之 前 ， 我 住 在 这 里 。 我 出 生 在 一 座 豪 宅 里 ， 但 童 年 是 在 田 野 附 近 度 过 的 。 我 们 是 地 主 ， 不 过 从 没 接 触 过 农 民 ， 只 看 到 他 那 些 该 死 的 奴 才 和 监 工 。 我 父 亲 虽 然 又 胖 又 懒 ， 但 他 们 却 怕 他 怕 的 很 ， 在 他 面 前 畏 畏 缩 缩 。 
str_npc8_home_description|在 欧 洲 的 家 乡 ， 我 们 耶 稣 会 士 被 认 为 是 军 国 主 义 者 。 依 纳 爵 · 罗 耀 拉 修 士 是 西 班 牙 军 队 中 的 一 名 骑 士 ， 有 点 像 武 士 。 他 根 据 他 在 战 争 中 的 经 历 建 立 了 我 们 的 秩 序 。 但 是 这 些 佛 教 徒 。 。 。 
str_npc9_home_description|我 们 的 天 祖 是 摄 政 手 下 的 一 位 参 赞 。 我 的 曾 祖 是 长 子 ， 次 子 作 为 大 名 。 事 情 就 是 这 样 。 虽 然 公 家 和 武 家 似 乎 尊 卑 差 的 很 远 ， 但 我 们 毕 竟 都 还 是 贵 族 ， 即 使 是 有 着 共 同 血 统 的 武 士 ， 最 终 也 会 嫁 入 拥 有 更 显 赫 血 统 的 家 族 。 他 们 虽 然 不 能 改 变 自 己 的 背 景 ， 但 他 们 的 孩 子 仍 将 拥 有 母 亲 的 高 贵 血 统 。 
str_npc10_home_description|我 们 这 里 有 日 本 西 部 最 好 的 樱 花 树 。 大 约 五 千 棵 树 。 来 自 全 国 各 地 的 人 们 来 这 里 观 赏 春 天 盛 开 的 花 朵 。 我 们 一 年 中 也 有 无 数 的 节 日 。 我 怀 念 那 种 生 活 。 
str_npc11_home_description|我 来 自 宇 治 。 你 知 道 ， 日 本 最 大 最 神 圣 的 神 社 周 围 的 村 庄 吗 ？ 是 啊 ， 不 管 我 来 自 哪 里 ， 我 都 不 是 一 个 道 德 高 尚 的 人 。 尽 管 我 成 长 过 程 中 最 好 的 朋 友 是 神 社 的 巫 女 。 
str_npc12_home_description|福 井 城 的 领 主 是 第 一 个 向 一 向 一 揆 宣 战 的 人 。 讽 刺 的 是 ， 他 的 一 个 儿 子 是 虔 诚 的 佛 教 徒 大 名 ， 他 阻 止 了 我 被 处 死 。 
str_npc13_home_description|我 和 一 个 来 自 京 都 的 小 商 团 来 到 这 里 ， 但 他 们 被 森 林 里 的 强 盗 抓 住 了 。 我 骑 马 逃 跑 ， 在 一 个 漂 亮 的 牧 女 帮 助 下 ， 到 深 谷 躲 藏 起 来 。 她 带 我 到 了 一 个 牧 地 旁 的 小 山 洞 ， 给 我 带 干 酪 和 浆 果 来 ， 还 跟 我 讲 了 当 地 的 一 些 传 说 ， 比 如 帮 迷 路 的 动 物 领 回 畜 群 的 顽 皮 的 山 羊 人 ， 还 有 架 着 云 彩 追 逐 暴 风 云 的 幽 灵 猎 人 。 哈 ， 真 是 群 可 爱 的 乡 巴 佬 ！ 
str_npc14_home_description|我 说 “ 难 对 付 ” ， 是 因 为 在 我 看 来 ， 足 轻 不 善 于 自 律 。 他 们 中 我 见 过 最 好 的 弓 箭 手 ， 也 有 很 好 的 矛 兵 ， 但 他 们 在 战 斗 后 很 难 约 束 。 他 们 的 技 能 在 战 争 中 很 有 用 ， 但 他 们 不 像 武 士 那 样 全 面 。 没 有 诗 歌 ， 没 有 禅 宗 ， 没 有 灵 魂 。 只 是 厮 杀 。 
str_npc15_home_description|与 这 里 的 大 多 数 城 堡 一 样 ， 它 的 地 基 来 自 室 町 时 期 。 地 理 位 置 也 很 好 ， 小 田 原 就 坐 落 在 关 东 平 原 出 口 的 关 隘 正 前 方 ， 这 让 领 主 可 以 控 制 通 过 东 海 道 的 交 通 。 
str_npc16_home_description|我 家 的 财 产 不 多 ， 不 足 以 雇 佣 一 支 足 轻 部 队 。 这 就 是 为 什 么 我 们 必 须 成 为 一 个 身 份 更 高 的 领 主 。 我 们 的 大 部 分 收 入 都 来 自 于 此 。 
str_npc17_home_description|我 从 船 上 掉 下 来 ， 所 以 我 接 触 这 个 国 家 的 第 一 部 分 可 能 是 肩 膀 。 但 卫 兵 又 把 我 扔 出 去 了 一 次 。 
str_npc18_home_description|这 是 我 到 达 时 第 一 个 想 要 来 的 地 方 。 它 曾 经 是 日 本 第 一 个 真 正 的 首 都 ， 你 知 道 吗 ？ 
str_npc19_home_description|奥 巴 马 。 城 堡 。 啊 哈 哈 哈 哈 哈 哈 哈 哈 。 
str_npc20_home_description|我 是 在 中 国 出 生 的 。 具 体 来 说 是 福 建 省 。 我 在 那 里 的 时 间 甚 至 比 在 这 里 还 多 。 但 长 崎 是 我 长 大 的 地 方 。 我 也 是 在 那 里 认 识 我 丈 夫 的 。 我 教 了 他 我 所 知 道 的 一 切 ， 然 后 他 像 我 一 样 变 成 了 海 盗 。 
str_npc21_home_description|本 质 上 来 说 我 并 没 有 真 的 跳 。 这 意 味 着 我 偷 偷 溜 走 了 ， 因 为 我 的 船 员 都 不 知 道 。 老 实 说 ， 这 太 残 忍 了 。 我 把 副 官 一 切 为 二 ， 并 劫 持 了 两 位 卫 兵 作 为 人 质 。 
str_npc22_home_description|这 是 一 个 虾 夷 聚 落 ， 但 在 规 模 和 辉 煌 程 度 上 曾 与 京 都 媲 美 。 
str_npc23_home_description|我 曾 经 在 书 上 了 解 过 这 座 城 市 。 
str_npc1_home_description_2|他 对 我 们 这 样 的 种 田 人 的 并 不 好 ， 而 且 要 求 的 税 款 太 多 太 多 ， 即 便 我 们 根 本 付 不 起 。 这 片 土 地 种 水 稻 不 太 好 。 坦 白 说 ， 它 只 适 合 钓 鱼 。 在 夏 天 ， 大 名 会 带 着 他 的 军 队 东 奔 西 跑 ， 然 后 在 冬 天 从 另 一 条 路 撤 退 。 很 容 易 预 测 。 
str_npc2_home_description_2|我 不 理 想 化 或 痴 迷 于 正 确 的 道 德 观 念 ， 但 我 训 作 战 和 搏 杀 ， 与 我 同 阶 层 的 人 作 战 和 搏 杀 ， 因 为 我 们 有 责 任 确 保 人 民 的 安 全 。 总 有 一 天 ， 我 们 会 生 活 在 一 个 没 有 人 的 祖 父 会 突 然 消 失 在 路 上 的 时 代 。 
str_npc3_home_description_2|日 出 之 地 。 。 。 
str_npc4_home_description_2|你 问 我 是 怎 么 知 道 的 ？ 好 吧 …… 我 曾 经 被 他 们 捉 住 过 ， 并 要 求 赎 金 ， 但 是 我 逃 跑 了 。 这 就 是 真 实 的 故 事 。 
str_npc5_home_description_2|我 猜 事 情 就 是 这 样 的 。 
str_npc6_home_description_2|我 很 自 豪 来 自 此 国 。 现 在 的 统 治 者 是 一 些 准 幕 府 将 领 的 附 庸 ， 但 就 我 而 言 ， 他 只 是 又 一 个 暴 发 户 武 士 ， 我 们 只 尊 敬 天 皇 ， 只 为 他 的 摄 政 服 务 。 
str_npc7_home_description_2|我 们 可 以 在 河 边 种 水 稻 ， 捕 河 鱼 ， 但 在 开 阔 地 里 我 们 只 能 种 亚 麻 ， 但 这 些 东 西 全 部 会 被 当 作 税 款 收 走 。 所 以 我 们 总 是 很 饥 饿 ， 很 虚 弱 ， 从 来 没 有 勇 气 反 抗 。 
str_npc8_home_description_2|在 欧 洲 ， 宗 教 人 士 拿 起 武 器 或 为 宗 教 而 战 并 非 闻 所 未 闻 。 我 们 对 穆 斯 林 和 异 教 徒 进 行 了 圣 战 。 还 有 清 洁 派 一 家 。 现 在 我 们 与 分 裂 的 新 教 徒 作 战 。 但 是 僧 侣 和 主 持 自 己 拿 起 武 器 发 动 战 争 ？ 佛 教 真 是 一 种 暴 力 的 宗 教 。 
str_npc9_home_description_2|即 便 我 重 振 家 业 无 望 ， 血 脉 中 的 传 承 却 从 未 断 绝 。 若 我 将 来 子 嗣 绵 延 ， 他 们 或 许 只 需 谋 个 武 士 身 份 ， 就 像 掌 管 此 镇 的 远 房 表 亲 那 样 ， 延 续 这 份 血 脉 便 够 了 。 
str_npc10_home_description_2|但 是 这 里 的 土 地 不 适 合 种 植 水 稻 ， 我 是 第 二 个 儿 子 。 因 为 我 不 打 算 待 在 家 里 当 农 民 ， 长 大 后 我 就 出 发 去 大 阪 了 。 从 那 以 后 ， 一 直 作 为 普 通 劳 工 在 不 同 的 大 城 市 游 走 。 无 论 如 何 ， 最 后 遇 到 了 你 。 
str_npc11_home_description_2|但 三 浦 不 仅 仅 是 巨 大 的 神 殿 。 我 们 这 里 也 有 农 民 和 渔 民 ， 不 仅 仅 是 僧 侣 和 朝 圣 者 。 他 们 都 是 好 人 。 除 了 我 们 的 商 人 和 武 士 ， 他 们 都 是 十 足 的 坏 蛋 。 作 为 一 个 小 偷 ， 我 介 于 两 者 之 间 。 
str_npc12_home_description_2|未 经 准 备 。 你 永 远 不 知 道 谁 是 你 的 朋 友 和 敌 人 。 让 我 的 寺 庙 被 洗 劫 的 大 名 不 知 道 我 们 是 平 和 的 。 但 现 在 ， 当 幸 存 者 拿 起 武 器 时 ， 他 真 的 吓 坏 了 。 和 我 不 同 的 是 ， 我 的 许 多 兄 弟 组 成 的 僧 兵 团 开 始 大 肆 抓 捕 武 士 作 为 俘 虏 ， 对 所 有 武 士 怀 有 强 烈 的 敌 意 。 他 们 永 远 不 会 知 道 武 士 里 也 有 救 我 一 命 的 人 。 
str_npc13_home_description_2|最 后 我 还 是 得 走 ， 有 时 我 会 试 图 找 到 她 ， 但 不 ， 不 ， 任 何 人 都 不 应 该 回 头 。 
str_npc14_home_description_2|如 果 有 任 何 人 统 一 我 们 的 这 块 小 地 方 ， 我 会 击 溃 他 们 并 让 他 们 永 远 不 能 再 犯 境 。 这 样 的 野 心 家 太 多 了 。 但 我 想 我 们 不 会 让 他 们 得 逞 的 。 我 的 同 族 也 不 会 加 入 他 们 就 像 我 一 样 。 
str_npc15_home_description_2|这 里 的 事 情 很 有 趣 ， 当 武 士 第 一 次 反 抗 公 家 时 ， 他 们 都 说 他 们 不 会 再 有 任 何 傀 儡 统 治 者 了 。 你 可 以 猜 猜 他 们 维 持 多 久 这 种 理 想 。 北 条 氏 最 终 控 制 了 幕 府 ， 就 像 任 何 摄 政 或 关 白 一 样 控 制 天 皇 ， 换 汤 不 换 药 ， 如 此 下 流 无 耻 。 随 后 北 条 又 被 他 们 的 后 继 者 足 利 幕 府 推 翻 后 ， 一 个 号 称 北 条 幕 府 远 亲 的 又 一 个 北 条 ， 占 据 了 小 田 原 城 ， 开 启 了 双 方 的 长 时 间 的 战 争 。 现 在 我 们 可 能 即 将 迎 来 第 三 个 幕 府 。 也 许 这 次 他 们 真 的 会 继 续 掌 权 。 
str_npc16_home_description_2|尽 管 要 养 这 么 多 张 嘴 ， 但 人 们 在 这 过 得 还 算 不 错 。 不 过 ， 大 名 并 不 是 善 人 把 我 们 当 大 爷 养 。 毕 竟 我 们 必 须 为 他 上 阵 搏 杀 至 死 方 休 。 当 然 ， 如 果 我 有 一 座 自 己 的 城 池 和 自 己 的 军 队 。 我 不 敢 保 证 我 会 拿 出 我 的 大 部 分 收 入 让 这 些 下 等 武 士 和 足 轻 也 满 足 温 饱 。 强 者 行 其 所 能 为 ， 弱 智 忍 其 所 必 受 。 
str_npc17_home_description_2|日 本 人 很 困 惑 ， 试 图 把 我 推 回 船 上 ， 但 船 上 的 人 都 奉 命 行 事 。 总 算 ， 船 员 说 服 了 本 地 人 ， 我 是 贵 族 ， 而 不 是 一 个 罪 犯 。 
str_npc18_home_description_2|至 少 当 地 人 一 直 这 么 告 诉 我 ！ 我 只 是 来 欣 赏 那 些 宏 伟 的 寺 庙 。 
str_npc19_home_description_2|我 来 过 这 里 无 数 次 ， 它 对 我 的 影 响 会 相 伴 一 生 。 
str_npc20_home_description_2|我 应 该 为 我 引 他 奔 赴 黄 泉 而 感 到 懊 悔 ， 但 我 的 内 疚 是 因 为 我 到 现 在 一 点 也 不 感 到 羞 耻 。 他 知 道 自 己 在 做 什 么 ， 就 像 我 知 道 自 己 在 做 什 么 一 样 。 他 碰 巧 死 了 ， 我 碰 巧 活 着 。 生 活 就 是 这 样 凑 巧 。 
str_npc21_home_description_2|我 强 迫 他 们 把 我 带 到 四 国 岛 ， 他 们 的 脸 离 我 只 有 几 英 寸 远 。 确 切 地 说 ， 当 我 们 登 陆 时 ， 他 们 试 图 抓 捕 我 ， 我 将 永 远 不 会 和 另 一 个 人 说 话 。 
str_npc22_home_description_2|当 然 ， 这 里 的 居 民 是 日 本 人 ， 就 像 他 们 是 阿 努 伊 人 一 样 ， 但 仍 然 。 。 。 我 越 想 曾 经 ， 心 跳 就 越 快 。 
str_npc23_home_description_2|我 记 得 她 在 一 千 多 年 前 曾 是 日 本 首 都 ， 其 他 我 忘 了 ， 等 我 回 国 再 翻 下 那 本 书 。 
str_npc1_home_recap|我 来 自 山 阴 道 ， 靠 近 {s21} 。 
str_npc2_home_recap|我 出 生 在 山 区 的 一 座 城 堡 里 。 我 是 一 个 武 士 ， 一 个 武 士 的 女 儿 ， 一 个 武 士 的 孙 女 。 
str_npc3_home_recap|在 日 本 ， 我 大 部 分 时 间 住 在 {s20}， 但 我 在 {s21} 作 为 一 名 伤 患 度 过 了 最 初 的 几 个 月 。 
str_npc4_home_recap|我 们 的 祖 传 道 场 在 金 泽 附 近 的 山 上 。 
str_npc5_home_recap|我 出 生 在 山 脉 另 一 边 的 山 区 ， 但 我 在 {s21}有 亲 戚 。 
str_npc6_home_recap|我 家 住 在 {s21}， 但 我 不 能 忍 受 回 到 那 里 。 
str_npc7_home_recap|我 出 生 在 离 {s21} 不 远 的 一 座 豪 宅 里 。 
str_npc8_home_recap|我 出 生 在 海 外 的 纳 瓦 拉 。 
str_npc9_home_recap|我 来 自 京 都 ， 那 里 是 天 皇 的 朝 廷 所 在 地 。 
str_npc10_home_recap|在 津 山 出 生 和 长 大 ， {兄 弟 /姐 姐 }， 我 希 望 有 一 天 在 那 里 买 到 土 地 。 但 是 我 想 首 先 看 看 世 界 ， 所 以 我 去 大 城 市 找 工 作 。 
str_npc11_home_recap|我 出 生 并 在 最 神 圣 的 神 道 教 圣 地 宇 治 长 大 。 我 的 家 人 只 是 农 民 。 
str_npc12_home_recap|在 我 加 入 寺 庙 之 前 ， 我 不 认 为 自 己 已 经 有 了 生 命 。 
str_npc13_home_recap|哦 ， 离 这 里 很 远 ， 我 的 {大 人 /女 士 }， 否 则 你 就 已 经 听 说 我 的 事 迹 了 ， 不 需 要 问 这 样 的 问 题 。 
str_npc14_home_recap|我 是 大 名 的 小 儿 子 。 
str_npc15_home_recap|我 来 小 田 原 城 附 近 。 
str_npc16_home_recap|为 什 么 ， 队 长 ， 我 出 生 在 芦 屋 ， 但 我 是 在 统 治 清 须 的 大 名 家 里 长 大 的 。 
str_npc17_home_recap|我 来 自 半 岛 上 朝 鲜 的 汉 阳 ， 我 通 过 博 多 湾 来 到 日 本 。 
str_npc18_home_recap|我 来 自 蒙 古 北 部 。 
str_npc19_home_recap|嗨 ， 你 去 过 奥 巴 马 城 堡 ？ 
str_npc20_home_recap|在 日 本 长 崎 就 是 我 的 第 二 故 乡 。 
str_npc21_home_recap|我 来 自 宿 务 的 拉 惹 图 帕 斯 王 国 。 
str_npc22_home_recap|我 是 来 自 虾 夷 地 的 虾 夷 人 ， 但 我 也 是 逃 离 大 和 迫 害 的 幸 存 者 。 
str_npc23_home_recap|我 是 理 查 德 上 尉 ， 曾 服 役 于 联 邦 骑 兵 。 如 今 我 来 到 这 个 奇 妙 的 国 度 。 听 闻 此 地 机 遇 颇 多 ， 我 意 图 从 中 获 利 。 
str_npc1_honorific|老 板 
str_npc2_honorific|{先 生 /夫 人 }
str_npc3_honorific|{先 生 /夫 人 }
str_npc4_honorific|队 长 
str_npc5_honorific|{playername}阁 下 
str_npc6_honorific|队 长 
str_npc7_honorific|队 长 
str_npc8_honorific|{playername}
str_npc9_honorific|{仁 慈 的 先 生 /仁 慈 的 女 士 }
str_npc10_honorific|{兄 弟 /姐 姐 }
str_npc11_honorific|{小 伙 子 /小 姑 娘 }， 我 是 说 队 长 
str_npc12_honorific|队 长 
str_npc13_honorific|哦 ， 勇 敢 的 家 伙 。 
str_npc14_honorific|指 挥 官 
str_npc15_honorific|队 长 
str_npc16_honorific|队 长 
str_npc17_honorific|{领 主 / 夫 人 }  {playername}
str_npc18_honorific|{playername} {可 汗 / 女 可 汗 }
str_npc19_honorific|{playername}
str_npc20_honorific|队 长 
str_npc21_honorific|{先 生 /夫 人 }  {playername}
str_npc22_honorific|{酋 长 /女 祭 } {playername}
str_npc23_honorific|队 长 
str_npc1_kingsupport_1|为 什 么 ， 这 是 个 好 主 意 ！ 我 想 我 得 学 着 叫 你 {playername}主 人 ， 尽 管 。 。 。 
str_npc2_kingsupport_1|我 的 {大 人 /女 士 } 我 会 支 持 你 的 。 我 认 为 你 应 该 给 日 本 一 种 它 长 期 以 来 所 需 要 的 开 明 制 度 。 
str_npc3_kingsupport_1|好 吧 ， 我 的 大 人 ， 我 会 担 心 你 。 历 史 告 诉 我 们 权 力 往 往 导 致 堕 落 。 但 话 说 回 来 ， 我 很 欣 慰 你 在 领 导 我 们 团 队 的 时 候 所 表 现 出 来 的 仁 慈 和 判 断 力 。 
str_npc4_kingsupport_1|好 吧 ， 队 长 ， 我 想 你 将 会 成 为 一 个 贵 族 血 统 纯 正 的 {将 军 /摄 政 }， 我 将 唯 你 马 首 是 瞻 ……
str_npc5_kingsupport_1|一 个 好 主 意 ， 你 已 经 证 明 你 知 道 如 何 管 理 人 民 了 。 不 过 ， 请 注 意 ， 你 要 公 正 地 管 理 他 们 。 。 。 
str_npc6_kingsupport_1|我 不 能 判 断 你 的 主 张 是 否 符 合 法 律 价 值 。 不 过 ， 我 觉 得 和 这 儿 碌 碌 无 为 的 其 他 大 名 不 同 ， 你 有 统 一 这 片 大 陆 的 能 力 ， 而 那 将 终 结 这 场 无 尽 的 战 争 ， 诸 侯 烽 火 连 天 、 贵 族 尔 虞 我 诈 、 兄 弟 睨 于 墙 内 ， 实 在 是 让 我 们 在 上 苍 面 前 蒙 羞 啊 。 
str_npc7_kingsupport_1|是 ！ 听 你 的 。 你 知 道 怎 么 去 对 付 强 盗 和 恶 棍 。 
str_npc8_kingsupport_1|那 些 受 到 上 帝 恩 宠 的 人 可 以 要 求 他 们 国 家 的 王 位 。 我 想 你 可 以 这 样 做 。 
str_npc9_kingsupport_1|很 好 ， 我 的 大 人 。 我 是 只 为 天 皇 服 务 的 真 正 贵 族 ， 而 这 些 大 名 只 为 幕 府 将 军 服 务 。 所 以 我 也 就 不 欠 他 什 么 ， 但 我 会 支 持 你 们 建 立 自 己 的 幕 府 ， 如 果 这 意 味 着 让 他 们 都 屈 服 的 话 。 
str_npc10_kingsupport_1|好 吧 ， {兄 弟 /姐 们 }， 我 觉 得 可 以 有 {幕 府 将 军 /摄 政 }， 如 果 说 真 的 要 有 {幕 府 将 军 /摄 政 }， 那 你 就 将 会 是 一 位 比 较 好 的 {幕 府 将 军 /摄 政 }……
str_npc11_kingsupport_1|啊 ， 很 好 的 想 法 ， 老 板 ！ 所 有 这 些 现 在 统 治 日 本 的 大 名 和 武 士 ， 他 们 的 辻 切 和 切 捨 御 免 ， 可 以 对 任 何 人 出 于 任 何 原 因 ， 在 他 们 认 为 不 尊 重 自 己 的 情 况 下 ， 随 意 行 使 ， 拔 刀 便 砍 ， 日 本 人 应 该 得 到 更 好 的 生 活 。 
str_npc12_kingsupport_1|我 深 信 你 将 成 为 一 个 优 秀 的 幕 府 将 军 ， 队 长 。 我 一 直 以 能 看 人 而 自 诩 ， 而 你 早 就 表 现 出 了 远 远 超 乎 那 些 自 称 君 王 的 家 伙 的 仁 慈 。 
str_npc13_kingsupport_1|那 将 是 一 件 好 事 ， {playername}主 人 ！ 许 多 故 事 是 关 于 {英 雄 /女 英 雄 } 的 ， 他 证 明 了 {他 /她 } 通 过 英 勇 统 治 的 价 值 。 也 许 你 知 道 {源 赖 朝 ， 镰 仓 幕 府 /神 功 皇 后 的 第 一 个 幕 府 ， 她 征 服 了 朝 鲜 并 以 自 己 的 权 利 统 治 }。 一 个 精 彩 的 故 事 ！ 
str_npc14_kingsupport_1|好 吧 ， 先 生 ， 上 苍 给 世 间 定 下 身 份 等 级 ， 而 我 一 般 乐 于 认 命 。 不 过 我 也 认 为 这 片 大 陆 的 大 名 们 大 多 暗 弱 无 能 ， 不 配 称 为 幕 府 将 军 ， 应 该 让 更 优 秀 的 {人 /统 治 者 }来 执 掌 王 位 ， 比 如 你 。 
str_npc15_kingsupport_1|好 吧 ， 一 般 来 说 ， 你 手 头 宽 裕 的 时 候 总 是 准 时 付 给 手 下 薪 水 。 在 我 的 字 典 里 ， 这 是 一 个 王 者 的 最 佳 品 格 。 你 赏 罚 分 明 。 
str_npc16_kingsupport_1|为 什 么 不 呢 ， 队 长 ？ 我 确 信 你 将 会 是 一 个 好 {将 军 /摄 政 }， 当 然 我 也 希 望 你 能 记 得 像 我 这 样 为 你 打 下 江 山 的 人 。 
str_npc17_kingsupport_1|哈 ！ 你 这 得 算 上 我 的 {支 持 /支 持 ， 即 使 你 是 个 女 人 }！ 
str_npc18_kingsupport_1|你 会 成 为 一 个 优 秀 的 统 治 者 ！ 
str_npc19_kingsupport_1|你 呀 ？ 真 正 地 哇 ， 我 想 我 改 变 了 一 些 东 西 。 。 。 
str_npc20_kingsupport_1|哈 ， 我 从 来 没 想 过 你 有 这 么 大 的 野 心 。 
str_npc21_kingsupport_1|我 想 不 出 比 这 更 好 的 事 了 。 
str_npc22_kingsupport_1|那 将 青 史 留 名 ， 我 的 {酋 长 /女 祭 }!
str_npc23_kingsupport_1|总 的 来 说 ， 只 要 情 况 允 许 ， 你 总 能 按 时 支 付 部 下 薪 饷 。 在 我 看 来 ， 这 就 是 一 位 好 统 帅 最 重 要 的 品 质 。 
str_npc1_kingsupport_2|当 然 ， 我 会 的 ！ 我 相 信 你 们 有 能 力 结 束 这 场 持 续 不 断 的 战 争 ， 为 日 本 带 来 真 正 的 和 平 。 
str_npc2_kingsupport_2|这 片 土 地 上 的 大 多 数 贵 族 都 是 卑 鄙 的 机 会 主 义 者 ， 他 们 更 关 心 权 力 而 不 是 荣 誉 。 他 们 最 终 更 像 商 人 而 不 是 战 士 。 另 一 方 面 ， 你 有 真 正 的 经 验 。 你 知 道 如 何 从 正 面 冲 锋 陷 阵 而 不 是 从 坐 在 椅 子 上 指 挥 一 群 乌 合 之 众 。 你 会 建 立 一 个 真 正 的 幕 府 ， 一 个 战 士 对 战 士 的 规 则 。 如 果 你 愿 意 ， 我 的 {大 人 /女 士 }， 我 可 以 在 这 个 领 域 的 武 士 中 找 到 一 些 支 持 你 的 人 。 
str_npc3_kingsupport_2|我 愿 意 ， {我 的 主 人 / 夫 人 }。 但 我 强 烈 建 议 你 们 开 放 日 本 进 行 贸 易 和 移 民 。 现 在 ， 而 不 是 以 后 ， 中 国 之 所 以 在 科 学 方 面 赶 上 世 界 其 他 国 家 ， 就 是 因 为 与 其 他 人 分 享 他 们 的 文 化 成 就 ， 这 将 是 一 件 好 事 。 这 是 为 了 你 好 ， {先 生 /小 姐 }。 
str_npc4_kingsupport_2|当 然 ， {队 长 /尊 敬 的 女 士 }。 当 下 的 良 策 是 让 别 人 拥 立 你 。 你 知 道 ， 一 个 人 的 血 统 是 他 个 人 价 值 的 决 定 性 因 素 。 也 许 你 是 遗 落 民 间 的 某 个 英 雄 之 后 ， 只 是 还 没 有 告 诉 我 ？ 
str_npc5_kingsupport_2|哎 ， 阁 下 ， 我 愿 意 。 但 为 了 像 我 这 样 的 文 明 女 性 说 句 话 ， 我 得 告 诉 你 一 些 事 情 。 听 说 一 个 即 将 成 为 幕 府 将 军 的 人 ， 要 重 新 树 立 一 项 古 老 的 权 利 主 张 ， 这 对 我 们 意 义 重 大 。 这 将 给 我 带 来 极 大 的 快 乐 。 
str_npc6_kingsupport_2|我 愿 意 。 我 将 告 诉 所 有 关 注 你 所 作 所 为 的 那 些 弱 小 无 助 的 下 层 人 物 的 代 表 ， 因 为 你 有 率 领 人 们 获 得 巨 大 机 会 和 成 功 的 能 力 ， 并 且 告 诉 他 们 如 果 你 能 成 为 幕 府 将 军 ， 就 会 一 统 天 下 永 久 和 平 ， 从 镰 仓 到 京 都 ， 从 北 夷 到 九 州 。 
str_npc7_kingsupport_2|是 ， 队 长 ， 我 愿 意 。 一 个 幕 府 将 军 的 职 责 是 是 雇 佣 {他 /她 } 的 追 随 者 。 充 分 发 挥 他 们 的 才 能 。 通 过 你 的 武 士 统 治 ， 而 不 是 你 的 大 名 。 我 们 是 战 士 ， 而 不 是 像 他 们 那 样 的 精 明 的 商 人 。 
str_npc8_kingsupport_2|我 愿 意 ， 但 有 个 条 件 。 我 会 ， 但 有 一 个 条 件 。 你 会 接 受 耶 稣 基 督 作 为 你 的 主 和 救 世 主 。 这 个 要 求 不 算 大 也 不 算 小 。 
str_npc9_kingsupport_2|我 会 ， {先 生 /女 士 }， 其 他 人 也 会 。 但 我 认 为 ， 你 需 要 向 公 家 展 示 ， 你 将 恢 复 古 代 的 方 式 。 现 在 ， 日 本 一 团 糟 ， 小 大 名 拥 有 这 片 土 地 ， 并 相 互 争 斗 ， 以 便 建 立 一 个 新 的 幕 府 ， 统 治 我 们 所 有 人 。 但 看 看 它 总 是 什 么 结 局 ， 还 记 得 寿 永 之 乱 和 元 弘 之 乱 吗 ？ 和 我 们 这 个 时 代 很 相 似 ， 你 说 呢 ？ 这 将 一 次 又 一 次 地 发 生 ， 直 到 天 皇 恢 复 他 的 合 法 地 位 。 
str_npc10_kingsupport_2|当 然 ， {兄 弟 /姐 们 }。 但 是 我 得 说 你 要 考 虑 一 下 我 的 一 个 想 法 。 如 果 你 成 为 {国 王 /女 王 }， 我 会 要 求 你 的 朝 廷 对 普 通 大 众 敞 开 大 门 ， 而 不 仅 仅 是 为 那 些 领 主 和 皇 族 服 务 。 我 会 要 求 你 告 知 天 下 任 何 人 都 会 得 到 公 正 的 对 待 和 判 决 ， 任 何 人 都 有 直 接 向 你 申 诉 的 权 利 。 而 现 在 ， 只 有 领 主 有 这 样 的 权 利 ， 我 觉 得 卡 拉 迪 亚 的 任 何 一 个 人 都 应 该 也 有 这 个 权 利 。 
str_npc11_kingsupport_2|当 然 会 的 ， 老 板 。 但 让 我 告 诉 你 ， 什 么 可 能 会 让 其 他 人 支 持 你 的 事 业 ， 剥 夺 武 士 随 心 所 欲 杀 害 平 民 的 权 利 。 当 然 ， 他 们 说 这 只 是 为 了 他 们 所 谓 的 “荣 誉 ”岌 岌 可 危 的 时 候 ， 但 他 们 使 用 它 有 各 种 可 耻 的 原 因 ， 比 如 如 果 一 个 农 民 在 经 过 时 没 有 鞠 躬 足 够 低 ， 或 者 如 果 他 们 想 测 试 他 们 的 新 剑 的 锋 利 度 。 
str_npc12_kingsupport_2|当 然 ， 兄 弟 姐 妹 。 但 如 果 说 我 在 这 片 土 地 上 的 旅 行 中 学 到 了 什 么 ， 那 就 是 日 本 人 对 传 统 的 坚 持 。 一 切 都 必 须 像 古 代 那 样 去 做 ， 尽 管 他 们 中 不 超 过 百 分 之 一 的 人 能 读 或 说 朝 廷 的 正 式 语 言 ！ 
str_npc13_kingsupport_2|当 然 ， {playername}大 人 。 此 外 ， 正 如 我 们 从 许 多 故 事 中 了 解 到 的 ， 当 我 们 建 立 政 权 时 ， 成 为 一 部 史 诗 的 主 题 并 没 有 坏 处 ， 这 部 史 诗 围 绕 着 篝 火 和 心 火 朗 诵 ， 描 述 一 个 人 的 事 迹 。 你 肯 定 知 道 ， 我 自 以 为 是 一 个 很 会 画 对 联 的 人 。 
str_npc14_kingsupport_2|我 确 实 愿 意 ， {先 生 /女 士 }。 我 认 为 你 可 以 团 结 这 片 土 地 ， 然 后 我 们 就 能 组 建 一 支 日 本 几 代 人 都 没 有 见 过 的 军 队 ， 武 士 ， 僧 兵 ， 足 轻 ， 山 伏 ， 并 占 领 这 片 山 脉 ， 征 服 所 有 曾 经 由 天 皇 统 治 的 土 地 。 
str_npc15_kingsupport_2|我 会 的 。 人 们 可 能 会 说 你 的 血 管 里 没 有 皇 室 血 统 。 但 据 我 所 知 ， 皇 室 的 鲜 血 让 你 软 弱 。 大 名 和 公 家 都 是 自 恋 且 不 自 爱 的 人 。 几 乎 和 商 人 和 工 匠 一 样 卑 鄙 。 如 果 你 问 我 ， 荣 誉 使 一 个 {男 人 /女 人 } 成 为 统 治 者 ， 而 不 是 花 哨 的 血 统 。 
str_npc16_kingsupport_2|当 然 ， 我 的 {大 人 /夫 人 }。 而 另 外 的 ， 我 认 为 像 我 这 样 的 人 可 以 在 这 片 大 陆 的 领 主 中 为 你 获 取 他 们 的 支 持 提 供 一 些 帮 助 。 常 年 以 来 我 在 他 们 的 计 划 和 密 谋 中 只 担 当 过 小 角 色 ， 但 是 我 想 我 知 道 他 们 的 企 图 。 而 有 了 我 知 道 的 他 们 的 秘 密 ， 他 们 不 会 阻 挡 我 进 入 他 们 的 大 厅 ， 现 在 他 们 不 正 是 这 样 吗 ？ 
str_npc17_kingsupport_2|我 已 经 说 过 我 会 的 ， 不 是 吗 ？ 但 我 请 求 你 帮 个 忙 ， 一 旦 日 本 掌 握 在 你 手 中 ， 如 果 你 能 组 建 一 支 军 队 ， 把 我 的 祖 国 从 傀 儡 国 王 手 中 解 放 出 来 ， 我 将 永 远 感 激 。 我 相 信 你 们 的 士 兵 会 被 视 为 解 放 者 。 
str_npc18_kingsupport_2|当 然 了 ！ 但 我 希 望 你 们 颁 布 法 令 ， 规 定 男 女 平 等 。 如 果 我 生 下 来 是 个 男 人 ， 我 就 不 必 逃 离 我 父 亲 的 家 ， 再 也 不 回 来 了 ， 我 的 旅 程 就 会 得 到 批 准 。 
str_npc19_kingsupport_2|是 的 ， 当 然 ， 你 很 棒 ！ 但 我 不 确 定 事 情 的 发 展 。 。 。 应 该 是 。 。 。 好 。 但 我 不 知 道 怎 么 办 。 我 对 日 本 历 史 一 无 所 知 。 我 只 知 道 它 不 应 该 。 。 。 怎 样 管 理 它 。 。 。 
str_npc20_kingsupport_2|你 最 好 相 信 ！ 但 你 要 有 远 大 的 梦 想 。 统 一 这 片 土 地 不 仅 仅 是 通 过 征 服 。 你 必 须 将 人 民 的 精 力 重 新 引 导 到 一 个 单 一 的 目 的 上 ， 以 使 你 的 统 治 合 法 化 。 比 如 说 ， 一 次 美 洲 殖 民 探 险 ！ 
str_npc21_kingsupport_2|我 说 的 是 真 的 ， 你 是 日 本 最 大 的 希 望 。 但 你 也 可 能 是 我 祖 国 最 大 的 希 望 。 。 。 你 看 ， 我 们 是 几 十 个 争 吵 的 岛 屿 ， 没 有 什 么 能 让 我 们 团 结 在 一 起 。 如 果 你 派 一 支 探 险 队 来 统 一 我 们 ， 也 许 我 们 可 以 抵 抗 西 班 牙 人 。 
str_npc22_kingsupport_2|你 当 然 支 持 。 但 我 要 问 一 件 事 。 一 旦 你 们 统 治 了 日 本 ， 我 希 望 你 们 保 证 我 的 人 民 继 续 独 立 ， 并 保 证 控 制 住 你 们 那 些 爱 冒 险 的 武 士 。 
str_npc23_kingsupport_2|确 实 如 此 。 但 我 有 一 个 请 求 ： 当 你 有 朝 一 日 平 定 日 本 之 后 ， 请 务 必 记 得 美 利 坚 合 众 国 为 你 和 贵 国 人 民 所 做 的 一 切 。 
str_npc1_kingsupport_2a|请 继 续 说 ……
str_npc2_kingsupport_2a|请 继 续 ……
str_npc3_kingsupport_2a|请 继 续 ……
str_npc4_kingsupport_2a|当 然 ， 让 我 告 诉 你 他 所 有 的 事 情 。 
str_npc5_kingsupport_2a|请 继 续 说 ……
str_npc6_kingsupport_2a|好 极 了 
str_npc7_kingsupport_2a|好 吧 ， 是 ， 我 会 试 着 执 行 命 令 ……
str_npc8_kingsupport_2a|很 好 
str_npc9_kingsupport_2a|那 听 起 来 很 明 智 ……
str_npc10_kingsupport_2a|当 然 ， 我 会 把 那 项 权 利 加 入 我 的 计 划 
str_npc11_kingsupport_2a|看 看 你 是 否 会 想 起 那 预 言 。 
str_npc12_kingsupport_2a|有 趣 。 请 继 续 说 ……
str_npc13_kingsupport_2a|啊 ， 是 ， 你 是 啊 。 
str_npc14_kingsupport_2a|请 继 续 说 ……
str_npc15_kingsupport_2a|说 得 好 ， 我 的 好 部 下 
str_npc16_kingsupport_2a|有 趣 …… 请 继 续 
str_npc17_kingsupport_2a|请 继 续 
str_npc18_kingsupport_2a|有 趣 …… 请 继 续 
str_npc19_kingsupport_2a|等 一 下 ， 你 在 说 什 么 ？ 
str_npc20_kingsupport_2a|请 继 续 
str_npc21_kingsupport_2a|请 继 续 
str_npc22_kingsupport_2a|我 的 荣 耀 ， 他 们 将 永 远 不 会 踏 上 阿 伊 努 ..
str_npc23_kingsupport_2a|请 继 续 
str_npc1_kingsupport_2b|好 吧 。 我 们 来 看 看 那 怎 么 改 变 ……
str_npc2_kingsupport_2b|我 没 有 寻 求 他 们 的 支 持 ， 因 为 他 们 无 疑 打 算 在 这 件 事 当 中 获 益 。 
str_npc3_kingsupport_2b|我 无 意 向 外 国 人 开 放 这 个 国 家 ！ 
str_npc4_kingsupport_2b|我 不 会 参 与 这 个 
str_npc5_kingsupport_2b|我 说 我 希 望 成 为 幕 府 将 军 ， 而 不 是 希 望 卷 入 外 国 的 纠 葛 。 
str_npc6_kingsupport_2b|我 不 确 信 我 能 承 担 那 么 多 重 任 
str_npc7_kingsupport_2b|我 想 你 可 能 把 中 央 幕 府 的 想 法 看 得 太 远 了 一 点 
str_npc8_kingsupport_2b|那 真 是 个 荒 唐 的 条 件 
str_npc9_kingsupport_2b|我 不 确 信 执 行 你 的 那 些 想 法 会 像 你 想 的 那 么 “ 简 单 ”
str_npc10_kingsupport_2b|嗯 。 让 我 回 头 再 想 想 这 个 。 
str_npc11_kingsupport_2b|别 再 谈 这 些 了 ！ 
str_npc12_kingsupport_2b|够 了 ， 先 生 。 我 不 允 许 你 嘲 笑 我 们 的 传 统 
str_npc13_kingsupport_2b|嗯 。 我 不 确 信 那 个 。 
str_npc14_kingsupport_2b|事 实 上 ， 在 成 为 幕 府 将 军 后 ， 我 一 直 期 待 着 休 息 一 下 。 。 。 
str_npc15_kingsupport_2b|嗯 。 让 我 考 虑 一 下 。 
str_npc16_kingsupport_2b|无 意 冒 犯 你 ， 但 我 不 确 定 我 会 采 用 那 种 手 段 
str_npc17_kingsupport_2b|你 确 定 你 是 朝 鲜 人 吗 ？ 
str_npc18_kingsupport_2b|嗯 ， 我 不 确 定 
str_npc19_kingsupport_2b|没 关 系 ， 让 我 们 假 装 这 段 对 话 从 未 发 生 过 。 
str_npc20_kingsupport_2b|征 服 已 经 够 难 了 ， 嘘 
str_npc21_kingsupport_2b|我 也 不 确 定 你 们 的 人 民 是 否 想 被 日 本 征 服 。 
str_npc22_kingsupport_2b|我 想 一 旦 他 们 离 开 我 就 阻 止 不 了 他 们 。 。 。 
str_npc23_kingsupport_2b|也 许 我 对 你 的 看 法 是 错 的 ...
str_npc1_kingsupport_3|我 可 能 是 一 名 热 情 的 士 兵 ， 但 我 知 道 什 么 对 国 家 有 好 处 。 如 果 你 愿 意 的 话 ， 我 可 以 花 几 个 星 期 去 拜 访 退 伍 军 人 ， 我 和 他 们 有 很 多 联 系 ， 并 向 他 们 解 释 ， 在 你 身 上 ， 他 们 最 终 将 不 再 需 要 靠 杀 戮 来 生 活 ， 你 当 然 仍 然 会 雇 佣 他 们 ， 但 可 能 是 作 为 官 僚 而 不 是 士 兵 。 事 实 上 ， 也 许 我 甚 至 会 告 诉 他 们 ， 你 将 发 起 一 场 狩 刀 令 ， 废 除 向 农 民 征 兵 ， 这 样 就 再 也 没 有 人 能 组 建 军 队 了 。 你 怎 么 说 ， 
str_npc2_kingsupport_3|如 果 你 喜 欢 ， 我 可 以 用 几 个 星 期 访 问 浪 人 和 山 伏 ， 其 中 我 接 触 ， 向 他 们 宣 扬 你 ， 他 们 将 有 一 个 杰 出 统 治 者 大 名 ， 你 意 下 如 何 ， 我 的 { 主 人 / 女 士 } ？ 
str_npc3_kingsupport_3|如 果 你 做 出 这 样 的 承 诺 ， {先 生 /女 士 }， 我 认 为 这 将 帮 助 这 片 土 地 上 的 许 多 贵 族 克 服 他 们 可 能 有 的 任 何 仇 外 心 理 。 如 果 你 的 目 标 是 恢 复 这 个 国 家 的 荣 耀 ， 那 么 可 以 说 你 应 该 开 放 它 。 请 允 许 我 休 息 几 周 ， {先 生 /女 士 }， 我 会 让 欧 洲 人 知 道 你 打 算 给 他 们 贸 易 权 。 
str_npc4_kingsupport_3|是 的 ， 我 想 我 听 说 过 那 条 线 ， 事 实 上 ， 我 可 以 想 象 那 整 个 家 族 谱 系 。 如 果 你 让 我 离 开 ， “ 陛 下 ” ， 我 就 会 在 之 后 的 几 周 在 这 个 国 家 的 村 庄 和 城 堡 旅 行 ， 散 播 关 于 你 那 皇 室 血 统 的 消 息 。 当 然 ， 我 希 望 你 在 分 封 大 陆 的 那 一 天 来 到 时 ， 还 能 记 得 你 忠 实 的 下 属 ……
str_npc5_kingsupport_3|不 管 怎 样 ， {playername}主 人 ， 在 这 个 不 幸 的 时 代 ， 明 朝 的 皇 帝 已 经 开 始 禁 止 我 国 人 民 的 生 计 和 尊 严 。 我 的 人 民 生 活 在 他 们 所 施 加 的 法 规 之 下 ， 这 是 一 个 巨 大 的 负 担 。 如 果 我 能 花 几 周 时 间 让 你 们 遣 使 去 与 港 口 的 中 国 居 民 重 开 贸 易 ， 那 么 ， 我 想 你 们 会 在 这 里 找 到 很 多 支 持 你 们 的 人 。 
str_npc6_kingsupport_3|非 常 好 。 虽 然 我 现 在 对 朝 廷 并 不 熟 悉 ， 但 我 相 信 一 些 年 长 的 朝 臣 可 能 还 记 得 我 ， 我 想 他 们 会 再 次 欢 迎 我 。 我 将 前 往 奈 良 ， 告 诉 贵 族 们 ， 当 你 们 是 幕 府 将 军 时 ， 你 们 将 尽 最 大 努 力 保 护 弱 者 ， 粉 碎 隔 阂 ， 这 样 就 不 会 有 人 举 手 反 抗 另 一 个 人 而 不 受 惩 罚 ， 也 许 有 一 天 ， 我 丈 夫 的 命 运 会 非 同 寻 常 ， 而 不 是 日 常 现 象 。 
str_npc7_kingsupport_3|我 告 诉 你 ， {playername}主 人 。 给 我 几 周 时 间 ， 我 会 去 其 中 一 些 村 庄 ， 那 里 的 庄 园 里 满 是 游 手 好 闲 的 武 士 。 我 会 告 诉 他 们 ， 一 旦 你 们 统 一 了 这 片 土 地 ， 你 们 就 会 让 他 们 成 为 你 们 的 管 理 者 。 你 会 好 好 利 用 它 们 来 维 持 国 家 的 秩 序 和 和 平 。 我 们 将 通 过 明 智 而 光 荣 的 政 府 ， 而 不 是 通 过 大 名 的 阴 谋 或 商 人 的 下 贱 商 业 ， 帮 助 你 们 把 日 本 带 入 一 个 繁 荣 的 新 时 代 。 
str_npc8_kingsupport_3|很 好 ！ 然 后 给 我 几 周 时 间 ， 我 会 去 这 个 国 家 的 港 口 ， 让 小 规 模 的 基 督 教 区 知 道 ， 你 是 一 个 尊 重 和 敬 畏 上 帝 的 幕 府 将 军 ， 将 为 向 世 界 其 他 地 方 传 播 他 的 好 消 息 而 战 斗 。 在 那 里 ， 我 还 将 向 欧 洲 国 王 和 圣 父 传 话 ， 说 他 们 有 一 个 在 物 质 上 和 精 神 上 都 应 该 支 持 的 人 。 
str_npc9_kingsupport_3|那 么 ， {兄 弟 /姐 妹 } 请 给 我 几 周 的 假 期 ， 我 可 以 在 这 片 土 地 上 走 走 ， 让 普 通 人 知 道 你 将 公 正 、 公 平 地 统 治 ， 上 帝 和 普 通 人 都 应 该 在 你 的 法 律 面 前 。 人 们 会 说 你 是 幕 府 将 军 ， 这 是 成 为 幕 府 将 军 的 良 好 开 端 。 。 。 
str_npc10_kingsupport_3|那 么 好 吧 ， {兄 弟 /姐 妹 }， 让 我 离 开 几 个 星 期 那 我 就 可 以 在 这 片 大 陆 上 四 处 走 走 ， 让 老 百 姓 们 知 道 你 将 主 持 公 平 和 正 义 ， 领 主 犯 法 与 庶 民 同 罪 。 人 们 会 把 你 当 作 {国 王 /女 王 }来 谈 论 ， 而 那 就 将 是 你 称 孤 之 路 的 良 好 开 始 ……
str_npc11_kingsupport_3|如 果 我 能 在 这 片 土 地 上 走 走 几 周 ， 告 诉 普 通 民 众 ， 你 要 保 护 他 们 的 生 命 权 ， 而 不 是 武 士 的 荣 誉 权 ， 好 吧 ， 他 们 会 开 始 谈 论 你 是 幕 府 将 军 ， 这 将 为 你 掌 权 铺 平 道 路 。 我 可 以 这 样 做 吗 ， 老 大 ？ 
str_npc12_kingsupport_3|但 是 你 知 道 吗 ？ 幕 府 没 有 “帝 国 ”传 统 。 权 力 应 该 交 给 最 适 合 治 理 的 人 ， 自 然 就 是 你 ， 这 是 有 道 理 的 。 给 我 几 周 时 间 ， 我 会 写 一 篇 文 章 来 证 明 这 一 点 ， 然 后 找 一 位 说 书 人 消 息 在 全 国 每 个 城 镇 发 布 一 个 版 本 。 你 觉 得 这 个 主 意 怎 么 样 ， 老 大 ？ 
str_npc13_kingsupport_3|那 么 让 我 离 开 几 个 星 期 ， 尊 贵 的 大 人 ， 我 去 编 造 一 个 传 闻 ， 是 那 种 可 以 震 撼 最 迟 钝 的 心 灵 ， 会 对 你 的 品 德 而 滋 生 钦 佩 ， 会 为 你 的 困 苦 而 心 生 同 情 ， 并 且 会 对 阻 挡 你 道 路 的 人 产 生 愤 怒 的 。 当 然 了 ， 我 想 ， 在 细 节 上 为 了 押 韵 也 可 以 多 违 反 一 些 语 法 规 则 ？ 
str_npc14_kingsupport_3|请 允 许 我 出 去 几 周 ， {先 生 /女 士 }， 我 会 让 这 片 土 地 上 所 有 有 价 值 的 人 知 道 ， 你 们 是 团 结 日 本 的 人 。 因 为 根 据 我 的 想 法 ， 任 何 人 都 不 应 该 是 幕 府 将 军 ， 除 非 他 们 有 能 力 统 治 整 个 领 域 ， 只 有 你 证 明 了 这 种 能 力 ， {先 生 /女 士 }。 
str_npc15_kingsupport_3|我 很 高 兴 你 这 么 认 为 。 以 下 是 我 的 建 议 。 我 认 识 这 里 的 浪 人 ， 像 我 这 样 的 人 ， 他 们 已 经 被 他 们 领 主 或 地 解 雇 了 。 我 要 告 诉 他 们 的 是 ， 你 是 诚 实 的 。 你 尊 重 武 士 。 您 会 替 他 们 还 债 ， 不 会 让 他 们 沦 落 为 乞 丐 。 
str_npc16_kingsupport_3|请 我 出 去 几 周 ， 我 会 去 参 观 我 以 前 雇 主 的 城 堡 。 我 会 给 他 们 朗 诵 一 首 优 美 的 诗 ， 讲 述 你 作 为 幕 府 将 军 将 要 做 的 事 ， 讲 述 你 将 要 恢 复 的 所 有 古 老 的 自 由 ， 让 他 们 抢 劫 他 们 的 房 客 ， 向 商 人 征 税 ， 打 他 们 的 战 争 ， 像 大 名 应 该 做 的 那 样 ， 在 不 考 虑 明 天 的 情 况 下 愚 蠢 地 度 过 自 己 ！ 你 怎 么 说 ， 老 大 ？ 
str_npc17_kingsupport_3|如 果 您 愿 意 ， 我 将 前 往 一 个 港 口 城 市 ， 并 向 我 的 同 胞 传 达 一 条 信 息 。 他 们 的 感 受 和 我 一 样 ， 但 在 将 自 己 的 意 见 保 密 方 面 更 为 谨 慎 。 
str_npc18_kingsupport_3|许 多 女 性 都 喜 欢 呆 在 家 里 养 家 糊 口 ， 但 许 多 女 性 也 愿 意 做 我 所 做 的 事 情 ， 在 这 件 事 上 ， 每 个 人 都 应 该 有 选 择 。 毕 竟 ， 这 是 他 们 的 生 活 。 我 可 以 为 你 在 日 本 走 来 走 去 ， 告 诉 女 人 们 你 的 计 划 ， 我 见 过 很 多 人 ， 我 的 旅 行 故 事 让 她 们 全 神 贯 注 。 
str_npc19_kingsupport_3|看 我 不 能 。 。 。 找 到 或 者 回 去 。 。 。 但 我 能 发 现 。 。 。 对 不 起 ， 我 不 能 再 说 了 。 给 我 几 天 时 间 ， 我 会 弄 清 楚 发 生 了 什 么 。 请 
str_npc20_kingsupport_3|野 蛮 的 西 班 牙 人 、 葡 萄 牙 人 和 荷 兰 人 都 这 么 做 了 ， 为 什 么 我 们 这 一 边 的 旧 世 界 的 人 不 这 么 做 呢 ？ 我 们 自 己 的 海 盗 和 任 何 人 一 样 都 是 好 水 手 。 我 相 信 他 们 会 乐 意 承 担 这 一 公 民 责 任 。 给 我 点 时 间 传 播 消 息 
str_npc21_kingsupport_3|我 相 信 你 。 我 知 道 你 会 允 许 我 们 独 立 或 自 治 。 如 果 你 愿 意 的 话 ， 我 可 以 去 鹿 儿 岛 或 长 崎 ， 通 过 一 个 经 常 光 顾 那 里 的 中 国 商 人 给 我 的 同 胞 们 发 个 信 。 
str_npc22_kingsupport_3|太 棒 了 ！ 我 想 回 到 家 乡 ， 把 即 将 到 来 的 尊 重 我 们 权 利 的 日 本 统 治 者 的 事 告 诉 当 地 的 酋 长 们 。 
str_npc23_kingsupport_3|太 好 了 ！ 我 想 先 前 往 美 国 贸 易 区 ， 就 我 们 为 你 制 定 的 统 治 日 本 计 划 征 询 当 地 人 士 的 意 见 。 待 他 们 商 议 后 ， 我 会 回 来 复 命 ， 不 知 你 意 下 如 何 ？ 
str_npc1_kingsupport_objection|我 听 说 皇 室 的 神 圣 不 在 了 ， 你 要 告 诉 人 们 你 要 让 自 己 成 为 摄 政 ， 让 皇 帝 恢 复 卓 越 地 位 。 我 也 厌 倦 了 这 些 持 续 不 断 的 战 争 ， 但 这 真 的 是 正 确 的 出 路 吗 ？ 公 家 和 武 家 一 样 坏 ， 就 像 我 们 现 在 受 到 武 士 的 摆 布 一 样 ， 我 们 将 再 次 受 到 贵 族 的 统 治 。 我 想 我 们 这 些 卑 微 的 战 士 永 远 不 会 得 到 应 有 的 认 可 。 
str_npc2_kingsupport_objection|嗯 ， 船 长 。 弗 朗 西 斯 科 骑 马 去 告 诉 这 片 土 地 的 领 主 们 ， 你 们 将 使 这 个 国 家 皈 依 基 督 教 。 武 士 道 与 那 种 可 鄙 的 外 国 死 亡 邪 教 格 格 不 入 。 我 真 希 望 他 误 解 了 你 ， 先 生 。 
str_npc3_kingsupport_objection|队 长 ， 武 藏 已 经 开 始 了 某 种 远 征 ， 他 说 你 支 持 。 他 说 ， 他 将 在 这 片 土 地 上 的 村 庄 四 处 走 动 ， 告 诉 那 些 小 武 士 ， 一 旦 你 成 为 幕 府 将 军 ， 你 就 打 算 加 强 他 们 的 力 量 。 {先 生 /女 士 }， 我 是 一 个 市 民 ， 很 了 解 封 建 制 度 的 祸 害 。 你 肯 定 不 想 让 社 会 进 步 倒 退 。 在 你 的 领 域 里 ， 现 代 性 肯 定 有 一 席 之 地 。 
str_npc4_kingsupport_objection|队 长 ， 吉 雄 已 经 出 发 ， 去 向 低 级 武 士 们 宣 传 ， 你 之 所 以 将 建 立 一 个 幕 府 ， 是 因 为 你 懂 得 如 何 平 衡 收 支 ” 。 恕 我 直 言 ， 这 太 荒 唐 了 。 贵 族 和 国 王 应 该 做 的 ， 是 战 争 和 裁 决 。 如 果 把 精 力 用 来 跟 每 个 在 庄 园 里 干 过 一 丁 点 儿 工 作 的 流 浪 汉 ， 在 工 钱 问 题 上 讨 价 还 价 ， 那 么 除 了 混 乱 和 无 序 ， 别 的 什 么 都 不 会 得 到 。 
str_npc5_kingsupport_objection|{playername}大 人 ， 我 知 道 了 你 告 诉 威 廉 的 事 情 。 但 我 想 知 道 ， 如 果 你 向 西 方 野 蛮 人 开 放 这 个 国 家 ， 他 们 会 在 我 们 各 国 人 民 之 间 打 入 楔 子 。 我 们 会 互 相 对 抗 ， 以 从 他 们 手 中 获 取 好 处 ， 他 们 可 以 一 个 接 一 个 地 征 服 我 们 。 使 我 们 的 国 家 变 得 伟 大 的 传 统 将 受 到 威 胁 — — 这 些 传 统 是 通 过 我 的 国 家 来 到 你 们 国 家 的 。 我 们 应 该 和 这 些 西 方 人 隔 绝 
str_npc6_kingsupport_objection|听 说 你 派 权 之 助 伪 造 了 一 份 关 于 皇 室 血 统 的 声 明 。 我 必 须 提 醒 你 ， {先 生 /夫 人 }， 上 天 是 不 会 对 通 过 欺 骗 来 取 得 王 位 的 行 为 加 以 赞 许 的 。 
str_npc7_kingsupport_objection|我 已 经 听 说 了 你 跟 戈 蒙 讲 的 ， 关 于 赋 予 每 个 普 通 罪 犯 向 幕 府 将 军 上 诉 的 权 利 。 我 不 赞 成 。 小 偷 被 抓 住 时 应 该 被 钉 死 。 给 他 们 一 次 审 判 或 上 诉 ， 他 们 就 会 通 过 谈 判 摆 脱 十 字 架 。 戈 蒙 是 个 好 人 ， 但 没 有 人 能 完 全 理 解 这 些 披 着 人 皮 的 野 狼 对 良 善 的 人 们 做 了 什 么 。 。 
str_npc8_kingsupport_objection|老 大 ， 你 派 治 子 去 告 诉 这 片 土 地 上 的 贵 族 ， 你 打 算 在 东 方 原 则 的 基 础 上 实 现 和 平 。 耶 稣 基 督 死 在 十 字 架 上 是 为 了 拯 救 人 类 ， 而 不 是 老 子 、 孔 子 或 其 他 任 何 人 。 当 然 不 是 恶 魔 佛 ！ 你 真 的 沉 迷 于 她 的 疯 话 吗 ？ 
str_npc9_kingsupport_objection|{先 生 /女 士 }， 我 非 常 遗 憾 地 获 悉 ， 您 已 告 诉 美 玲 让 她 的 人 民 知 道 ， 您 将 向 他 们 派 遣 供 使 者 ， 恢 复 与 他 们 国 家 的 贸 易 。 我 希 望 我 弄 错 了 ， {先 生 /小 姐 }。 虽 然 我 钦 佩 中 国 人 给 我 们 带 来 的 教 诲 ， 但 我 也 知 道 ， 要 实 现 美 龄 的 愿 望 ， 唯 一 的 办 法 就 是 作 为 一 个 朝 贡 国 向 他 们 屈 服 ， 把 天 皇 陛 下 变 成 一 个 臣 服 的 国 王 。 
str_npc10_kingsupport_objection|听 说 你 让 辉 代 编 写 一 些 诗 歌 ， 来 证 明 你 取 得 王 位 的 正 统 性 。 请 恕 我 不 能 苟 同 。 如 果 人 们 愿 意 为 一 位 {国 王 /元 帅 }而 战 ， 那 一 定 是 因 为 他 们 能 从 中 得 到 好 处 ， 而 不 是 出 于 对 某 首 无 聊 诗 歌 的 爱 好 。 
str_npc11_kingsupport_objection|老 大 ， 你 已 经 允 许 世 斋 去 告 诉 大 名 ， 他 们 将 一 如 既 往 地 拥 有 自 己 的 域 名 权 ？ 我 不 能 说 我 喜 欢 那 样 。 给 他 让 路 ， 他 会 斩 首 每 一 个 敢 于 走 在 他 前 面 的 农 民 或 城 镇 居 民 ， 而 不 是 像 一 只 好 虫 子 那 样 在 地 上 爬 行 。 
str_npc12_kingsupport_objection|{兄 弟 /姐 妹 }， 我 听 说 你 去 了 ， 让 兵 库 助 ， 在 所 有 人 中 ， 成 为 大 名 的 某 种 大 使 。 我 不 寒 而 栗 地 想 到 那 个 不 道 德 的 人 可 能 会 代 表 你 们 向 他 们 承 诺 什 么 ， 并 通 过 称 他 们 为 “古 老 的 自 由 ” 来 让 这 些 粗 俗 的 放 纵 变 得 有 尊 严 通 过 这 样 做 ， 你 嘲 笑 了 我 们 这 些 人 ， 他 们 曾 希 望 你 能 帮 助 日 本 摆 脱 血 腥 的 过 去 ， 走 向 和 平 与 启 蒙 的 新 时 代 。 够 了 ， 我 已 经 说 了 我 的 和 平 。 
str_npc13_kingsupport_objection|哦 ， 一 个 勇 士 ， 我 听 说 你 准 许 和 尚 编 写 一 些 措 辞 强 硬 的 文 章 ， 来 暗 中 破 坏 这 个 大 陆 的 人 民 所 珍 视 的 所 有 东 西 ， 并 指 责 旧 日 天 皇 和 幕 府 将 军 的 谋 杀 和 篡 夺 。 队 长 ， 作 为 一 个 诗 人 ， 我 明 白 ， 人 民 必 须 得 有 可 以 崇 拜 的 英 雄 ， 有 可 以 指 望 复 兴 的 盛 世 。 不 过 ， 你 愿 意 创 造 一 个 由 犬 儒 和 学 究 来 决 定 我 们 的 信 仰 的 王 国 吗 ？ 我 找 不 出 比 这 更 蠢 的 事 情 了 。 
str_npc14_kingsupport_objection|我 知 道 你 派 你 的 人 小 次 郎 向 全 日 本 宣 布 ， 你 打 算 进 行 一 次 狩 刀 ， 结 束 足 轻 的 大 规 模 动 员 ， 并 将 现 有 的 努 力 集 中 在 治 理 和 执 法 上 。 多 么 糟 糕 的 主 意 。 。 。 那 些 人 只 有 一 个 目 的 ， {先 生 /我 的 夫 人 ， }， 这 个 目 的 必 须 保 持 下 去 。 此 外 ， 他 们 是 为 了 战 争 ， 而 不 是 统 治 。 你 不 能 建 立 一 个 由 一 群 粗 鲁 的 退 伍 军 人 组 成 的 政 府 ， 并 期 望 他 们 遵 守 命 令 ， 你 会 发 现 这 让 你 感 到 沮 丧 。 
str_npc15_kingsupport_objection|我 听 说 你 告 诉 染 井 剥 夺 武 士 处 决 平 民 的 权 利 。 我 不 赞 成 。 
str_npc16_kingsupport_objection|哦 , 船 长 ！ 我 听 说 优 木 去 给 武 士 们 唱 了 一 首 好 歌 ， 你 将 如 何 把 日 本 放 在 银 盘 上 ， 让 他 们 把 自 己 愚 蠢 的 生 活 方 式 强 加 给 他 们 。 我 希 望 这 只 是 你 讲 的 故 事 。 一 个 真 正 高 贵 的 主 对 人 们 行 使 他 自 己 的 生 死 权 。 无 论 如 何 ， 这 是 我 的 期 望 。 
str_npc17_kingsupport_objection|我 听 说 恩 里 克 想 让 你 浪 费 日 本 人 的 鲜 血 和 财 富 来 统 一 他 可 怜 的 岛 民 。 胡 说 ！ 日 本 人 的 生 命 和 财 富 最 好 用 来 帮 助 韩 国 。 
str_npc18_kingsupport_objection|老 大 ， 我 听 说 你 派 伊 锁 云 台 去 她 的 祖 国 告 诉 他 们 你 的 承 诺 。 对 不 起 ， 这 太 鲁 莽 了 。 即 使 你 能 阻 止 在 你 统 治 下 的 日 本 人 骚 扰 他 们 ， 这 也 与 其 他 任 何 人 无 关 。 你 应 该 只 做 出 重 要 的 承 诺 。 而 自 己 去 完 成 。 
str_npc19_kingsupport_objection|{playername}， 我 听 说 汝 松 正 在 计 划 日 本 入 侵 朝 鲜 。 这 是 我 听 过 的 最 愚 蠢 的 事 ， 你 疯 了 吗 ？ 你 的 整 个 军 队 都 会 死 在 那 里 ， 不 仅 如 此 ， 他 的 同 胞 中 没 有 一 个 人 会 像 他 那 样 想 。 他 脑 子 有 病 。 
str_npc20_kingsupport_objection|老 大 ， 你 打 算 和 乔 治 一 起 做 什 么 ？ 我 不 相 信 那 个 家 伙 ！ 
str_npc21_kingsupport_objection|{先 生 /女 士 }， 我 听 说 满 都 海 正 在 到 处 谈 论 性 别 平 等 。 我 不 确 定 这 是 否 可 行 。 我 不 希 望 你 发 表 你 甚 至 无 法 完 成 的 声 明 ， 这 会 削 弱 你 的 权 威 。 我 很 抱 歉 ， 但 这 就 是 我 要 说 的 
str_npc22_kingsupport_objection|{酋 长 /女 祭 }， 我 听 说 你 答 应 过 史 先 生 去 美 洲 探 险 。 你 的 目 标 是 殖 民 它 ， 不 是 吗 ？ 但 是 那 些 已 经 在 那 里 的 人 呢 ？ 他 们 会 和 我 的 阿 努 伊 祖 先 一 样 命 运 吗 ？ 我 不 能 忍 受 。 
str_npc1_intel_mission|好 吧 ， 老 大 ， 我 碰 巧 有 几 个 亲 戚 在 {s17}， 而 且 不 像 我 家 族 中 的 某 些 人 ， 他 们 还 算 看 得 起 我 。 他 们 作 是 渔 民 ， 我 曾 经 不 止 一 次 的 用 商 店 存 货 供 应 过 他 们 ， 这 样 他 们 就 可 以 打 探 一 些 关 于 {s18}城 堡 的 消 息 。 我 可 以 去 走 一 趟 ， 然 后 回 来 告 诉 你 我 发 现 了 什 么 。 
str_npc2_intel_mission|{大 人 /尊 敬 的 女 士 }， 我 仍 然 可 以 与 {s17} 的 情 妇 联 系 。 她 通 常 对 政 治 事 件 了 如 指 掌 。 
str_npc3_intel_mission|老 大 ， 虽 然 我 对 {s17} 一 无 所 知 ， 尽 管 在 那 里 生 活 了 一 年 ， 但 我 们 的 水 手 的 幸 存 者 中 仍 有 一 些 人 住 在 日 本 。 其 中 一 个 在 {s18} 我 打 赌 他 能 告 诉 我 们 很 多 事 情 的 进 展 。 
str_npc4_intel_mission|队 长 ， 如 果 你 能 给 我 几 天 的 时 间 ， 我 就 可 以 去 拜 访 住 在 {s17}的 一 位 老 战 友 ， 他 率 领 着 一 支 小 规 模 的 部 队 ， 为 {s18}工 作 。 他 是 个 非 常 不 错 的 家 伙 ， 善 于 倾 听 和 思 考 而 非 夸 夸 其 谈 。 而 且 我 确 定 和 他 喝 上 一 两 杯 后 我 将 能 从 他 口 中 套 出 这 一 地 区 的 政 治 状 况 和 走 向 。 
str_npc5_intel_mission|如 果 你 愿 意 ， {playername}， 我 可 以 花 几 天 时 间 参 观 {s17} 的 中 国 区 ， 并 听 到 来 自 {s18} 各 地 的 消 息 。 如 果 你 感 兴 趣 的 话 ， 他 们 可 能 会 对 大 领 主 的 世 仇 和 竞 争 有 一 些 八 卦 。 
str_npc6_intel_mission|队 长 ， 虽 然 我 在 {s17} 非 常 不 受 欢 迎 ， 但 我 可 以 与 附 近 寺 庙 的 一 些 僧 侣 取 得 联 系 。 他 们 在 宫 廷 中 有 一 定 的 地 位 ， 也 不 像 大 多 数 人 那 样 觉 得 我 奇 怪 。 如 果 你 给 我 几 天 时 间 ， 我 也 许 能 收 集 一 些 关 于 {s18} 的 有 趣 信 息 。 
str_npc7_intel_mission|队 长 ， 当 我 离 开 我 在 {s17}的 故 居 时 ， 我 曾 告 诉 自 己 ， 除 非 是 为 了 向 那 些 伤 害 过 我 的 家 伙 复 仇 ， 我 永 远 也 不 会 回 到 这 里 。 或 许 我 当 时 过 于 轻 率 了 ， 事 实 上 ， 我 偶 尔 也 会 想 起 我 的 家 人 ， 不 知 道 他 们 现 在 过 得 怎 样 。 或 许 我 可 以 给 他 们 带 去 一 些 礼 物 ， 让 他 们 知 道 即 使 离 开 他 们 ， 我 也 可 以 有 所 成 就 ！ 不 过 ， 不 管 怎 么 说 ， 他 们 只 是 一 些 可 怜 又 可 恨 的 小 老 百 姓 ， 不 过 ， 和 所 有 贵 族 们 圈 养 的 哈 巴 狗 一 样 ， 他 们 的 耳 朵 随 时 都 在 留 意 着 贵 族 们 嘴 里 的 每 一 句 话 ， 每 一 个 单 词 。 如 果 你 能 给 我 几 天 时 间 来 拜 访 他 们 ， 也 许 我 能 获 得 一 些 关 于 {s18}的 重 要 情 报 。 
str_npc8_intel_mission|如 果 你 对 发 生 在 {s18}的 事 情 感 兴 趣 ， 我 曾 经 的 一 位 皈 依 者 在 {s17}附 近 有 一 个 农 场 。 他 与 基 督 教 社 区 的 许 多 其 他 人 保 持 联 系 。 我 可 以 去 拜 访 他 几 天 ， 进 一 步 了 解 那 里 的 情 况 。 
str_npc9_intel_mission|{先 生 /尊 敬 的 女 士 }， 距 离 上 一 次 我 去 {s17}找 乐 子 已 经 过 了 很 长 一 段 时 间 了 。 在 哪 里 ， 像 我 这 样 的 名 门 子 弟 常 常 参 与 那 些 富 有 和 慷 慨 的 大 领 主 们 举 办 的 茶 会 。 如 果 你 同 意 的 话 ， 我 很 乐 意 去 那 里 打 探 消 息 ， 我 有 信 心 从 他 们 的 交 谈 中 获 得 一 些 {s18}的 大 贵 族 们 关 心 在 意 的 话 题 。 
str_npc10_intel_mission|队 长 ， 我 想 我 的 一 些 驻 扎 在 {s17}的 老 伙 计 们 会 很 高 兴 看 到 我 去 拜 访 他 们 。 他 们 都 是 些 好 小 伙 子 ， 绝 不 会 背 叛 他 们 的 城 镇 ， 不 过 和 我 一 样 ， 他 们 对 那 些 贵 族 也 没 有 什 么 特 别 的 感 情 ， 这 么 一 来 ， 我 很 有 可 能 从 他 们 嘴 里 旁 敲 侧 击 出 一 些 关 乎 政 治 和 军 事 的 流 言 。 那 些 贵 族 们 常 常 会 因 为 一 些 小 事 而 争 执 不 休 ， 但 是 那 些 小 伙 子 们 常 常 会 看 出 他 们 间 真 正 的 争 执 和 分 歧 所 在 。 
str_npc11_intel_mission|{老 兄 /小 姑 娘 }， 我 想 我 已 经 很 久 没 有 去 拜 访 我 在 {s17}的 亲 戚 了 。 他 们 过 去 对 我 很 好 ， 在 我 贫 穷 的 时 候 帮 助 我 摆 脱 困 境 ， 所 以 我 觉 得 我 应 该 和 他 们 分 享 一 些 我 新 发 现 的 财 路 。 我 还 已 经 从 帕 拉 汶 谷 物 商 人 那 里 进 行 了 足 够 多 次 的 批 发 以 让 他 们 信 任 我 。 我 估 计 他 们 会 被 说 服 爆 料 一 些 关 于 发 生 在 {s18}事 件 的 珍 闻 ， 如 果 你 对 那 些 感 兴 趣 的 话 。 
str_npc12_intel_mission|如 果 你 同 意 的 话 ， 我 可 以 去 拜 访 一 位 现 在 受 雇 于 {s17}领 主 的 同 窗 。 我 曾 对 他 抱 有 很 大 的 期 待 ， 可 是 最 近 我 听 说 他 热 衷 于 用 甜 瓜 来 治 疗 中 风 ， 理 由 是 它 冰 冷 的 汁 水 有 助 于 对 易 怒 的 治 疗 。 就 医 学 上 来 说 ， 这 是 一 种 可 笑 且 牵 强 的 理 由 ， 所 以 我 应 该 去 和 他 好 好 谈 谈 并 矫 正 他 的 错 误 。 当 然 ， 我 还 可 以 向 他 咨 询 一 些 {s18}最 新 的 形 势 ， 我 想 你 会 对 此 感 兴 趣 的 。 
str_npc13_intel_mission|噢 ！ 勇 敢 的 大 人 ！ 在 你 的 允 许 下 ， 我 认 为 我 或 许 可 以 去 拜 访 一 下 位 于 {s17}的 溪 谷 。 我 得 承 认 ， 我 的 确 是 想 去 看 看 一 位 与 我 交 好 的 美 丽 的 牧 羊 女 现 在 过 得 怎 样 。 在 我 去 探 望 她 的 路 上 ， 我 可 以 尝 试 在 城 堡 中 稍 作 停 留 ， 而 且 我 有 信 心 靠 我 的 能 力 进 入 领 主 的 大 厅 ， 这 样 一 来 ， 我 将 能 给 你 提 供 一 些 来 自 {s18}的 最 新 消 息 。 
str_npc14_intel_mission|队 长 …… 你 或 许 已 经 知 道 ， 我 希 望 去 训 练 {s17}的 驻 军 。 他 们 中 的 一 员 在 最 近 和 我 有 过 接 触 ， 提 议 如 果 我 愿 意 去 他 们 那 里 走 一 趟 ， 他 们 很 乐 意 提 供 一 些 关 于 {s18}的 情 报 。 如 果 你 允 许 的 话 ， 我 很 乐 意 这 么 做 。 虽 说 背 叛 者 是 应 该 被 唾 弃 的 ， 但 是 只 要 有 效 ， 我 不 介 意 披 上 背 叛 者 的 伪 装 。 
str_npc15_intel_mission|队 长 。 你 也 许 知 道 ， 我 有 段 时 间 打 算 去 {s17}， 并 且 学 习 石 工 ， 古 卡 拉 迪 亚 风 格 的 最 杰 出 典 范 之 一 。 如 果 成 行 ， 我 的 一 名 同 事 现 在 正 在 那 里 忙 着 做 幕 墙 的 修 补 工 作 。 而 很 正 值 地 ， 我 想 他 对 于 职 业 责 任 的 操 守 会 阻 止 他 透 露 给 我 任 何 防 御 上 的 弱 点 ， 我 猜 想 他 将 不 反 对 贡 献 他 对 于 {s18}总 体 情 况 的 看 法 ， 如 果 那 让 你 感 兴 趣 的 话 。 
str_npc16_intel_mission|唉 ， 队 长 ！ 我 想 去 拜 访 一 下 我 在 {s17}的 老 姑 妈 。 就 让 我 们 说 那 里 的 领 主 和 女 士 委 托 我 执 行 一 项 使 命 ， 而 对 于 报 酬 有 些 拖 沓 。 然 而 ， 某 样 小 姐 拥 有 的 耀 眼 的 小 玩 意 儿 用 来 付 账 是 再 好 不 过 了 。 我 知 道 没 必 要 麻 烦 他 们 知 道 我 的 拜 访 ， 但 是 我 可 以 和 我 的 老 朋 友 ， 一 个 城 堡 看 守 聊 聊 天 ， 他 会 让 我 进 去 ， 聊 聊 关 于 {s18}的 动 静 。 
str_npc17_intel_mission|{s18} 以 我 应 得 的 荣 誉 和 尊 重 欢 迎 我 ， 当 时 的 形 势 特 别 艰 难 。 我 可 以 到 {s17} 拜 访 城 主 ， 询 问 他 家 族 的 情 况 。 他 可 能 不 会 介 意 ， 只 要 他 不 知 道 这 是 给 你 的 。 
str_npc18_intel_mission|如 果 你 愿 意 ， 船 长 ， 我 可 以 回 到 {s17}， 我 第 一 次 到 达 日 本 的 地 方 ， 从 我 在 那 里 接 触 到 的 人 中 收 集 有 关 {s18} 的 信 息 。 
str_npc19_intel_mission|我 交 了 你 以 外 的 其 他 朋 友 ， {playername}， 如 果 你 想 让 我 问 他 们 住 在 哪 里 发 生 了 什 么 。 比 如 说 ， {s17}， 在 {s18}下 。 
str_npc20_intel_mission|如 果 你 想 的 话 ， {playername}， 我 可 以 花 几 天 时 间 参 观 {s17} 的 中 国 区 ， 并 听 到 来 自 {s18} 各 地 的 消 息 。 如 果 你 感 兴 趣 的 话 ， 他 们 可 能 会 对 大 领 主 的 世 仇 和 竞 争 有 一 些 八 卦 。 
str_npc21_intel_mission|队 长 ， 我 从 船 上 逃 跑 后 登 陆 ， 这 不 是 我 第 一 次 来 日 本 。 我 认 识 一 些 停 靠 {s17} 的 船 只 ， 我 可 以 在 那 里 旅 行 几 天 ， 从 他 们 那 里 收 集 有 关 {s18} 的 信 息 
str_npc22_intel_mission|队 长 。 当 我 第 一 次 去 京 都 时 ， 我 离 开 了 虾 夷 地 ， 路 过 {s17}。 它 变 成 了 一 次 长 期 停 留 ， 这 让 我 非 常 恼 火 ， 但 我 至 少 联 系 了 几 次 。 也 许 我 可 以 回 来 利 用 它 们 ， 收 集 关 于 {s18} 的 信 息 。 如 果 你 能 给 我 几 天 时 间 ， 我 会 去 拜 访 他 们 。 
str_npc23_intel_mission|你 想 让 我 去 收 集 情 报 ？ 好 吧 ， 我 想 我 可 以 花 几 天 时 间 去 {s17}的 外 国 人 聚 居 区 ， 打 探 来 自 {s18}各 地 的 消 息 。 那 里 或 许 会 有 关 于 大 领 主 之 间 纷 争 与 敌 对 的 流 言 ， 如 果 你 对 此 感 兴 趣 的 话 。 
str_npc1_fief_acceptance|老 大 ， 你 决 定 把 {s17}分 封 给 我 吗 ？ 我 想 说 ， 长 久 以 来 ， 这 是 别 人 为 我 做 过 的 最 仁 慈 的 事 情 了 。 嘿 ， 我 会 尽 力 而 为 的 ， 你 可 以 信 赖 我 。 不 过 不 得 不 说 ， 我 还 真 不 知 道 ， 在 得 知 小 次 郎 加 入 了 这 个 受 人 尊 重 的 行 列 之 后 ， 其 他 领 主 会 作 何 反 应 。 
str_npc2_fief_acceptance|把 {s17}作 为 我 的 封 地 ？ 我 由 衷 的 感 谢 您 。 我 敢 说 ， 我 多 多 少 少 可 以 把 这 儿 变 成 一 个 税 收 的 来 源 。 我 再 次 感 谢 你 ， {我 的 大 人 /尊 敬 的 女 士 }， 这 的 确 是 你 对 我 做 的 一 件 大 好 事 。 
str_npc3_fief_acceptance|{大 人 /夫 人 }， 您 非 常 慷 慨 地 为 我 提 供 {s17}。 我 将 很 高 兴 持 有 它 ， 并 致 力 于 提 高 其 居 民 的 道 德 和 物 质 水 平 。 
str_npc4_fief_acceptance|谢 谢 你 允 许 我 {s17} 作 为 封 地 ， 而 且 是 最 合 适 的 。 你 当 大 名 真 的 很 有 面 子 ， 因 为 有 一 位 神 道 武 太 郎 的 侍 从 。 
str_npc5_fief_acceptance|阁 下 ， 非 常 高 兴 我 能 拥 有 {s17}。 我 会 向 着 崇 山 峻 岭 ， 向 着 所 有 的 亲 族 宣 告 ， 加 入 你 的 军 队 ， 在 我 的 手 下 服 役 ， 光 荣 地 赢 取 富 贵 ， 他 们 将 会 群 聚 而 来 为 你 战 斗 ！ 
str_npc6_fief_acceptance|{先 生 /夫 人 }， 当 我 刚 开 始 学 习 管 理 自 己 的 时 候 ， 你 就 发 现 了 我 有 管 理 人 民 的 才 能 ， 这 太 让 我 意 外 了 。 不 过 ， 如 果 你 当 真 希 望 如 此 ， 我 将 以 你 的 名 义 ， 无 比 荣 幸 地 治 理 {s17}， 为 保 护 生 活 在 这 里 的 人 们 奉 献 一 生 。 
str_npc7_fief_acceptance|是 ， 我 将 占 有 {s17}， 还 会 让 它 的 名 声 令 横 行 在 日 本 的 贼 党 匪 帮 从 心 底 里 感 到 害 怕 。 谢 谢 你 ， {陛 下 /夫 人 }， 给 了 我 这 个 机 会 。 
str_npc8_fief_acceptance|你 会 让 我 成 为 大 名 吗 ？ 嗯 ， 我 想 我 可 以 把 我 的 任 务 推 迟 一 段 时 间 ， 在 {s17} 建 造 一 座 大 教 堂 。 有 朝 一 日 ， 我 可 能 会 穿 越 海 洋 继 续 去 中 国 传 教 ， 但 在 那 之 前 ， 我 将 很 高 兴 领 导 我 所 在 的 基 督 教 区 ， 让 他 们 在 你 的 旗 帜 下 为 基 督 教 的 荣 耀 而 战 。 
str_npc9_fief_acceptance|陛 下 ， 我 生 而 受 到 不 公 ， 而 今 你 慷 慨 赐 予 ， 是 我 命 中 伯 乐 。 能 为 你 效 劳 ， 为 你 奋 战 ， 为 你 守 住 这 片 领 地 将 是 我 最 大 的 荣 耀 。 
str_npc10_fief_acceptance|你 让 我 做 领 主 ？ 我 不 会 谢 你 ， 除 非 你 能 称 呼 我 为 “ 护 民 官 ”， “ 护 民 官 ” 是 古 时 候 人 民 的 公 仆 ， 然 后 我 才 愿 意 帮 你 管 理 {s17}。 我 会 把 食 物 用 来 救 济 饥 民 ， {兄 弟 /姐 妹 }， 我 还 会 训 练 一 支 精 锐 枪 足 轻 队 来 为 你 作 战 。 但 我 不 保 证 那 些 名 门 贵 族 会 觉 得 跟 我 平 起 平 坐 是 件 舒 服 的 事 。 
str_npc11_fief_acceptance|啊 ！ 你 给 了 我 一 个 贵 族 头 衔 ? 呃 ， 但 我 不 确 定 其 它 领 主 发 现 我 挤 进 了 他 们 贵 族 血 统 的 游 戏 里 会 怎 么 样 。 
str_npc12_fief_acceptance|好 吧 ， 陛 下 ， 但 我 必 须 让 你 明 白 ， 我 不 觉 得 分 封 土 地 是 什 么 好 事 。 农 民 和 地 主 应 该 在 公 家 的 看 顾 下 各 自 相 安 无 事 。 这 就 是 为 什 么 ， 现 在 日 本 的 社 会 秩 序 会 在 无 数 的 流 血 中 颠 倒 紊 乱 了 。 把 这 片 土 地 交 给 我 吧 ， 我 将 为 它 预 备 下 一 个 更 光 明 的 未 来 ， 就 算 它 不 会 降 临 在 这 一 代 人 身 上 ， 也 一 定 会 在 下 一 代 人 身 上 实 现 。 
str_npc13_fief_acceptance|你 是 如 此 的 慷 慨 善 良 ， 陛 下 。 请 准 许 我 对 你 在 选 择 我 这 件 事 情 上 所 表 现 出 来 的 智 慧 致 以 最 高 的 敬 意 。 真 的 ， 你 的 洞 察 力 已 经 超 过 了 那 位 能 够 从 一 根 头 发 看 出 一 个 人 性 格 的 后 醍 醐 天 皇 。 你 的 判 断 力 已 经 超 越 了 那 个 连 山 精 都 请 他 裁 决 纠 纷 的 足 利 义 满 。 无 论 如 何 ， 我 接 受 了 。 
str_npc14_fief_acceptance|队 长 ， 你 给 了 我 莫 大 的 荣 耀 。 像 我 这 样 在 家 族 中 最 小 的 儿 子 ， 很 少 有 机 会 能 拥 有 自 己 的 领 地 。 但 在 这 里 ， 因 为 您 ， 一 个 人 仍 然 有 机 会 ， 用 剑 来 争 取 那 些 曾 被 出 身 所 否 定 的 东 西 ！ 我 将 作 为 你 的 封 臣 ， 统 治 {s17}， 并 训 练 一 支 军 队 ， 为 我 们 共 同 的 荣 誉 而 战 。 
str_npc15_fief_acceptance|好 的 ， {先 生 /尊 敬 的 女 士 }， 这 是 一 个 仁 慈 的 举 动 ， 而 且 让 你 看 上 去 像 是 个 可 以 将 这 片 悲 凉 的 大 陆 从 现 在 那 帮 不 称 职 的 王 侯 手 里 解 救 出 来 的 君 主 。 我 怀 疑 这 里 的 许 多 贵 族 领 主 都 认 为 像 我 这 样 的 一 介 平 民 不 适 合 拥 有 一 块 封 地 。 很 好 ， 当 他 们 见 识 到 我 的 所 作 所 为 ， 还 有 我 所 能 带 来 的 财 富 ， 他 们 会 改 变 态 度 的 ！ 
str_npc16_fief_acceptance|噢 ， 你 实 在 是 太 慷 慨 了 ， 陛 下 。 我 无 数 次 出 入 那 些 厅 堂 庄 园 ， 虽 然 我 得 说 并 非 每 次 都 是 获 准 入 你 的 ， 但 我 从 来 没 想 过 自 己 可 以 拥 有 一 处 那 样 的 地 方 。 让 我 想 想 …… 等 收 齐 了 第 一 年 的 租 子 ， 我 该 给 自 己 打 一 把 什 么 样 的 兵 刃 ?
str_npc17_fief_acceptance|日 本 的 封 地 ？ 我 很 荣 幸 。 我 一 定 会 把 {s17} 治 理 好 。 但 总 有 一 天 我 会 回 到 韩 国 ， 我 不 确 定 我 是 否 能 保 留 它 。 也 许 到 时 候 我 会 有 一 个 混 血 的 儿 子 。 
str_npc18_fief_acceptance|我 自 己 的 统 治 者 ？ 哦 我 的 。 。 。 我 从 没 想 过 我 的 旅 程 会 这 样 结 束 。 。 。 但 这 一 点 都 不 觉 得 不 对 。 是 的 ， {playername}主 人 , 我 想 我 现 在 应 该 这 样 称 呼 你 为 大 名 , 我 将 把 {s17} 作 为 我 的 封 地 。 
str_npc19_fief_acceptance|谢 谢 {playername}， 你 是 一 个 真 正 的 朋 友 。 我 无 意 冒 犯 其 他 人 ， 但 我 认 为 我 是 {s17} 的 好 选 择 。 在 管 理 实 践 和 理 论 方 面 ， 我 比 他 们 领 先 了 几 个 世 纪 。 当 然 是 象 征 性 的 世 纪 。 。 。 
str_npc20_fief_acceptance|{s17} 的 夫 人 ？ 哈 哈 ， 我 就 知 道 你 是 我 的 财 神 爷 ！ 谢 谢 {playername} 队 长 。 
str_npc21_fief_acceptance|作 为 {s17} 的 领 主 ， 我 可 以 吃 所 有 的 。 。 。 肉 我 曾 经 想 吃 。 。 。 我 作 为 大 名 不 会 被 抓 起 来 ， 对 吧 ？ 
str_npc22_fief_acceptance|， {酋 长 /女 祭 }， 我 想 就 是 这 样 了 。 {s17} 是 我 建 造 新 平 泉 的 地 方 。 谢 谢 你 给 我 这 个 机 会 。 
str_npc23_fief_acceptance|那 么 ， {先 生 /女 士 }， 我 想 我 们 就 此 别 过 吧 。 我 将 在 {s17}建 立 我 的 第 二 个 家 园 。 
str_npc2_woman_to_woman|我 的 夫 人 ， 如 果 你 不 介 意 我 这 样 说 ， 我 想 现 在 你 已 经 证 明 了 自 己 是 一 个 伟 大 的 战 士 这 种 境 界 。 然 而 ， 奇 怪 的 是 ， 没 有 大 名 出 面 为 您 提 供 封 地 。 也 许 是 因 为 你 是 一 个 女 人 。 不 管 怎 样 ， 我 个 人 认 为 ， 你 会 跻 身 这 一 领 域 的 领 主 的 ， 虽 然 即 使 你 用 一 倍 ， 两 倍 的 努 力 ， 也 很 难 得 到 你 应 得 的 ！ 
str_npc5_woman_to_woman|美 女 。 如 果 你 不 介 意 我 这 样 说 ， 你 已 经 奋 战 良 久 ， 击 败 了 强 敌 并 战 绩 彪 炳 ， 你 也 应 该 获 取 自 己 的 封 地 ， 我 相 信 ， 如 果 你 不 是 一 个 女 人 ， 一 个 大 名 会 向 您 提 供 一 个 比 现 在 好 得 多 的 待 遇 。 不 过 ， 这 是 男 人 主 导 的 世 界 ， 现 在 的 情 况 是 ， 他 们 让 我 们 战 斗 在 战 线 最 前 沿 ， 对 敌 人 进 行 打 击 ， 但 当 收 获 战 利 品 时 ， 他 们 期 望 我 们 在 最 后 。 
str_npc6_woman_to_woman|队 长 ， 尽 管 没 有 大 名 为 您 提 供 领 主 身 份 及 封 地 ， 不 过 我 相 信 ， 您 终 究 会 成 为 一 位 大 人 物 的 ， 尽 管 您 或 许 需 要 付 出 双 倍 甚 至 几 倍 的 努 力 。 
str_npc9_woman_to_woman|夫 人 ， 如 果 你 不 介 意 我 说 的 话 ， 我 想 现 在 你 已 经 证 明 了 自 己 是 这 个 领 域 的 伟 大 战 士 之 一 。 然 而 奇 怪 的 是 ， 没 有 大 名 站 出 来 给 你 封 地 。 也 许 是 因 为 你 是 个 女 人 。 不 管 怎 样 ， 我 个 人 相 信 ， 你 将 在 这 个 领 域 的 大 领 主 中 占 据 一 席 之 地 ， 即 使 你 必 须 战 斗 两 倍 的 时 间 和 两 倍 的 努 力 才 能 得 到 应 得 的 回 报 ！ 
str_npc11_woman_to_woman|是 ， 小 姑 娘 ， 我 时 常 会 去 想 到 ， 你 已 经 扬 名 在 外 了 ， 不 是 吗 ？ 在 这 片 大 陆 四 处 征 战 。 啊 ， 我 怀 疑 如 果 你 身 为 男 人 ， 某 个 国 王 会 立 刻 给 你 封 地 。 好 吧 ， 你 可 以 继 续 得 到 你 所 应 得 的 ， 只 是 还 需 要 再 证 明 一 点 自 己 的 能 力 。 
str_npc13_woman_to_woman|其 实 ， 你 可 以 得 到 你 应 得 的 ， 只 要 你 比 其 他 人 多 付 出 一 点 。 
str_npc1_turn_against|我 很 遗 憾 我 们 要 以 这 种 方 式 见 面 ， 老 大 。 擢 拔 之 恩 ， 我 其 实 未 敢 稍 忘 。 而 你 一 定 认 为 我 是 个 忘 恩 负 义 之 辈 。 然 而 ， 人 各 有 命 ， 难 道 不 是 如 此 吗 ?
str_npc2_turn_against|这 是 个 悲 伤 的 日 子 。 我 从 未 想 过 自 己 会 和 老 长 官 沙 场 重 逢 。 即 使 最 后 我 获 得 了 胜 利 ， 那 也 不 会 带 来 任 何 喜 悦 。 
str_npc3_turn_against|噢 {playername}， 这 是 我 们 人 生 中 一 个 多 么 悲 剧 性 的 转 折 ！ 我 只 期 盼 这 今 日 让 我 们 为 敌 的 战 争 洪 流 ， 他 日 能 让 我 们 重 拾 友 情 。 
str_npc4_turn_against|{playername}阁 下 ！ 我 拿 了 你 的 盐 ， 并 且 获 得 了 回 报 ！ 无 论 如 何 ， 我 还 是 要 提 醒 你 一 项 古 老 的 事 实 ， 尽 管 库 吉 特 人 也 许 是 热 情 的 追 随 者 ， 忠 诚 的 朋 友 ， 却 永 远 不 会 成 为 你 的 奴 隶 …… 总 之 ， 我 今 天 是 举 剑 而 来 和 你 为 敌 的 。 但 是 我 希 望 有 一 天 我 们 能 相 互 举 杯 ， 重 新 成 为 朋 友 。 
str_npc5_turn_against|{playername}大 人 ! 我 收 下 你 的 盐 ， 这 是 很 好 的 回 报 ！ 不 过 ， 我 会 提 醒 你 ， 虽 然 我 可 能 是 一 个 热 心 的 追 随 者 ， 也 是 一 个 忠 实 的 朋 友 ， 我 将 永 远 是 你 的 仆 人 ... 不 管 怎 样 ， 今 天 我 来 攻 击 你 ， 用 我 的 剑 提 高 。 但 我 希 望 有 一 天 ， 我 们 一 起 举 杯 ， 让 友 谊 续 约 。 
str_npc6_turn_against|再 没 有 什 么 能 比 和 你 如 此 重 逢 更 让 我 悲 痛 的 了 ， {playername}。 我 不 会 把 这 种 场 面 放 在 心 上 。 我 只 希 望 有 一 天 我 们 能 重 归 于 好 。 
str_npc7_turn_against|好 吧 ， 队 长 。 是 你 让 我 成 为 了 一 个 了 不 起 的 女 性 ， 我 对 此 一 直 心 存 感 激 。 然 而 ， 我 并 不 是 属 于 你 的 ， 现 在 大 势 所 迫 ， 我 们 不 得 不 战 ， 但 与 你 沙 场 争 锋 ， 我 并 无 丝 毫 愧 疚 。 我 依 然 期 盼 某 天 ， 当 时 势 不 同 的 时 候 ， 我 们 可 以 像 朋 友 那 样 再 会 。 
str_npc8_turn_against|现 在 我 们 以 敌 人 的 身 份 再 会 了 ， 而 且 可 能 只 有 越 过 彼 此 的 盾 牌 才 会 打 个 照 面 。 这 真 是 悲 惨 的 一 天 。 有 时 候 ， 我 们 命 运 的 编 织 者 真 是 富 有 黑 色 幽 默 感 。 
str_npc9_turn_against|我 们 虽 然 反 目 成 仇 ， 但 时 势 所 迫 ， 非 我 之 过 。 我 希 望 你 明 白 我 的 良 心 是 清 白 的 ， 虽 然 我 你 心 无 比 沉 重 。 
str_npc10_turn_against|好 吧 ， 看 上 去 命 运 的 浪 潮 让 我 不 得 不 和 自 己 的 老 长 官 为 敌 。 也 许 在 你 成 为 我 君 主 的 那 一 刻 起 ， 事 情 就 已 经 走 上 了 错 误 的 道 路 ， 我 想 大 概 我 从 来 就 不 适 合 臣 服 于 人 。 不 管 怎 样 ， 我 们 已 经 走 到 这 一 步 了 。 也 许 ， 等 到 世 事 变 幻 ， 再 没 有 什 么 主 人 和 仆 从 ， 领 主 和 封 臣 的 时 候 ， 我 们 可 以 像 朋 友 那 样 再 会 。 
str_npc11_turn_against|天 呐 ， {老 弟 /小 姑 娘 }。 看 来 现 在 我 们 是 敌 人 了 。 我 是 不 是 说 过 人 生 是 多 么 地 曲 里 拐 弯 啊 ? 命 运 有 时 候 有 种 残 忍 的 幽 默 感 ， 我 就 说 这 么 多 了 。 
str_npc12_turn_against|那 么 ， 看 来 我 们 不 得 不 战 了 。 我 必 须 让 你 知 道 ， {先 生 /尊 敬 的 女 士 }， 我 并 没 有 背 叛 你 。 我 不 曾 为 你 效 劳 ， 只 是 为 那 些 我 以 为 你 所 抱 持 的 信 念 效 劳 。 当 你 不 再 保 持 它 们 的 时 候 ， 我 必 须 尽 我 所 能 的 来 阻 挠 你 。 但 我 对 你 并 无 敌 意 ， 希 望 有 朝 一 日 ， 我 们 能 像 朋 友 那 样 重 逢 。 
str_npc13_turn_against|以 敌 人 的 身 份 与 你 相 遇 是 多 么 让 人 难 过 的 事 情 ， 队 长 ， 但 另 一 方 面 ， 能 够 在 战 场 上 与 你 这 样 伟 大 的 战 士 交 手 ， 实 在 是 难 得 的 荣 耀 。 实 话 实 说 ， 我 们 今 天 的 大 战 将 会 让 全 日 本 的 吟 游 诗 人 在 接 下 来 的 几 个 月 里 吃 喝 不 愁 ， 你 认 为 呢 ?
str_npc14_turn_against|好 吧 ， {playername}。 我 们 以 敌 人 的 身 份 相 会 了 。 我 承 认 我 的 你 心 现 在 五 味 杂 陈 。 与 你 为 敌 让 我 十 分 难 过 ， 但 如 果 我 能 够 战 胜 你 ， 我 就 是 打 败 了 全 日 本 最 了 不 起 的 敌 人 ， 而 且 我 将 会 发 现 自 己 对 战 争 艺 术 的 驾 驭 已 经 炉 火 纯 青 ！ 
str_npc15_turn_against|啊 …… 我 从 未 期 望 过 这 一 天 的 来 临 。 只 是 在 我 看 来 ， 如 果 你 能 一 直 信 任 我 的 话 ， 事 情 是 不 会 走 到 这 一 步 的 。 但 毫 无 疑 问 ， 你 并 不 这 样 看 。 
str_npc16_turn_against|你 好 ， 队 长 ！ 那 么 ， 我 想 我 们 现 在 是 敌 人 了 ！ 一 个 小 小 的 警 告 ， 如 果 我 们 最 后 还 是 要 打 的 话 ， 当 我 处 于 战 斗 的 狂 怒 之 中 时 ， 我 没 办 法 完 全 管 住 自 己 。 只 要 记 住 不 管 我 干 了 什 么 ， 都 不 是 我 个 人 愿 意 的 。 也 许 如 果 我 们 都 能 从 这 里 离 开 的 话 ， 我 们 还 能 做 回 朋 友 ？ 
str_npc17_turn_against|队 长 ， 你 背 叛 我 就 像 我 的 人 民 背 叛 我 一 样 。 当 我 率 领 一 支 征 服 者 的 军 队 返 回 朝 鲜 时 ， 你 们 一 定 会 像 他 们 一 样 品 尝 我 的 刀 的 温 度 ！ 
str_npc18_turn_against|像 我 这 样 的 长 途 旅 行 的 一 样 ， 在 你 到 达 终 点 之 前 ， 你 永 远 不 知 道 一 条 路 会 通 向 哪 里 。 我 没 想 到 会 和 你 作 战 ， 但 事 实 就 是 这 样 ， 就 这 样 吧 。 
str_npc19_turn_against|愚 弄 我 一 次 ， 为 你 感 到 羞 耻 。 骗 我 两 次 。 。 。 哦 ， 天 哪 ， 别 再 这 样 了 。 
str_npc20_turn_against|我 不 想 这 样 做 ， 船 长 ， 我 真 的 不 想 。 但 命 运 把 我 们 带 到 了 这 场 斗 争 的 不 同 方 面 。 无 论 结 果 如 何 ， 我 都 不 会 对 自 己 感 觉 良 好 。 
str_npc21_turn_against|队 长 ， 我 对 你 只 有 爱 和 尊 重 。 我 觉 得 你 完 全 有 能 力 轻 松 击 败 我 ， 杀 死 我 。 如 果 我 对 你 做 了 不 可 想 象 的 事 ， 我 保 证 把 你 埋 葬 在 最 宏 伟 的 坟 墓 里 ， 并 用 最 华 丽 的 祭 品 来 装 饰 它 。 
str_npc22_turn_against|酋 长 /女 祭 }！ 准 备 光 荣 地 死 去 ！ 我 准 备 死 在 你 的 刀 下 ， 你 也 应 该 准 备 死 在 我 的 刀 下 。 战 场 见 ！ 
str_npc23_turn_against|幸 会 啊 ， {先 生 / 女 士 }！ 看 来 如 今 我 们 已 成 对 手 了 。 若 你 我 终 究 兵 戎 相 见 ， 容 我 提 醒 一 句 ， 当 战 意 涌 上 心 头 时 ， 我 的 行 动 未 必 总 能 受 控 。 无 论 发 生 什 么 ， 请 明 白 那 绝 非 针 对 个 人 。 倘 若 此 番 我 们 都 能 全 身 而 退 ， 或 许 将 来 还 能 以 友 相 会 ？ 
str_comment_intro_liege_affiliated|有 人 告 诉 我 你 已 经 向 某 个 质 疑 我 王 位 的 人 起 誓 。 但 是 我 们 仍 然 可 以 谈 谈 。 
str_comment_intro_famous_liege|你 的 名 声 来 的 比 你 的 人 快 ！ 也 许 你 该 寻 求 一 个 配 得 上 你 的 英 勇 的 君 主 了 。 
str_comment_intro_famous_martial|你 的 名 声 来 的 比 你 的 人 快 ！ 或 许 我 们 该 在 竞 技 场 上 ， 或 者 战 场 上 来 较 量 一 下 ， 看 看 谁 更 勇 猛 ！ 
str_comment_intro_famous_badtempered|我 听 说 过 你 。 我 不 喜 欢 无 用 的 争 执 ， 有 什 么 话 你 就 直 说 吧 。 
str_comment_intro_famous_pitiless|我 知 道 你 的 名 字 ， 它 让 很 多 人 从 心 里 感 到 害 怕 。 很 好 ， 或 许 我 们 该 找 个 时 间 好 好 谈 谈 。 
str_comment_intro_famous_cunning|哈 ， 我 们 终 于 又 见 面 了 ， {伙 计 /姑 娘 }。 让 我 们 好 好 谈 谈 吧 。 
str_comment_intro_famous_sadistic|我 知 道 你 的 名 字 ， 我 担 保 也 有 很 多 悲 伤 的 寡 妇 知 道 它 。 不 过 跟 我 没 关 系 。 
str_comment_intro_famous_goodnatured|早 就 听 说 过 你 了 。 总 算 能 够 认 识 你 ， 还 真 不 赖 。 
str_comment_intro_famous_upstanding|我 听 说 过 你 ， 他 们 说 你 是 最 英 勇 的 战 士 。 我 只 希 望 你 的 荣 誉 和 仁 慈 能 与 你 的 勇 猛 相 配 。 
str_comment_intro_noble_liege|我 看 你 带 着 面 贵 族 的 旗 子 ， 不 过 我 不 认 得 这 个 徽 标 。 你 该 知 道 我 总 在 寻 找 能 为 我 而 战 的 勇 士 ， 如 果 他 们 能 够 证 明 自 己 值 得 我 信 任 的 话 。 
str_comment_intro_noble_martial|我 看 你 带 着 面 贵 族 的 旗 子 ， 不 过 我 不 认 得 这 个 徽 标 。 没 关 系 ， 根 据 传 说 ， 一 个 勇 敢 的 战 士 当 四 海 为 家 ！ 
str_comment_intro_noble_badtempered|我 不 认 得 你 旗 子 上 的 这 个 徽 标 。 一 定 又 是 个 外 乡 人 到 这 里 来 了 ， 好 像 这 里 还 不 够 多 似 的 。 
str_comment_intro_noble_pitiless|我 看 你 带 着 面 贵 族 的 旗 子 ， 不 过 我 不 认 得 这 个 徽 标 。 毫 无 疑 问 ， 又 一 只 秃 鹰 盯 上 了 战 争 的 尸 体 。 
str_comment_intro_noble_cunning|我 看 你 带 着 面 贵 族 的 旗 子 ， 不 过 我 不 认 得 这 个 徽 标 。 可 能 有 一 天 你 这 个 {伙 计 /姑 娘 }会 证 明 自 己 是 一 个 伟 大 的 战 士 ， 交 上 这 样 的 朋 友 总 是 很 划 算 的 。 
str_comment_intro_noble_sadistic|我 看 你 带 着 面 贵 族 的 旗 子 ， 不 过 我 不 认 得 这 个 徽 标 。 或 者 你 是 那 个 该 死 的 浑 身 浮 肿 的 偷 牛 贼 的 {儿 子 /女 儿 }？ 或 者 是 你 偷 了 它 们 ？ 
str_comment_intro_noble_goodnatured|我 看 你 带 着 面 贵 族 的 旗 子 ， 不 过 我 不 认 得 这 个 徽 标 。 原 谅 我 的 无 知 ， {先 生 /尊 敬 的 女 士 }。 很 高 兴 认 识 你 。 
str_comment_intro_noble_upstanding|我 看 你 带 着 面 贵 族 的 旗 子 ， 不 过 我 不 认 得 这 个 徽 标 。 毫 无 疑 问 你 是 来 这 里 寻 找 财 富 和 荣 誉 。 真 是 这 样 的 话 我 只 请 求 你 对 那 些 战 争 中 无 辜 的 灵 魂 仁 慈 一 些 罢 。 
str_comment_intro_common_liege|也 许 你 的 出 身 很 平 常 。 但 你 该 知 道 我 总 在 寻 找 能 为 我 而 战 的 勇 士 ， 如 果 他 们 能 够 证 明 自 己 值 得 我 信 任 的 话 。 
str_comment_intro_common_martial|也 许 你 的 出 身 很 平 常 。 但 是 如 果 你 足 够 勇 猛 ， 总 有 出 人 头 地 的 一 天 的 。 
str_comment_intro_common_badtempered|有 话 快 说 ， 我 可 不 想 浪 费 时 间 去 跟 一 名 雇 佣 军 士 兵 扯 淡 。 
str_comment_intro_common_pitiless|你 长 的 一 副 雇 佣 军 的 样 子 ， 又 一 只 秃 鹰 盯 上 了 战 争 的 尸 体 。 
str_comment_intro_common_cunning|嗯 ， 我 没 听 说 过 你 ， 不 过 你 看 起 来 就 像 个 有 那 么 一 天 也 许 会 出 人 头 地 的 {伙 计 /姑 娘 }。 
str_comment_intro_common_sadistic|对 那 些 不 请 自 来 的 ， 放 肆 无 礼 的 无 名 之 辈 ， 通 常 我 会 直 接 切 开 他 们 的 喉 咙 。 不 过 大 爷 我 今 天 心 情 不 错 。 
str_comment_intro_common_goodnatured|嗯 ， 你 看 起 来 蛮 像 一 个 好 人 。 
str_comment_intro_common_upstanding|冷 静 下 来 ， 并 永 远 记 住 ， 英 勇 也 要 有 与 之 相 称 的 仁 慈 ， 而 胆 识 要 用 于 磊 落 之 处 。 
str_comment_intro_female_famous_liege|我 听 说 过 很 多 你 的 传 闻 。 某 些 男 人 也 许 会 害 怕 武 艺 高 强 的 女 性 ， 但 我 是 那 种 不 会 拒 绝 一 名 勇 敢 而 又 忠 诚 的 战 士 的 人 。 
str_comment_intro_female_famous_martial|我 听 说 过 很 多 你 的 传 闻 。 他 们 说 你 的 强 悍 甚 至 不 输 给 最 勇 敢 的 男 子 。 或 许 我 们 该 在 竞 技 场 上 ， 或 者 战 场 上 来 较 量 一 下 ， 看 看 谁 更 勇 猛 ！ 
str_comment_intro_female_famous_badtempered|我 听 说 过 你 ， 一 个 会 像 男 人 那 样 战 斗 的 女 子 。 
str_comment_intro_female_famous_pitiless|我 知 道 你 的 名 字 ， 它 让 很 多 人 从 心 里 感 到 害 怕 。 很 好 ， 或 许 我 们 该 找 个 时 间 好 好 谈 谈 。 
str_comment_intro_female_famous_cunning|哈 ， 我 们 终 于 见 面 了 。 听 说 你 是 个 不 错 的 女 人 。 也 许 我 们 该 找 个 时 间 谈 谈 。 
str_comment_intro_female_famous_sadistic|我 知 道 你 的 名 字 ， 我 担 保 也 有 很 多 悲 伤 的 寡 妇 知 道 它 。 不 过 跟 我 没 关 系 。 
str_comment_intro_female_famous_goodnatured|早 就 听 说 过 你 了 。 总 算 能 够 认 识 你 ， 还 真 不 赖 。 
str_comment_intro_female_famous_upstanding|我 听 说 过 你 ， 他 们 说 你 是 最 英 勇 的 战 士 。 我 只 希 望 你 的 荣 誉 和 仁 慈 能 与 你 的 勇 猛 相 配 。 
str_comment_intro_female_noble_liege|有 志 于 指 挥 人 们 战 斗 的 女 性 ， 并 不 多 见 。 不 过 ， 这 是 个 黑 暗 和 混 乱 的 时 代 ， 我 的 双 手 将 时 刻 紧 握 剑 柄 ， 永 远 保 持 勇 敢 和 忠 诚 。 
str_comment_intro_female_noble_martial|我 不 认 得 你 旗 子 上 的 这 个 徽 标 ， 但 是 很 明 显 你 是 个 有 身 份 的 小 姐 。 请 把 我 当 作 你 最 卑 微 的 仆 人 。 
str_comment_intro_female_noble_badtempered|我 不 认 得 你 旗 子 上 的 这 个 徽 标 。 一 定 又 是 个 外 乡 人 到 这 里 来 了 ， 带 着 他 们 奇 怪 的 习 惯 。 
str_comment_intro_female_noble_pitiless|我 看 你 带 着 面 贵 族 的 旗 子 ， 不 过 我 不 认 得 这 个 徽 标 …… 你 得 知 道 ， 小 姐 ， 日 本 是 男 人 们 驰 骋 厮 杀 的 地 方 ， 如 果 你 打 算 推 翻 这 个 自 然 规 律 ， 你 会 看 到 你 漂 亮 的 脑 袋 被 扎 在 枪 上 示 众 ， 就 像 其 他 这 么 做 的 贵 族 一 样 ！ 
str_comment_intro_female_noble_cunning|虽 然 不 是 没 听 说 过 ， 有 的 女 人 为 了 富 贵 ， 在 日 本 的 战 场 上 厮 杀 ， 但 这 也 绝 不 常 见 。 我 会 对 你 的 冒 险 历 程 很 感 兴 趣 的 。 
str_comment_intro_female_noble_sadistic|你 似 乎 是 贵 族 身 份 ， 但 是 我 不 认 得 你 的 旗 子 。 一 定 又 是 个 外 乡 人 到 这 里 来 了 ， 毫 无 疑 问 是 来 自 一 个 男 人 没 用 ， 女 人 在 战 场 上 厮 杀 的 地 方 ！ 
str_comment_intro_female_noble_goodnatured|我 看 你 带 着 面 贵 族 的 旗 子 ， 不 过 我 不 认 得 这 个 徽 标 。 原 谅 我 的 无 知 ， 尊 敬 的 女 士 ！ 很 高 兴 认 识 你 。 
str_comment_intro_female_noble_upstanding|不 是 每 天 都 能 看 到 一 个 全 副 武 装 去 打 仗 的 女 人 。 请 别 认 为 这 不 合 适 ， 尊 敬 的 女 士 ， 因 为 你 有 权 保 护 自 己 。 不 过 ， 我 也 不 能 违 心 地 表 示 支 持 你 参 与 战 斗 。 我 更 希 望 女 人 们 可 以 远 离 战 争 ， 因 为 我 相 信 女 性 应 该 代 表 着 文 雅 和 温 柔 ， 尽 管 这 两 样 东 西 我 们 已 经 不 多 了 。 
str_comment_intro_female_admiring_liege|有 志 于 指 挥 人 们 战 斗 的 女 性 ， 并 不 多 见 。 不 过 ， 这 是 个 黑 暗 和 混 乱 的 时 代 ， 我 的 双 手 将 时 刻 紧 握 剑 柄 ， 永 远 保 持 勇 敢 和 忠 诚 。 
str_comment_intro_female_admiring_martial|你 好 ， 尊 敬 的 女 士 。 尽 管 我 从 你 的 举 止 看 出 来 你 不 是 一 个 平 常 女 孩 ， 我 希 望 你 不 会 拒 绝 来 自 于 我 ， 你 最 卑 微 的 仆 人 的 仰 慕 之 词 。 
str_comment_intro_female_badtempered_admiring|嘿 ， 试 想 一 下 ， 一 个 女 孩 ， 全 副 武 装 。 好 吧 ， 这 看 起 来 有 点 怪 ， 不 过 对 于 你 ， 我 会 慢 慢 接 受 的 。 
str_comment_intro_female_pitiless_admiring|一 个 女 人 披 挂 整 齐 地 去 参 战 ， 这 可 不 常 见 。 当 心 点 ， 尊 敬 的 女 士 ， 这 是 一 个 残 酷 的 世 界 ， 看 着 一 个 美 女 被 刀 砍 剑 刺 ， 可 是 件 遗 憾 的 事 。 
str_comment_intro_female_cunning_admiring|你 好 ， 尊 敬 的 女 士 。 如 果 我 要 说 一 个 女 人 全 副 武 装 去 打 仗 并 不 常 见 ， 请 别 见 外 。 我 希 望 有 朝 一 日 我 的 女 儿 可 以 拥 有 像 你 那 样 勇 气 和 热 情 。 
str_comment_intro_female_sadistic_admiring|看 看 我 们 遇 到 了 谁 ！ 一 个 女 人 ， 全 副 武 装 去 打 仗 ！ 好 吧 ， 我 敢 说 ， 像 你 这 么 漂 亮 的 美 人 ， 几 乎 可 以 分 给 一 件 长 摆 链 甲 一 些 女 人 味 儿 了 。 
str_comment_intro_female_admiring_goodnatured|尊 敬 的 女 士 ， 如 果 你 的 武 艺 像 你 的 脸 蛋 那 么 漂 亮 ， 你 的 敌 人 一 定 怕 你 怕 的 要 死 ！ 
str_comment_intro_female_admiring_upstanding|你 好 ， 尊 敬 的 女 士 。 即 使 你 的 衣 服 和 鞍 具 上 满 是 征 尘 ， 我 还 是 可 以 看 出 你 不 乏 贵 族 和 女 性 的 优 雅 。 
str_comment_intro_female_common_liege|有 志 于 指 挥 人 们 战 斗 的 女 性 ， 并 不 多 见 。 不 过 ， 这 是 个 黑 暗 和 混 乱 的 时 代 ， 我 的 双 手 将 时 刻 紧 握 剑 柄 ， 永 远 保 持 勇 敢 和 忠 诚 。 
str_comment_intro_female_common_martial|我 必 须 告 诉 你 ， 尊 敬 的 女 士 ， 骑 马 巡 游 这 片 危 机 四 伏 的 大 陆 的 时 候 ， 请 务 必 小 心 。 如 果 你 想 过 要 寻 找 一 种 更 …… 嗯 …… 更 安 定 的 生 活 的 话 ， 我 保 证 可 以 从 我 的 人 当 中 给 你 挑 选 一 个 般 配 的 丈 夫 。 
str_comment_intro_female_common_badtempered|顺 便 说 一 句 ， 姑 娘 ， 你 丈 夫 知 道 你 偷 拿 了 他 的 武 器 和 盔 甲 么 ？ 我 敢 打 赌 ， 回 到 家 里 你 免 不 了 不 折 不 扣 挨 上 一 顿 痛 打 ！ 
str_comment_intro_female_common_pitiless|这 真 是 个 堕 落 的 时 代 ， 连 女 人 都 当 上 了 土 匪 ， 从 战 争 的 残 骸 里 找 些 值 钱 的 东 西 。 
str_comment_intro_female_common_cunning|虽 然 不 是 没 听 说 过 ， 有 的 女 人 为 了 富 贵 ， 在 日 本 的 战 场 上 厮 杀 ， 但 这 也 绝 不 常 见 。 我 会 对 你 的 冒 险 历 程 很 感 兴 趣 的 。 
str_comment_intro_female_common_sadistic|一 个 全 副 武 装 去 打 仗 的 女 人 ！ 好 吧 ， 我 想 你 比 我 手 下 大 部 分 自 称 是 勇 士 的 人 更 像 个 男 人 。 
str_comment_intro_female_common_goodnatured|从 你 的 神 情 来 看 ， 你 有 很 好 的 自 我 控 制 能 力 ， 不 过 ， 在 外 面 还 是 得 当 心 点 儿 ， 尊 敬 的 女 士 。 
str_comment_intro_female_common_upstanding|不 是 每 天 都 能 看 到 一 个 全 副 武 装 去 打 仗 的 女 人 。 请 别 认 为 这 不 合 适 ， 尊 敬 的 女 士 ， 因 为 你 有 权 保 护 自 己 。 不 过 ， 我 也 不 能 违 心 地 表 示 支 持 你 参 与 战 斗 。 我 更 希 望 女 人 们 可 以 远 离 战 争 ， 因 为 我 相 信 女 性 应 该 代 表 着 文 雅 和 温 柔 ， 尽 管 这 两 样 东 西 我 们 已 经 不 多 了 。 
str_rejoinder_intro_female_common_badtempered|我 的 武 器 在 战 场 上 所 向 披 靡 。 你 敢 和 它 们 比 划 比 划 吗 ？ 
str_rejoinder_intro_female_noble_sadistic|别 介 意 我 的 国 家 。 这 里 是 日 本 ， 就 像 是 一 群 疯 狗 领 着 人 们 打 仗 。 
str_rejoinder_intro_female_common_sadistic|而 你 ， 先 生 ， 不 比 我 的 马 更 野 蛮 。 
str_rejoinder_intro_female_noble_pitiless|我 会 重 写 这 个 自 然 规 律 ， 所 以 你 现 在 少 说 屁 话 。 
str_rejoinder_intro_female_common_pitiless|当 然 ， 当 堕 落 时 期 来 临 ， 土 匪 都 自 称 为 “ 领 主 ” 。 
str_rejoinder_intro_noble_sadistic|也 许 现 在 我 应 该 夺 取 你 的 旗 帜 。 还 有 你 的 牲 口 。 以 及 你 的 小 命 。 
str_rejoinder_intro_female_pitiless_admiring|我 将 很 乐 意 打 烂 你 漂 亮 的 鼻 子 ， 先 生 。 
str_rejoinder_intro_female_common_upstanding|你 想 试 试 我 的 兵 刃 是 软 是 硬 吗 ？ 
str_rejoinder_intro_female_noble_upstanding|你 想 试 试 我 的 兵 刃 是 软 是 硬 吗 ？ 
str_rejoinder_intro_female_common_martial|我 可 以 找 到 比 这 些 狗 窝 里 的 家 伙 杰 出 的 丈 夫 。 
str_rejoinder_intro_female_sadistic_admiring|你 可 以 向 一 副 马 具 倾 注 感 情 ， 就 别 再 打 别 的 主 意 了 。 
str_rejoinder_intro_female_badtempered_admiring|如 果 你 因 为 看 到 我 而 心 神 不 宁 ， 我 很 乐 意 帮 你 弄 掉 你 的 眼 睛 。 
str_comment_you_raided_my_village_enemy_benevolent|你 竟 然 在 我 保 护 下 的 {s51}村 庄 屠 杀 无 辜 的 平 民 。 现 在 ， 你 将 为 你 的 罪 行 遭 到 惩 罚 。 
str_comment_you_raided_my_village_enemy_spiteful|你 掠 夺 了 我 的 {s51}村 庄 ， 毁 坏 我 的 产 业 并 杀 害 我 的 租 户 。 我 要 你 用 血 来 偿 还 ！ 
str_comment_you_raided_my_village_enemy_coldblooded|你 掠 夺 了 我 的 {s51}村 庄 ， 毁 坏 我 的 产 业 并 杀 害 我 的 租 户 。 在 你 想 再 次 这 样 做 之 前 ， 我 劝 你 三 思 。 
str_comment_you_raided_my_village_enemy|你 掠 夺 了 我 的 {s51}村 庄 ， 毁 坏 我 的 产 业 并 杀 害 我 保 护 下 的 租 户 。 你 必 须 为 自 己 的 罪 行 付 出 代 价 ！ 
str_comment_you_raided_my_village_unfriendly_spiteful|你 掠 夺 了 我 的 {s51}村 庄 ， 如 果 你 再 这 样 我 就 像 收 拾 鱼 那 样 捏 爆 你 的 鱼 泡 ！ 
str_comment_you_raided_my_village_friendly|你 掠 夺 了 我 的 {s51}村 庄 ， 彻 底 毁 掉 了 我 们 之 间 的 关 系 。 
str_comment_you_raided_my_village_default|你 掠 夺 了 我 的 {s51}村 庄 ， 如 果 你 再 这 样 ， 我 们 真 的 会 打 起 来 。 
str_comment_you_stole_cattles_from_my_village_enemy_benevolent|我 听 说 你 从 {s51}村 那 些 受 我 保 护 的 老 实 村 民 手 中 偷 走 了 不 少 牲 口 ， 现 在 是 你 为 你 的 罪 行 付 出 代 价 的 时 候 了 。 
str_comment_you_stole_cattles_from_my_village_enemy_spiteful|我 听 说 你 从 属 于 我 的 {s51}村 的 村 民 们 手 中 偷 走 了 不 少 牲 口 ， 现 在 你 将 为 你 可 耻 的 行 为 付 出 代 价 ！ 
str_comment_you_stole_cattles_from_my_village_enemy_coldblooded|我 听 说 你 从 属 于 我 的 {s51}村 的 村 民 们 手 中 偷 走 了 不 少 牲 口 ， 我 给 你 一 个 机 会 ， 让 你 弥 补 你 再 次 破 坏 我 的 收 入 的 愚 行 ！ 
str_comment_you_stole_cattles_from_my_village_enemy|我 听 说 你 从 属 于 我 的 {s51}村 的 村 民 们 手 中 偷 走 了 不 少 牲 口 ， 现 在 你 将 为 你 可 耻 的 行 为 付 出 代 价 ！ 
str_comment_you_stole_cattles_from_my_village_unfriendly_spiteful|我 听 说 你 从 属 于 我 的 {s51}村 的 村 民 们 手 中 偷 走 了 不 少 牲 口 ， 如 果 你 敢 再 烦 的 话 ， 我 发 誓 我 会 把 你 像 鱼 一 样 挂 起 来 ！ 
str_comment_you_stole_cattles_from_my_village_friendly|我 听 说 你 从 属 于 我 的 {s51}村 的 村 民 们 手 中 偷 走 了 不 少 牲 口 ， 这 种 行 为 极 大 的 损 害 了 我 们 的 友 谊 。 
str_comment_you_stole_cattles_from_my_village_default|我 听 说 你 从 属 于 我 的 {s51}村 的 村 民 们 手 中 偷 走 了 不 少 牲 口 ， 如 果 你 不 停 止 这 种 行 径 ， 我 们 将 不 得 不 对 你 展 开 攻 击 。 
str_comment_you_robbed_my_village_enemy_coldblooded|你 在 我 的 {s51}村 庄 抢 夺 我 的 租 户 ， 我 认 为 这 是 对 我 个 人 的 侮 辱 。 
str_comment_you_robbed_my_village_enemy|你 竟 然 在 我 保 护 下 的 {s51}村 庄 屠 杀 无 辜 的 平 民 。 我 来 是 为 你 犯 下 的 严 重 罪 行 为 惩 罚 你 。 
str_comment_you_robbed_my_village_friendly_spiteful|我 听 说 你 在 我 的 {s51}村 庄 ， 抢 夺 我 租 户 的 口 粮 。 我 不 在 乎 让 你 拿 走 点 东 西 ， 但 是 记 住 ， 我 也 是 那 些 村 民 的 申 诉 对 象 。 
str_comment_you_robbed_my_village_friendly|我 听 说 你 在 我 的 {s51}村 庄 强 行 征 粮 。 我 相 信 如 果 不 是 迫 不 得 已 你 是 不 会 这 么 做 的 。 
str_comment_you_robbed_my_village_default|你 在 我 的 {s51}村 庄 强 行 征 粮 。 如 果 你 再 这 样 ， 我 们 真 的 会 打 起 来 。 
str_comment_you_accosted_my_caravan_enemy|你 竟 然 想 对 我 保 护 下 的 商 队 下 手 ， 看 来 你 的 盗 匪 生 涯 就 要 结 束 了 。 
str_comment_you_accosted_my_caravan_default|你 竟 然 想 对 我 保 护 下 的 商 队 下 手 ， 这 种 行 为 必 须 结 束 了 。 
str_comment_you_helped_villagers_benevolent|我 听 说 你 在 我 的 {s51}村 庄 行 善 。 作 为 领 主 和 保 护 者 我 却 忽 略 了 自 己 的 责 任 ， 非 常 感 激 你 为 我 做 的 这 些 。 
str_comment_you_helped_villagers_friendly_cruel|我 听 说 你 在 我 的 {s51}村 庄 行 善 。 我 想 你 的 意 图 是 好 的 ， 但 我 不 想 你 再 这 样 随 意 损 害 我 的 威 信 。 
str_comment_you_helped_villagers_friendly|我 听 说 你 在 我 的 {s51}村 庄 行 善 。 我 不 反 对 你 对 他 们 提 供 帮 助 。 
str_comment_you_helped_villagers_unfriendly_spiteful|我 听 说 你 在 我 的 {s51}村 庄 行 善 。 看 你 在 我 的 附 庸 民 中 间 赚 取 好 感 真 是 有 趣 ， 不 过 我 劝 你 还 是 去 忙 你 自 己 的 事 情 吧 。 
str_comment_you_helped_villagers_cruel|我 听 说 你 在 我 的 {s51}村 庄 行 善 。 作 为 领 主 和 保 护 者 ， 那 些 是 我 的 责 任 。 世 道 艰 难 ， 我 也 认 为 你 的 意 图 是 好 的 ， 但 你 这 样 还 是 在 损 害 我 的 威 信 。 我 要 谢 谢 你 ， 并 请 你 别 管 他 们 。 
str_comment_you_helped_villagers_default|我 听 说 你 在 我 的 {s51}村 庄 行 善 。 世 道 艰 难 ， 我 也 认 为 你 的 意 图 是 好 的 ， 但 别 养 成 这 样 的 习 惯 。 作 为 领 主 和 保 护 者 ， 我 不 想 让 他 们 去 盼 望 一 个 陌 生 人 的 帮 助 。 
str_comment_you_give_castle_in_my_control|你 不 会 后 悔 决 定 把 {s51}封 给 我 。 我 会 替 你 保 护 它 。 
str_comment_you_captured_a_castle_allied_friendly|我 听 说 你 包 围 并 攻 下 了 {s51}。 这 也 太 突 然 了 吧 ， 我 很 骄 傲 能 称 你 为 我 的 朋 友 。 
str_comment_you_captured_a_castle_allied_spiteful|我 听 说 你 包 围 并 攻 下 了 {s51}。 干 得 好 ！ 很 快 ， 我 们 就 能 去 占 他 们 的 城 堡 ， 抢 他 们 的 财 宝 ， 还 有 他 们 的 女 人 和 酒 …… 哈 哈 ！ 
str_comment_you_captured_a_castle_allied_unfriendly_spiteful|我 听 说 你 包 围 并 攻 下 了 {s51}。 你 一 定 交 上 了 狗 屎 运 ， 这 是 他 们 说 的 。 好 好 享 受 吧 ， 在 你 被 赶 出 来 之 前 。 
str_comment_you_captured_a_castle_allied_unfriendly|我 听 说 你 包 围 并 攻 下 了 {s51}。 不 管 我 们 以 前 有 多 少 分 歧 ， 我 还 是 奉 上 我 的 祝 贺 。 
str_comment_you_captured_a_castle_allied|我 听 说 你 包 围 并 攻 下 了 {s51}。 我 们 把 他 们 打 跑 了 ！ 
str_comment_you_captured_my_castle_enemy_spiteful|我 听 说 你 攻 陷 了 我 的 家 乡 {s51}。 我 希 望 你 能 喜 欢 地 牢 ， 将 来 你 会 在 那 里 待 上 许 多 年 。 
str_comment_you_captured_my_castle_enemy_chivalrous|你 占 领 了 我 的 封 地 {s51}， 希 望 你 能 给 我 机 会 赢 它 回 来 。 
str_comment_you_captured_my_castle_enemy|你 有 些 东 西 是 属 于 我 的 ， {s51}。 我 会 让 你 放 弃 它 。 
str_comment_we_defeated_a_lord_unfriendly_spiteful|我 想 你 会 为 我 们 对 {s54}的 胜 利 干 一 杯 。 不 过 还 是 省 省 你 的 酒 ， 让 我 们 在 你 洗 净 前 耻 之 后 再 喝 吧 。 
str_comment_we_defeated_a_lord_unfriendly|我 不 会 忘 记 当 初 我 们 如 何 并 肩 作 战 ， 对 抗 {s54}， 但 我 也 不 会 忘 记 那 些 横 在 我 们 之 间 的 过 节 。 
str_comment_we_defeated_a_lord_cruel|{s54}之 战 是 一 场 伟 大 的 胜 利 ， 对 吧 ？ 我 们 把 敌 人 的 部 队 变 成 了 一 场 乌 鸦 的 盛 宴 ！ 
str_comment_we_defeated_a_lord_quarrelsome|我 不 会 忘 记 我 们 是 如 何 攻 破 {s54}的 。 我 很 享 受 那 个 。 
str_comment_we_defeated_a_lord_upstanding|我 不 会 忘 记 我 们 对 {s54}的 胜 利 。 让 我 们 再 次 感 谢 上 帝 ， 并 且 祈 祷 我 们 不 会 变 得 太 骄 傲 。 
str_comment_we_defeated_a_lord_default|那 是 一 个 伟 大 的 胜 利 ， 不 是 吗 ？ 和 你 一 起 战 斗 我 感 到 很 荣 耀 。 
str_comment_we_fought_in_siege_unfriendly_spiteful|我 想 你 会 为 我 们 攻 下 {s51}干 一 杯 。 不 过 还 是 省 省 你 的 酒 ， 让 我 们 在 你 洗 净 前 耻 之 后 再 喝 吧 。 
str_comment_we_fought_in_siege_unfriendly|我 不 会 忘 记 我 们 紧 密 合 作 暴 风 雨 般 的 席 卷 了 {s51}， 不 过 ， 我 也 不 会 忘 记 我 们 之 间 存 在 的 过 节 。 
str_comment_we_fought_in_siege_cruel|我 不 会 忘 记 我 们 是 如 何 攻 破 {s51}的 城 墙 并 让 守 卫 者 都 倒 在 剑 下 的 。 这 是 个 美 好 的 回 忆 。 
str_comment_we_fought_in_siege_quarrelsome|记 得 敌 人 在 我 们 攻 下 {s51}的 城 墙 的 时 候 是 怎 么 尖 叫 的 吗 ？ 他 们 以 为 很 安 全 ！ 我 们 扇 去 了 他 们 脸 上 自 鸣 得 意 的 笑 ！ 
str_comment_we_fought_in_siege_upstanding|我 不 会 忘 记 我 们 攻 占 了 {s51}。 让 我 们 再 次 感 谢 上 帝 ， 并 且 祈 祷 我 们 不 会 变 得 太 骄 傲 。 
str_comment_we_fought_in_siege_default|我 不 会 忘 记 我 们 紧 密 合 作 攻 占 了 {s51}。 和 你 一 起 战 斗 我 感 到 荣 耀 。 
str_comment_we_fought_in_major_battle_unfriendly_spiteful|我 想 你 会 为 我 们 在 {s51}附 近 的 伟 大 胜 利 干 杯 。 不 过 还 是 省 省 你 的 酒 ， 让 我 们 在 你 洗 净 前 耻 之 后 再 喝 吧 。 
str_comment_we_fought_in_major_battle_unfriendly|我 不 会 忘 记 我 们 在 {s51}附 近 的 伟 大 战 役 中 的 紧 密 合 作 ， 不 过 ， 我 也 不 会 忘 记 我 们 之 间 存 在 的 过 节 。 
str_comment_we_fought_in_major_battle_cruel|我 不 会 忘 记 在 {s51}附 近 的 伟 大 战 役 ， 当 我 们 攻 破 敌 人 的 防 线 之 后 他 们 尖 叫 着 在 我 们 面 前 溃 散 。 这 是 一 个 美 好 的 回 忆 。 
str_comment_we_fought_in_major_battle_quarrelsome|在 {s51}附 近 的 战 斗 很 棒 ， 我 们 把 那 些 混 蛋 赶 跑 了 ！ 
str_comment_we_fought_in_major_battle_upstanding|我 不 会 忘 记 在 {s51}附 近 的 伟 大 战 役 中 我 们 并 肩 战 斗 。 让 我 们 再 次 感 谢 上 帝 ， 并 祈 祷 我 们 不 会 变 得 太 骄 傲 。 
str_comment_we_fought_in_major_battle_default|我 不 会 忘 记 在 {s51}附 近 的 伟 大 战 役 中 我 们 并 肩 战 斗 。 和 你 一 起 战 斗 我 感 到 荣 耀 。 
str_comment_you_defeated_a_lord_allied_liege|这 么 说 ， 你 和 那 个 流 氓 {s54}交 锋 并 获 得 了 胜 利 。 我 非 常 高 兴 听 到 这 个 消 息 。 
str_comment_you_defeated_a_lord_allied_unfriendly_spiteful|我 听 说 你 击 败 了 {s54}。 我 估 计 是 走 了 狗 屎 运 。 
str_comment_you_defeated_a_lord_allied_spiteful|我 听 说 过 你 击 败 了 狗 娘 养 的 {s54}。 啊 ， 我 要 是 能 亲 耳 听 到 他 求 饶 就 好 了 。 
str_comment_you_defeated_a_lord_allied_unfriendly_chivalrous|我 听 说 你 击 败 了 {s54}。 我 希 望 你 没 有 使 用 卑 鄙 的 手 段 。 
str_comment_you_defeated_a_lord_allied|我 听 说 你 击 败 了 {s54}。 我 希 望 你 对 胜 利 感 到 高 兴 。 
str_comment_you_defeated_me_enemy_chivalrous|我 不 会 愤 恨 上 次 你 击 败 了 我 ， 但 是 我 渴 望 下 一 次 交 手 ！ 
str_comment_you_defeated_me_enemy_spiteful|我 正 期 待 与 你 再 次 见 面 。 你 的 小 诡 计 不 会 再 让 我 上 当 了 ， 我 将 很 享 受 你 的 求 饶 。 
str_comment_you_defeated_me_enemy|当 我 们 上 次 遇 到 的 时 候 ， {playername}， 你 比 我 强 。 但 是 我 保 证 再 也 不 会 出 现 那 种 事 了 ！ 
str_comment_i_defeated_you_enemy_spiteful|还 没 打 够 ？ 那 让 我 们 再 干 一 仗 ， 我 会 用 你 的 肠 子 喂 狗 。 
str_comment_i_defeated_you_enemy_chivalrous|让 我 再 试 试 你 有 多 勇 猛 ， {playername}？ 
str_comment_i_defeated_you_enemy_benevolent|你 这 么 快 又 来 了 ？ 你 在 家 练 习 了 么 ？ 
str_comment_i_defeated_you_enemy_coldblooded|你 很 坚 持 不 懈 ， 但 是 很 讨 厌 。 
str_comment_i_defeated_you_enemy|要 我 教 训 你 多 少 次 你 才 能 学 会 走 远 点 ？ 
str_comment_we_were_defeated_unfriendly_spiteful|最 后 看 到 你 的 时 候 ， 你 已 经 被 {s54}的 人 打 倒 了 。 我 认 为 你 应 该 对 那 个 灾 难 负 责 。 看 到 你 还 活 着 真 是 太 遗 憾 了 。 
str_comment_we_were_defeated_unfriendly|最 后 看 到 你 的 时 候 ， 你 已 经 被 {s54}的 人 打 倒 了 。 好 吧 ， 我 发 现 你 还 活 着 。 
str_comment_we_were_defeated_cruel|最 后 看 到 你 的 时 候 ， 你 已 经 被 {s54}的 人 打 倒 了 。 不 用 担 心 ， 我 们 会 找 到 他 ， 然 后 让 他 被 自 己 的 胜 利 噎 死 。 
str_comment_we_were_defeated_default|最 后 看 到 你 的 时 候 ， 你 已 经 被 {s54}的 人 打 倒 了 。 很 高 兴 看 到 你 还 活 得 好 好 的 。 
str_comment_you_were_defeated_allied_friendly_spiteful|我 听 说 {s54}让 你 很 难 过 。 不 用 担 心 ， 朋 友 ， 我 会 为 你 找 到 他 ， 并 把 他 的 头 送 给 你 作 礼 物 。 
str_comment_you_were_defeated_allied_unfriendly_cruel|我 听 说 {s54}嘲 笑 你 的 人 都 象 绵 羊 。 但 是 你 还 活 生 生 的 站 在 这 里 ， 真 是 让 人 失 望 ！ 
str_comment_you_were_defeated_allied_spiteful|我 听 说 {s54}就 像 蚂 蚁 一 样 踩 在 了 脚 下 。 哈 ！ 小 孩 子 不 应 该 玩 大 人 的 游 戏 ， 小 {伙 子 /姑 娘 }！ 
str_comment_you_were_defeated_allied_pitiless|我 听 说 {s54}打 败 了 你 ， 击 溃 了 你 的 军 队 。 真 让 人 沮 丧 ……
str_comment_you_were_defeated_allied_unfriendly_upstanding|我 听 说 {s54}打 败 了 你 。 也 许 你 应 该 考 虑 你 是 否 忏 悔 过 自 己 的 任 何 罪 过 ， 这 可 能 是 上 天 用 这 种 方 式 来 惩 罚 你 。 
str_comment_you_were_defeated_allied_unfriendly|我 听 说 {s54}打 败 了 你 ， 我 说 ， 不 要 让 我 们 太 多 的 兵 被 干 掉 ， 好 不 好 ？ 
str_comment_you_were_defeated_allied|我 听 说 {s54}打 败 了 你 。 但 是 放 宽 心 ， 很 快 就 要 时 来 运 转 了 ！ 
str_comment_you_helped_my_ally_unfriendly_chivalrous|我 听 说 你 从 一 场 很 危 急 的 战 斗 中 解 救 了 {s54}。 不 管 我 怎 么 看 你 这 个 人 ， 我 至 少 很 赞 赏 你 做 到 了 这 个 。 
str_comment_you_helped_my_ally_liege|我 听 说 你 很 危 急 的 时 候 解 救 了 我 的 下 属 。 
str_comment_you_helped_my_ally_unfriendly_spiteful|我 听 说 你 拍 马 赶 来 救 了 我 们 可 怜 的 {s54}。 你 是 不 是 认 为 他 是 一 个 悲 惨 的 女 人 ？ 别 担 心 ， 这 不 是 什 么 了 不 起 的 错 误 。 
str_comment_you_helped_my_ally_spiteful|我 听 说 你 把 {s54}从 鞭 打 中 解 救 了 出 来 。 你 本 来 应 该 让 他 得 到 教 训 ， 我 看 。 
str_comment_you_helped_my_ally_chivalrous|我 听 说 你 在 紧 要 关 头 把 {s54}救 了 出 来 。 这 真 是 骑 士 风 度 。 
str_comment_you_helped_my_ally_default|我 听 说 你 在 紧 要 关 头 把 {s54}救 了 出 来 。 干 的 漂 亮 ！ 
str_comment_you_abandoned_us_unfriendly_spiteful|你 这 个 卑 鄙 的 家 伙 ！ 你 让 我 们 单 独 抵 抗 {s54}， 是 不 是 ？ 我 唾 弃 你 。 
str_comment_you_abandoned_us_unfriendly_pitiless|恩 …… 你 在 战 斗 中 把 我 抛 弃 给 {s54}， 是 不 是 ？ 我 将 看 到 你 的 墓 碑 上 写 着 叛 国 者 。 
str_comment_you_abandoned_us_spiteful|你 在 和 {s54}的 战 斗 中 消 失 了 …… 我 希 望 你 有 一 个 好 的 解 释 。 是 不 是 你 的 肠 胃 有 了 情 况 ？ 是 否 因 为 颤 抖 得 太 厉 害 拿 不 住 武 器 了 ？ 
str_comment_you_abandoned_us_chivalrous|发 生 什 么 事 了 ？ 你 在 对 {s54}的 战 斗 中 失 踪 了 。 我 只 能 希 望 是 你 受 重 伤 倒 下 了 ， 因 为 我 会 为 和 胆 小 鬼 一 起 战 斗 而 感 到 羞 愧 。 
str_comment_you_abandoned_us_benefitofdoubt|发 生 什 么 事 了 ？ 你 在 对 {s54}的 战 斗 中 失 踪 了 。 我 估 计 你 一 定 是 受 伤 了 ， 但 是 现 在 看 起 来 很 可 疑 。 
str_comment_you_abandoned_us_default|发 生 什 么 事 了 ？ 刚 刚 你 还 和 我 们 一 起 与 {s54}战 斗 ， 一 会 功 夫 就 找 不 到 你 了 ？ 
str_comment_you_ran_from_me_enemy_spiteful|上 次 我 们 遇 到 的 时 候 ， 你 象 一 条 挨 了 鞭 子 的 狗 从 我 这 里 逃 走 了 。 你 现 在 来 是 再 次 向 我 咆 哮 ， 还 是 请 求 宽 恕 ？ 
str_comment_you_ran_from_me_enemy_chivalrous|上 次 我 们 遇 到 的 时 候 ， 你 逃 跑 了 ， 要 象 个 绅 士 一 样 不 屈 的 战 斗 ！ 
str_comment_you_ran_from_me_enemy_benevolent|当 上 次 我 们 遇 到 的 时 候 看 到 你 逃 跑 ， 我 就 希 望 不 再 与 你 战 斗 。 
str_comment_you_ran_from_me_enemy_coldblooded|上 次 我 们 遇 到 的 时 候 ， 你 逃 跑 了 。 这 是 个 英 明 的 决 定 。 
str_comment_you_ran_from_me_enemy|上 次 我 们 遇 到 的 时 候 你 能 够 逃 走 ， 但 是 下 次 我 怀 疑 你 还 能 那 么 走 运 么 。 
str_comment_you_ran_from_foe_allied_chivalrous|他 们 说 你 从 {s54}那 里 逃 跑 了 ， 把 你 的 部 下 留 在 后 面 。 我 希 望 这 不 是 真 的 ， 因 为 这 种 行 为 让 我 们 大 家 蒙 羞 。 
str_comment_you_ran_from_foe_allied_upstanding|他 们 说 你 从 {s54}那 里 逃 跑 了 ， 把 你 的 部 下 留 在 后 面 。 我 一 般 是 不 相 信 这 些 谣 言 的 ， 并 且 我 也 知 道 让 人 绝 望 的 困 境 产 生 让 人 绝 望 的 压 力 。 但 是 我 请 求 你 还 是 要 注 意 你 的 好 名 誉 ， 因 为 如 果 民 众 听 到 我 们 在 战 场 上 抛 弃 他 们 ， 他 们 就 不 会 为 我 军 而 战 。 
str_comment_you_ran_from_foe_allied_spiteful|顺 便 说 一 下 ， 他 们 说 你 从 {s54}那 里 象 受 惊 的 小 兔 子 一 样 逃 走 了 ， 丢 下 你 的 部 下 被 屠 宰 。 哈 ！ 多 么 壮 观 的 场 面 ！ 
str_comment_you_defeated_my_friend_enemy_pragmatic|你 也 许 可 以 打 败 {s54}， 但 是 你 不 可 能 打 败 我 们 所 有 人 。 
str_comment_you_defeated_my_friend_enemy_chivalrous|我 听 说 你 打 败 了 {s54}， 从 那 时 候 起 他 就 渴 望 与 你 再 次 交 锋 。 
str_comment_you_defeated_my_friend_enemy_spiteful|你 有 点 名 过 其 实 ， {playername}。 {s54}也 许 败 在 你 的 花 招 之 下 ， 但 是 如 果 你 跟 我 打 ， 你 将 发 现 我 是 一 个 更 加 难 对 付 的 对 手 。 
str_comment_you_defeated_my_friend_enemy|听 说 你 打 败 了 {s54}。 而 我 将 会 真 正 测 试 你 的 能 力 。 
str_comment_you_captured_a_lord_allied_friendly_spiteful|我 听 说 你 抓 住 {s54}了 。 我 希 望 你 能 从 他 身 上 勒 索 到 每 个 文 钱 。 
str_comment_you_captured_a_lord_allied_unfriendly_spiteful|我 听 说 你 抓 住 {s54}了 。 你 的 箱 子 里 现 在 一 定 装 满 了 赎 金 。 但 是 很 可 惜 钱 不 能 使 你 从 一 个 低 贱 的 野 狗 变 成 绅 士 的 ！ 
str_comment_you_captured_a_lord_allied_chivalrous|我 听 说 你 抓 住 {s54}了 。 干 得 不 错 ， 当 然 我 认 为 ， 他 现 在 应 该 受 到 了 与 他 身 份 相 称 的 待 遇 。 
str_comment_you_captured_a_lord_allied|我 听 说 你 抓 住 {s54}了 。 干 得 不 错 ， 他 的 赎 金 一 定 很 丰 厚 。 
str_comment_you_let_go_a_lord_allied_chivalrous|我 听 说 你 抓 住 {s54}了 ， 但 是 你 把 他 放 走 了 。 这 样 的 骑 士 精 神 对 我 来 说 是 一 种 荣 誉 。 
str_comment_you_let_go_a_lord_allied_upstanding|我 听 说 你 抓 住 {s54}了 ， 但 是 你 把 他 放 走 了 。 很 好 ， 这 是 一 个 光 荣 的 做 法 ， 但 是 同 时 也 可 能 是 一 种 危 险 的 做 法 。 
str_comment_you_let_go_a_lord_allied_coldblooded|我 听 说 你 抓 住 {s54}了 ， 但 是 你 把 他 放 走 了 。 对 你 来 说 ， 这 是 一 件 富 有 骑 士 精 神 的 做 法 ， 但 是 骑 士 精 神 赢 不 了 战 争 。 
str_comment_you_let_go_a_lord_allied_unfriendly_spiteful|我 听 说 你 抓 住 {s54}了 ， 但 是 你 把 他 放 走 了 。 你 是 多 么 富 有 骑 士 精 神 啊 ！ 不 用 怀 疑 他 遗 留 在 家 的 孤 儿 寡 妇 一 定 想 来 亲 自 称 赞 你 。 
str_comment_you_let_go_a_lord_allied|我 听 说 你 抓 住 {s54}了 ， 但 是 你 把 他 放 走 了 。 我 不 会 干 涉 你 会 怎 样 处 理 你 自 己 的 俘 虏 。 
str_comment_you_let_me_go_spiteful|我 们 上 次 遇 到 的 时 候 ， 你 对 我 很 仁 慈 ， 并 放 我 走 了 。 我 希 望 你 喜 欢 跟 我 玩 类 似 猫 捉 老 鼠 的 游 戏 ， 因 为 很 快 我 将 让 你 乞 求 我 的 仁 慈 ， 杀 死 或 者 羞 辱 都 由 我 的 想 法 决 定 。 
str_comment_you_let_me_go_enemy_chivalrous|我 们 上 次 遇 到 的 时 候 ， 你 对 我 很 仁 慈 ， 并 放 我 走 了 。 你 太 有 骑 士 精 神 了 ， 我 不 会 忘 记 你 的 。 但 是 我 同 时 也 必 须 牢 记 我 对 我 的 君 主 发 过 的 誓 言 ， 而 且 我 们 的 国 家 还 在 交 战 中 。 
str_comment_you_let_me_go_enemy_coldblooded|我 们 上 次 遇 到 的 时 候 ， 你 对 我 很 仁 慈 ， 并 放 我 走 了 。 但 是 我 们 仍 然 是 敌 人 ， 我 不 会 以 同 样 的 方 式 对 你 仁 慈 的 。 
str_comment_you_let_me_go_enemy|我 们 上 次 遇 到 的 时 候 ， 你 对 我 很 仁 慈 ， 并 放 我 走 了 。 你 很 仁 慈 ， 但 是 我 们 仍 然 在 交 战 中 。 
str_comment_you_let_me_go_default|我 们 上 次 遇 到 的 时 候 ， 你 对 我 很 仁 慈 ， 并 放 我 走 了 。 你 很 仁 慈 ， 而 且 我 很 高 兴 我 们 的 国 家 不 再 交 战 了 。 
str_comment_pledged_allegiance_allied_martial_unfriendly|我 听 说 你 已 经 发 誓 效 忠 我 们 的 国 王 {s54}了 。 祈 祷 你 不 会 表 现 出 懦 弱 的 样 子 而 使 我 们 都 感 到 丢 脸 。 
str_comment_pledged_allegiance_allied_martial|我 听 说 你 已 经 发 誓 效 忠 我 们 的 国 王 {s54}了 。 我 一 直 都 想 和 你 并 肩 对 抗 我 们 的 敌 人 。 
str_comment_pledged_allegiance_allied_quarrelsome_unfriendly|我 听 说 你 已 经 发 誓 效 忠 我 们 的 国 王 {s54}了 。 呸 ！ 你 就 自 重 吧 ， 离 我 远 点 。 
str_comment_pledged_allegiance_allied_quarrelsome|我 听 说 你 已 经 发 誓 效 忠 我 们 的 国 王 {s54}了 。 努 力 和 我 们 的 敌 人 战 斗 ， 尊 敬 你 的 前 辈 ， 而 且 不 要 妨 碍 我 。 这 样 我 们 就 能 和 谐 相 处 了 。 
str_comment_pledged_allegiance_allied_selfrighteous_unfriendly|我 听 说 你 已 经 发 誓 效 忠 我 们 的 国 王 {s54}了 。 如 果 我 是 他 ， 我 就 不 会 信 任 你 能 当 好 火 头 军 。 
str_comment_pledged_allegiance_allied_selfrighteous|我 听 说 你 已 经 发 誓 效 忠 我 们 的 国 王 {s54}了 。 勇 敢 地 战 斗 ， 你 将 会 获 得 更 多 的 报 酬 。 背 叛 我 们 的 话 ， 我 们 会 一 辈 子 记 仇 的 。 
str_comment_pledged_allegiance_allied_cunning_unfriendly|我 听 说 你 已 经 发 誓 效 忠 我 们 的 国 王 {s54}了 。 我 不 会 假 意 地 对 他 的 决 定 表 示 高 兴 ， 但 是 也 许 让 你 加 入 我 们 的 阵 营 比 加 入 别 的 好 多 了 。 
str_comment_pledged_allegiance_allied_cunning|我 听 说 你 已 经 发 誓 效 忠 我 们 的 国 王 {s54}了 。 太 好 了 ， 在 这 个 动 乱 的 年 代 ， 你 这 样 的 能 干 的 战 士 越 多 越 好 。 我 将 看 着 你 成 长 。 
str_comment_pledged_allegiance_allied_debauched_unfriendly|我 听 说 你 已 经 发 誓 效 忠 我 们 的 国 王 {s54}了 。 不 用 怀 疑 ， 你 很 快 就 会 背 叛 他 ， 而 我 很 乐 意 看 到 你 受 到 叛 国 者 应 该 受 到 的 下 场 。 
str_comment_pledged_allegiance_allied_debauched|我 听 说 你 已 经 发 誓 效 忠 我 们 的 国 王 {s54}了 。 非 常 棒 …… 我 确 信 你 和 我 将 会 成 为 很 好 的 朋 友 。 但 记 住 ， 如 果 你 出 卖 我 们 ， 这 将 是 你 犯 的 最 大 的 错 误 。 
str_comment_pledged_allegiance_allied_goodnatured_unfriendly|我 听 说 你 已 经 发 誓 效 忠 我 们 的 国 王 {s54}了 。 好 吧 ， 我 不 能 说 我 将 信 任 你 ， 但 是 也 许 在 没 有 确 实 证 据 之 前 是 这 样 。 
str_comment_pledged_allegiance_allied_goodnatured|我 听 说 你 已 经 发 誓 效 忠 我 们 的 国 王 {s54}了 。 我 们 的 国 王 是 一 个 高 尚 的 人 ， 他 会 慷 慨 仁 慈 地 奖 励 忠 心 且 英 勇 的 人 。 
str_comment_pledged_allegiance_allied_upstanding_unfriendly|我 听 说 你 已 经 发 誓 效 忠 我 们 的 国 王 {s54}了 。 唉 ， 自 从 我 认 识 你 开 始 ， 我 就 担 心 你 给 我 们 丢 脸 ， 但 是 我 希 望 你 能 证 明 我 是 错 的 。 
str_comment_pledged_allegiance_allied_upstanding|我 听 说 你 已 经 发 誓 效 忠 我 们 的 国 王 {s54}了 。 勇 敢 地 和 我 们 的 敌 人 战 斗 ， 但 是 也 要 保 持 荣 誉 和 怜 悯 。 一 个 好 的 名 声 对 于 部 队 来 说 就 像 利 刃 和 千 里 马 那 样 有 价 值 。 
str_comment_our_king_granted_you_a_fief_allied_friendly_cruel|我 听 说 {s54}把 {s51}封 给 你 了 。 不 要 忘 记 ， 不 要 鞭 打 和 搜 刮 这 些 农 民 
str_comment_our_king_granted_you_a_fief_allied_friendly_cynical|我 听 说 {s54}把 {s51}封 给 你 了 。 我 很 高 兴 看 到 你 的 繁 荣 ， 但 要 当 心 。 人 心 险 恶 ， 嫉 妒 和 贪 婪 是 财 富 的 左 右 邻 居 。 和 我 靠 近 些 ， 我 会 给 你 支 援 。 
str_comment_our_king_granted_you_a_fief_allied_friendly|我 听 说 {s54}把 {s51}封 给 你 了 。 希 望 你 的 新 封 地 变 得 繁 荣 起 来 。 
str_comment_our_king_granted_you_a_fief_allied_unfriendly_upstanding|我 听 说 {s54}把 {s51}封 给 你 了 。 但 是 要 记 得 ， 骄 兵 必 败 。 
str_comment_our_king_granted_you_a_fief_allied_unfriendly_spiteful|我 听 说 {s54}把 {s51}封 给 你 了 。 我 怀 疑 ， 不 管 怎 么 说 ， 这 笔 巨 大 的 财 富 只 是 使 你 暂 时 暴 发 ， 当 他 突 然 把 你 丢 进 粪 坑 中 ， 你 的 身 份 就 越 发 显 得 低 微 。 
str_comment_our_king_granted_you_a_fief_allied_spiteful|我 听 说 {s54}把 {s51}封 给 你 了 。 我 希 望 你 能 确 实 得 到 我 们 国 王 的 称 赞 。 
str_comment_our_king_granted_you_a_fief_allied|我 听 说 {s54}把 {s51}封 给 你 了 。 你 一 个 人 似 乎 干 得 挺 不 错 的 。 
str_comment_you_renounced_your_alliegance_enemy_friendly|我 听 说 你 放 弃 了 对 我 们 国 王 {s51}的 效 忠 。 这 令 我 很 伤 心 ， 因 为 我 们 得 在 战 场 上 兵 戎 相 见 了 。 
str_comment_you_renounced_your_alliegance_friendly|我 听 说 你 放 弃 了 对 我 们 国 王 {s51}的 效 忠 。 让 我 们 祈 祷 我 们 不 要 开 始 互 相 厮 杀 。 
str_comment_you_renounced_your_alliegance_unfriendly_spiteful|我 一 直 在 {s51}面 前 把 你 形 容 成 一 个 叛 国 者 ， 而 现 在 似 乎 我 的 观 点 被 证 明 是 正 确 的 。 我 希 望 你 准 备 接 受 一 个 叛 国 者 应 该 接 受 的 下 场 。 
str_comment_you_renounced_your_alliegance_unfriendly_moralizing|我 听 说 你 放 弃 了 对 我 们 国 王 {s51}的 效 忠 。 我 不 得 不 把 你 看 作 是 一 个 叛 国 者 。 
str_comment_you_renounced_your_alliegance_enemy|我 听 说 你 放 弃 了 对 我 们 国 王 {s51}的 效 忠 。 好 吧 ， 世 界 的 发 展 总 是 使 老 同 伴 变 成 敌 人 。 
str_comment_you_renounced_your_alliegance_default|我 听 说 你 放 弃 了 对 我 们 国 王 {s51}的 效 忠 。 好 吧 ， 那 是 你 的 事 情 ， 但 是 如 果 我 们 在 战 场 上 相 遇 ， 你 可 别 指 望 我 会 对 你 手 软 。 
str_comment_you_claimed_the_throne_1_player_liege|我 的 线 人 告 诉 我 ， 这 里 的 某 些 人 谈 到 你 将 成 为 下 一 任 国 王 的 事 情 。 我 认 为 你 应 该 马 上 阻 止 这 类 无 聊 而 危 险 议 论 。 
str_comment_you_claimed_the_throne_2_player_liege|我 的 线 人 说 ， 你 的 某 些 手 下 已 经 告 诉 那 些 农 民 ， 说 你 宣 布 参 与 竞 逐 王 位 。 我 衷 心 地 希 望 他 们 的 行 为 不 是 你 指 使 的 。 
str_comment_lord_intervened_against_me|众 所 周 知 ， 我 与 {s54}不 和 ， 而 {s50}的 裁 决 对 我 不 利 。 
str_comment_i_protested_marshall_appointment|众 所 周 知 ， 我 反 对 {s54}任 命 {s51}为 元 帅 。 
str_comment_i_blamed_defeat|众 所 周 知 ， {s54}对 {s51}的 偏 袒 让 我 很 不 满 意 ， 就 是 因 为 他 ， 我 们 才 在 战 场 上 败 给 了 {s56}。 
str_comment_i_was_entitled_to_fief|众 所 周 知 ， 我 对 {s54}接 收 了 {s51}的 领 地 的 事 情 感 到 失 望 ， 那 里 本 该 是 属 于 我 的 。 
str_comment_i_quarreled_with_troop_over_woman|众 所 周 知 ， {s51}向 {s54}求 婚 了 ， 当 时 我 也 在 追 求 她 。 他 根 本 配 不 上 她 的 青 睐 ， 我 打 算 教 训 教 训 他 ， 让 他 离 {s54}远 点 儿 。 
str_comment_i_quarreled_with_you_over_woman_default|听 说 你 向 {s54}求 婚 了 。 我 不 觉 得 你 配 得 上 像 她 那 样 美 丽 的 女 士 ， 劝 你 还 是 放 弃 追 求 她 吧 。 
str_comment_i_quarreled_with_you_over_woman_derisive|听 说 你 已 经 向 {s54}求 婚 了 。 我 告 诉 你 ， 我 还 是 个 孩 子 的 时 候 就 看 中 她 了 ， 那 时 候 她 是 个 小 姑 娘 呢 。 她 在 这 个 王 国 里 ， 生 来 就 拥 有 高 贵 的 血 统 ， 一 个 粗 鲁 的 外 来 佬 的 追 求 只 能 贬 低 她 的 身 份 。 离 她 远 点 儿 ， 否 则 你 会 付 出 代 价 ！ 
str_comment_player_suggestion_succeeded|我 听 从 了 你 的 建 议 ， 这 使 我 受 益 匪 浅 。 
str_comment_player_suggestion_failed|我 听 从 了 你 的 建 议 ， 结 果 遇 上 了 大 麻 烦 ， 你 应 该 为 此 负 责 。 
str_comment_you_enfiefed_a_commoner_hesitant|听 说 你 把 {s51}封 给 了 一 个 自 称 是 {s54}的 平 民 。 请 三 思 而 后 行 。 掌 握 统 治 的 艺 术 并 不 是 件 容 易 的 事 ， 也 许 父 传 子 承 才 是 最 好 的 。 我 建 议 你 别 对 贵 族 的 世 袭 制 度 做 什 么 改 动 。 
str_comment_you_enfiefed_a_commoner_derisive|听 说 你 把 {s51}封 给 了 一 个 自 称 是 {s54}的 平 民 。 难 道 古 人 没 有 告 诫 过 我 们 ， 别 拿 猪 皮 来 做 皇 家 的 长 袍 ？ 
str_comment_you_enfiefed_a_commoner_nasty|我 知 道 ， 你 把 {s51}封 给 了 那 个 自 称 是 {s54}的 平 民 。 小 心 点 ， 狗 也 会 咬 主 人 ！ 
str_comment_marriage_normal_family|祝 贺 你 跟 我 的 {s11}{s50}结 为 夫 妻 。 现 在 你 是 我 们 家 族 的 一 份 子 了 。 
str_comment_marriage_normal|恭 喜 你 跟 {s50}结 为 夫 妻 。 这 是 你 们 双 方 的 荣 耀 。 
str_comment_marriage_normal_nasty|好 吧 ， 你 跟 {s50}结 婚 了 。 毫 无 疑 问 ， 她 这 样 的 傻 丫 头 总 能 做 出 荒 唐 的 决 定 。 
str_comment_marriage_elopement_family|嗯 …… 不 管 怎 样 ， 我 的 {s11}{s50}还 是 嫁 给 你 了 。 不 知 道 你 使 了 什 么 手 段 让 她 接 受 你 ， 反 正 我 们 的 家 族 绝 不 会 忘 掉 这 桩 婚 姻 带 来 的 耻 辱 。 
str_comment_marriage_elopement_liege|据 说 你 和 {s50}不 顾 她 家 族 的 意 愿 而 私 奔 ， 这 令 我 很 不 愉 快 。 她 的 家 族 是 我 的 王 国 中 最 有 地 位 的 贵 族 之 一 ， 我 绝 不 想 看 到 他 们 被 人 当 成 蠢 货 般 被 人 愚 弄 。 
str_comment_you_broke_truce_as_my_vassal|听 说 你 攻 击 {s55}破 坏 了 我 签 订 的 停 战 协 定 。 你 知 道 人 们 会 怎 么 看 待 我 吗 ？ 如 果 你 的 行 为 是 我 指 使 的 ， 那 么 我 失 去 了 信 誉 。 如 果 这 是 你 个 人 的 决 定 ， 那 么 我 失 去 了 威 信 。 此 时 此 刻 ， 我 真 有 点 儿 想 治 你 一 个 叛 国 罪 。 
str_comment_you_attacked_neutral_as_my_vassal|听 说 你 攻 击 了 {s55}。 这 等 于 是 给 了 他 们 攻 击 我 的 借 口 ， 如 果 他 们 希 望 这 么 做 的 话 …… 走 着 瞧 吧 。 你 可 真 是 做 了 件 好 事 ！ 
str_personality_archetypes|君 主 
str_martial|好 战 的 
str_quarrelsome|脾 气 暴 躁 的 
str_selfrighteous|冷 酷 的 
str_cunning|狡 诈 的 
str_debauched|残 酷 成 性 的 
str_goodnatured|温 厚 的 
str_upstanding|正 直 的 
str_roguish|无 赖 的 
str_benevolent|善 良 的 
str_mercantile|贪 财 的 
str_surrender_demand_default|投 降 或 者 去 死 ！ 
str_surrender_demand_martial|今 天 你 的 好 运 到 头 了 。 你 可 以 和 我 们 死 拼 ， 但 是 现 在 就 投 降 一 样 不 是 什 么 耻 辱 的 事 情 。 
str_surrender_demand_quarrelsome|我 已 经 把 你 逼 到 绝 路 了 。 投 降 吧 ， 否 则 我 会 骑 马 把 你 像 条 狗 一 样 碾 过 。 
str_surrender_demand_pitiless|你 赢 不 了 我 的 ， 你 如 果 想 试 试 的 话 ， 我 会 好 好 教 训 你 一 顿 。 投 降 吧 ！ 
str_surrender_demand_cunning|你 今 天 输 定 了 。 放 弃 吧 ， 不 为 自 己 着 想 ， 也 得 为 你 的 部 下 着 想 吧 ！ 
str_surrender_demand_sadistic|投 降 ！ 不 然 我 会 把 你 当 鱼 一 样 挖 出 你 的 内 脏 ！ 
str_surrender_demand_goodnatured|我 军 有 绝 对 优 势 。 投 降 吧 ， 我 们 优 待 俘 虏 。 
str_surrender_demand_upstanding|你 可 以 和 我 们 死 拼 ， 但 是 你 的 许 多 部 下 都 将 被 杀 死 ， 你 也 会 战 败 。 投 降 ， 尽 量 避 免 我 们 双 方 不 必 要 的 流 血 牺 牲 吧 。 
str_surrender_offer_default|停 ！ 我 投 降 ！ 
str_surrender_offer_martial|停 ！ 我 投 降 ！ 
str_surrender_offer_quarrelsome|够 了 ！ 今 天 你 赢 了 ， 混 蛋 ！ 啊 ， 多 么 耻 辱 啊 ！ 
str_surrender_offer_pitiless|我 投 降 ！ 你 赢 了 。 今 天 见 鬼 了 ！ 
str_surrender_offer_cunning|我 投 降 ！ 我 向 你 投 降 ！ 
str_surrender_offer_sadistic|我 投 降 ！ 我 投 降 ！ 叫 你 的 走 狗 停 手 吧 ！ 
str_surrender_offer_goodnatured|我 投 降 ！ 祝 贺 你 ， 你 赢 了 ， {先 生 /夫 人 }！ 
str_surrender_offer_upstanding|我 投 降 ！ 保 证 我 军 人 的 荣 誉 ， 也 请 你 遵 守 信 用 ！ 
str_lord_declines_negotiation_offer_default|也 许 吧 ， 不 过 我 想 跟 你 打 
str_lord_declines_negotiation_offer_martial|也 许 吧 ， 不 过 我 有 义 务 跟 你 打 一 仗 
str_lord_declines_negotiation_offer_quarrelsome|嘿 ！ 我 要 和 你 打 
str_lord_declines_negotiation_offer_pitiless|我 何 必 关 心 这 个 呢 ？ 我 想 跟 你 打 
str_lord_declines_negotiation_offer_cunning|哈 ， 真 不 幸 ， 你 知 道 吗 ， 我 想 跟 你 打 
str_lord_declines_negotiation_offer_sadistic|收 好 你 的 舌 头 ！ 很 快 你 就 会 需 要 用 到 它 的 ， 当 你 求 饶 的 时 候 
str_lord_declines_negotiation_offer_goodnatured|不 好 意 思 ， 我 可 不 能 让 你 就 这 么 离 开 。 你 不 会 见 怪 吧 ？ 
str_lord_declines_negotiation_offer_upstanding|也 许 吧 ， 不 过 出 于 对 国 王 的 义 务 ， 我 必 须 和 你 打 
str_prisoner_released_default|我 很 感 激 你 ， {先 生 /夫 人 }， 我 不 会 忘 记 你 的 恩 情 的 。 
str_prisoner_released_martial|你 确 实 是 一 个 值 得 尊 敬 的 {人 /人 }， {先 生 /夫 人 }。 我 不 会 忘 记 你 的 恩 情 的 。 
str_prisoner_released_quarrelsome|我 自 由 了 ？ 呃 …… 那 ， 再 见 吧 。 
str_prisoner_released_pitiless|谢 谢 你 。 当 你 最 终 被 打 败 的 时 候 ， 我 就 让 你 死 得 痛 快 一 些 。 除 非 …… 除 非 你 愿 意 加 入 我 们 …… 再 见 了 。 
str_prisoner_released_cunning|我 ？ 你 是 一 个 善 良 的 {人 /人 }。 我 以 后 会 想 个 方 法 报 答 你 的 。 
str_prisoner_released_sadistic|我 ？ 你 的 残 酷 表 现 得 多 优 雅 啊 ， 宁 愿 看 到 我 自 由 并 受 到 羞 辱 ， 也 不 愿 看 到 我 关 在 枷 锁 里 。 你 就 自 己 耀 武 扬 威 吧 ！ 
str_prisoner_released_goodnatured|你 确 实 是 一 个 值 得 尊 敬 的 {人 /人 }， {先 生 /夫 人 }。 我 不 会 忘 记 你 的 恩 情 的 。 
str_prisoner_released_upstanding|你 确 实 是 一 个 值 得 尊 敬 的 {人 /人 }， {先 生 /夫 人 }。 我 不 会 忘 记 你 的 恩 情 的 。 
str_enemy_meet_default|敢 跟 我 较 量 ， 你 是 谁 啊 ？ 
str_enemy_meet_martial|你 叫 什 么 名 字 {先 生 /夫 人 }？ 如 果 我 们 开 战 了 ， 我 要 知 道 我 是 和 谁 在 打 仗 。 
str_enemy_meet_quarrelsome|你 他 妈 的 是 谁 ？ 
str_enemy_meet_pitiless|你 是 谁 ？ 快 说 ， 好 让 我 知 道 我 杀 的 是 谁 。 
str_enemy_meet_cunning|告 诉 我 你 的 名 字 。 了 解 敌 人 的 名 字 总 是 有 好 处 的 。 
str_enemy_meet_sadistic|你 是 谁 ？ 趁 我 还 没 有 割 掉 你 的 舌 头 之 前 快 点 说 。 
str_enemy_meet_goodnatured|你 叫 什 么 名 字 {先 生 /夫 人 }？ 如 果 我 们 开 战 了 ， 我 要 知 道 我 是 和 谁 在 打 仗 。 
str_enemy_meet_upstanding|你 是 谁 ？ 我 想 知 道 是 谁 想 用 武 力 阻 止 我 们 正 义 的 事 业 。 
str_battle_won_default|今 天 ， 你 证 明 了 你 自 己 是 一 个 可 靠 的 盟 友 。 
str_battle_won_martial|没 有 什 么 比 在 战 场 上 展 现 个 人 的 勇 武 更 加 有 成 就 感 ！ 
str_battle_won_quarrelsome|啊 哈 ， 我 们 好 好 教 训 了 这 些 混 蛋 了 ， 是 吧 ？ 
str_battle_won_pitiless|我 们 只 要 联 合 起 来 ， 就 能 让 敌 人 闻 风 丧 胆 ！ 
str_battle_won_cunning|现 在 ， 我 们 得 保 持 我 们 的 优 势 ， 那 样 我 们 今 天 的 鲜 血 就 不 算 白 流 。 
str_battle_won_sadistic|现 在 让 我 们 剥 光 这 些 尸 体 丢 去 喂 乌 鸦 ， 好 让 他 们 知 道 对 抗 我 们 的 人 将 会 是 什 么 下 场 。 
str_battle_won_goodnatured|这 一 仗 打 得 不 错 ！ 没 有 什 么 比 打 了 胜 仗 更 加 令 人 高 兴 ， 是 吧 ？ 
str_battle_won_upstanding|现 在 ， 让 我 们 感 谢 上 帝 让 我 们 获 胜 ， 同 时 让 我 们 也 沉 痛 悼 念 那 些 今 天 在 战 场 上 牺 牲 的 战 友 。 
str_battle_won_grudging_default|今 天 ， 你 在 战 场 上 帮 忙 扭 转 了 局 势 。 不 管 我 怎 么 样 看 你 ， 不 过 你 的 勇 武 是 无 可 挑 剔 的 。 
str_battle_won_grudging_martial|{playername}， 不 管 你 以 前 做 得 怎 样 ， 但 是 今 天 你 证 明 了 你 是 一 个 有 价 值 的 {人 /人 }。 
str_battle_won_grudging_quarrelsome|哼 ， 我 通 常 都 不 想 看 到 你 的 那 张 脸 ， 但 是 我 今 天 还 是 得 感 谢 你 的 帮 忙 。 
str_battle_won_grudging_pitiless|你 今 天 的 帮 忙 很 受 用 。 我 完 全 没 有 想 到 你 会 这 么 好 心 地 来 帮 我 ， 但 是 我 还 是 得 谢 谢 你 。 
str_battle_won_grudging_cunning|你 在 我 最 需 要 帮 忙 的 时 候 来 帮 了 我 ， 如 果 我 不 感 谢 你 ， 我 就 显 的 太 不 厚 道 了 。 所 以 …… 我 很 感 激 你 。 
str_battle_won_grudging_sadistic|啊 ！ 多 么 令 人 感 动 啊 ！ {playername}居 然 来 救 我 了 。 
str_battle_won_grudging_goodnatured|{playername}！ 我 不 想 说 过 去 我 们 相 处 得 如 何 ， 但 是 你 今 天 在 战 场 上 的 表 现 不 错 。 非 常 感 谢 你 ！ 
str_battle_won_grudging_upstanding|也 许 过 去 我 对 你 有 些 误 解 。 你 的 到 来 非 常 及 时 。 我 很 感 激 你 。 
str_battle_won_unfriendly_default|你 来 了 。 好 吧 ， 我 认 为 晚 点 来 总 比 不 来 的 好 。 
str_battle_won_unfriendly_martial|我 以 前 对 你 说 了 很 多 难 听 且 尖 锐 的 话 ， 但 是 现 在 ， 就 让 我 们 享 受 胜 利 的 喜 悦 吧 。 
str_battle_won_unfriendly_quarrelsome|如 果 你 站 在 这 里 想 等 我 来 感 谢 你 ， 你 可 以 继 续 等 下 去 。 我 们 根 本 不 需 要 你 的 帮 忙 ， 但 是 我 想 比 起 这 个 你 也 没 有 什 么 别 的 事 情 好 做 了 ， 是 吧 ？ 
str_battle_won_unfriendly_pitiless|你 到 这 里 来 就 像 是 一 头 豺 狼 来 抢 狮 子 的 口 食 。 很 好 ， 你 自 己 拿 吧 ， 我 不 会 阻 止 你 的 。 
str_battle_won_unfriendly_cunning|{playername}…… 虽 然 我 不 打 算 装 出 一 副 我 很 喜 欢 见 到 你 的 样 子 ， 但 是 我 认 为 你 的 到 来 没 有 危 害 。 
str_battle_won_unfriendly_sadistic|滚 开 ， 吃 腐 肉 的 禽 兽 ！ 这 是 我 个 人 的 胜 利 ， 你 竟 然 想 窃 取 我 的 胜 利 果 实 。 
str_battle_won_unfriendly_goodnatured|哦 ， 是 你 啊 。 好 吧 ， 我 认 为 我 应 该 感 谢 你 的 帮 助 。 
str_battle_won_unfriendly_upstanding|谢 谢 你 过 来 帮 忙 。 现 在 在 我 要 说 出 一 些 会 令 我 后 悔 的 话 之 前 ， 我 得 离 开 了 。 
str_troop_train_request_default|我 需 要 像 你 这 样 的 人 把 他 们 训 练 得 像 个 样 子 。 
str_troop_train_request_martial|他 们 需 要 有 人 向 他 们 展 示 一 下 勇 猛 的 含 义 。 
str_troop_train_request_quarrelsome|又 肥 又 懒 的 杂 种 。 他 们 让 我 想 吐 。 
str_troop_train_request_pitiless|他 们 怕 敌 人 胜 过 怕 我 ， 但 以 后 不 会 这 样 。 
str_troop_train_request_cunning|但 是 人 就 像 剑 一 样 ， 经 过 火 的 锻 炼 才 能 变 得 坚 强 起 来 。 
str_troop_train_request_sadistic|他 们 需 要 有 人 拿 着 铁 鞭 在 他 们 背 后 抽 打 以 激 起 他 们 的 勇 气 ， 或 者 扼 杀 他 们 的 努 力 。 
str_troop_train_request_goodnatured|他 们 是 不 错 的 小 伙 子 ， 但 是 我 认 为 现 在 让 他 们 上 战 场 好 像 太 早 了 。 
str_troop_train_request_upstanding|以 他 们 现 在 的 状 况 带 领 他 们 去 打 仗 的 话 ， 等 于 是 要 我 谋 杀 他 们 。 
str_unprovoked_attack_default|什 么 ？ 为 什 么 你 要 攻 击 我 们 ？ 快 讲 ， 你 这 个 混 蛋 ！ 
str_unprovoked_attack_martial|我 不 反 对 使 用 武 力 解 决 问 题 ， 但 是 我 要 问 你 为 什 么 攻 击 我 们 ？ 
str_unprovoked_attack_quarrelsome|你 犯 了 一 个 大 错 误 ， {小 伙 子 /小 姑 娘 }。 你 知 道 你 在 干 什 么 吗 ？ 
str_unprovoked_attack_pitiless|是 吗 ？ 如 果 你 今 天 想 死 的 话 ， 我 将 很 高 兴 成 全 你 。 但 是 我 很 想 了 解 你 到 底 有 何 目 的 。 
str_unprovoked_attack_cunning|真 的 吗 ？ 我 认 为 你 的 做 法 很 不 明 智 。 你 想 从 中 得 到 什 么 呢 ？ 
str_unprovoked_attack_sadistic|你 在 干 什 么 ？ 你 喜 欢 你 的 眼 睛 被 挖 出 来 吗 ？ 
str_unprovoked_attack_goodnatured|为 什 么 你 要 这 么 做 ？ 我 们 似 乎 没 有 仇 啊 ， {先 生 /夫 人 }。 
str_unprovoked_attack_upstanding|我 认 为 这 是 一 个 无 故 的 袭 击 ， 我 要 向 你 的 国 王 抗 议 。 你 为 什 么 要 这 么 做 ？ 
str_unnecessary_attack_default|不 是 时 间 紧 的 话 ， 我 将 毫 不 犹 豫 地 砍 翻 你 ， 但 是 我 给 你 机 会 ， 你 现 在 就 从 这 里 消 失 。 
str_unnecessary_attack_martial|我 非 常 渴 望 接 受 你 的 挑 战 ， {先 生 /夫 人 }， 然 而 我 还 是 要 给 你 一 分 钟 的 时 候 考 虑 一 下 。 
str_unnecessary_attack_quarrelsome|呸 ！ 今 天 我 没 有 心 情 跟 你 胡 闹 ， 滚 开 。 
str_unnecessary_attack_pitiless|我 今 天 心 情 很 好 ， 我 就 装 做 没 有 听 见 你 说 的 话 。 
str_unnecessary_attack_cunning|我 没 有 看 出 你 与 我 为 敌 能 得 到 什 么 好 处 。 也 许 你 应 该 骑 着 马 从 我 面 前 走 开 。 
str_unnecessary_attack_sadistic|我 不 想 把 时 间 浪 费 到 你 这 样 的 鼠 辈 上 ， 滚 开 。 
str_unnecessary_attack_goodnatured|我 没 有 看 出 你 挑 起 战 争 能 得 到 什 么 好 处 ， {先 生 /夫 人 }， 你 还 是 走 开 吧 。 
str_unnecessary_attack_upstanding|如 果 你 想 打 的 话 ， {先 生 /夫 人 }， 那 我 就 成 全 你 ， 但 我 还 是 给 你 打 消 这 个 念 头 的 机 会 。 
str_lord_challenged_default|如 你 所 愿 ， 准 备 去 死 吧 ！ 
str_lord_challenged_martial|好 吧 ， 准 备 自 卫 吧 ！ 
str_lord_challenged_quarrelsome|你 ， 放 肆 的 家 伙 ！ 我 要 你 将 你 碎 尸 万 段 ！ 
str_lord_challenged_pitiless|如 果 你 一 心 要 找 死 的 话 ， 那 我 也 只 能 成 全 你 。 
str_lord_challenged_cunning|好 吧 ， 如 果 你 不 给 我 机 会 ……
str_lord_challenged_sadistic|你 这 个 肮 脏 的 家 伙 ！ 我 会 让 你 希 望 自 己 没 有 出 生 在 这 个 世 界 上 。 
str_lord_challenged_goodnatured|很 好 。 我 本 希 望 我 们 可 以 避 免 战 斗 ， 但 是 我 明 白 那 是 不 可 能 的 了 。 
str_lord_challenged_upstanding|就 这 样 吧 。 你 不 去 了 解 原 因 令 我 感 到 悲 哀 。 
str_lord_mission_failed_default|好 吧 ， 我 很 失 望 ， 但 是 我 确 信 你 以 后 会 有 很 多 机 会 去 弥 补 你 的 过 失 。 
str_lord_mission_failed_martial|试 图 为 你 的 任 务 失 败 找 理 由 是 不 光 荣 的 ， 但 我 还 是 接 受 你 所 说 的 。 
str_lord_mission_failed_quarrelsome|你 失 败 了 ？ 呸 ！ 我 早 就 该 猜 到 会 是 这 样 的 。 
str_lord_mission_failed_pitiless|你 失 败 了 ？ 好 吧 ， 你 令 我 感 到 很 失 望 。 你 做 事 太 欠 考 虑 了 。 
str_lord_mission_failed_cunning|好 吧 ， 我 很 失 望 ， 但 是 没 有 人 能 保 证 总 是 顺 风 顺 水 的 。 
str_lord_mission_failed_sadistic|真 的 吗 ？ 那 些 令 我 失 望 的 人 ， 我 通 常 都 不 会 让 他 们 活 着 为 此 事 后 悔 的 。 
str_lord_mission_failed_goodnatured|哦 ， 好 吧 。 不 管 怎 么 说 ， 那 件 事 成 功 的 希 望 不 大 。 谢 谢 你 付 出 的 努 力 。 
str_lord_mission_failed_upstanding|很 好 ， 我 确 信 你 已 经 尽 全 力 了 。 
str_lord_follow_refusal_default|跟 随 你 ？ 你 忘 了 你 的 身 份 了 吧 ， {先 生 /夫 人 }。 
str_lord_follow_refusal_martial|也 许 有 一 天 你 能 成 为 一 个 勇 敢 且 值 得 尊 敬 的 战 士 ， 那 时 候 我 将 跟 随 你 。 但 是 不 是 今 天 。 
str_lord_follow_refusal_quarrelsome|跟 随 像 你 这 样 的 人 ？ 我 可 不 想 这 么 做 。 
str_lord_follow_refusal_pitiless|像 我 这 样 的 领 主 不 会 跟 随 像 你 这 样 的 人 ， {先 生 /夫 人 }。 
str_lord_follow_refusal_cunning|首 先 你 要 向 我 证 明 一 下 你 不 是 那 种 会 把 我 带 进 灾 难 的 {人 /人 }， 然 后 我 也 许 会 跟 随 你 。 
str_lord_follow_refusal_sadistic|不 行 ！ 相 反 ， 你 得 跟 着 我 就 像 条 被 调 教 的 恶 狗 跟 着 它 主 人 一 样 。 
str_lord_follow_refusal_goodnatured|呃 ， 我 现 在 正 好 有 任 务 在 身 。 以 后 再 说 吧 。 
str_lord_follow_refusal_upstanding|你 得 先 证 明 你 是 个 好 的 领 导 者 ， 然 后 我 才 会 跟 着 你 。 
str_lord_insult_default|低 级 混 混 
str_lord_insult_martial|不 光 彩 的 流 氓 
str_lord_insult_quarrelsome|道 德 败 坏 的 杂 种 
str_lord_insult_pitiless|出 身 低 微 的 小 人 物 
str_lord_insult_cunning|粗 心 的 白 痴 
str_lord_insult_sadistic|流 鼻 涕 的 坏 蛋 
str_lord_insult_goodnatured|讨 厌 的 家 伙 
str_lord_insult_upstanding|可 耻 的 恶 棍 
str_lord_derogatory_default|卑 鄙 恶 劣 的 
str_lord_derogatory_martial|顽 固 任 性 的 
str_lord_derogatory_quarrelsome|好 辩 ， 喜 欢 挑 拨 离 间 的 
str_lord_derogatory_pitiless|残 忍 暴 虐 的 
str_lord_derogatory_cunning|不 择 手 段 ， 善 于 权 谋 的 
str_lord_derogatory_sadistic|无 耻 下 作 的 
str_lord_derogatory_goodnatured|无 可 救 药 的 天 真 
str_lord_derogatory_upstanding|冥 顽 不 灵 ， 道 貌 岸 然 的 
str_lord_derogatory_result|带 来 毁 灭 的 
str_lord_derogatory_martial_action|鲁 莽 无 谋 ， 轻 掷 士 卒 性 命 
str_lord_derogatory_quarrelsome_action|挑 衅 同 僚 ， 孤 家 寡 人 
str_lord_derogatory_pitiles_action|轻 慢 百 姓 士 卒 ， 激 起 民 乱 哗 变 
str_lord_derogatory_cunning_action|私 通 敌 寇 
str_lord_derogatory_sadistic_action|让 王 国 与 大 业 蒙 羞 
str_lord_derogatory_goodnatured_action|妇 人 之 仁 ， 畏 敌 惧 战 
str_lord_derogatory_upstanding_action|将 个 人 过 分 的 荣 誉 感 置 于 王 国 的 需 要 之 上 
str_rebellion_dilemma_martial|{s45}显 然 搞 错 了 。 虽 然 我 向 {s46}宣 誓 ， 但 如 果 他 的 王 位 是 篡 夺 而 来 的 话 ， 这 并 不 能 约 束 我 一 定 得 帮 助 他 。 
str_rebellion_dilemma_quarrelsome|嗯 。 {s46}从 来 没 有 给 我 我 应 得 的 东 西 ， 所 以 我 并 不 认 为 我 欠 他 很 多 。 无 论 如 何 ， 也 许 {s45}不 是 更 好 ， 而 {s46}至 少 人 们 都 知 道 。 
str_rebellion_dilemma_pitiless|嗯 。 {s45}说 他 是 真 正 的 王 位 继 承 人 。 这 很 好 ， 这 让 我 对 {s46}不 再 忠 诚 。 但 我 还 是 得 仔 细 掂 量 我 的 决 定 。 
str_rebellion_dilemma_cunning|嗯 。 我 向 {s46}宣 誓 效 忠 ， 对 于 我 们 这 些 普 通 人 来 说 ， 那 样 的 誓 言 并 没 有 什 么 力 量 。 我 们 的 责 任 是 用 我 们 自 己 的 才 能 管 理 ， 不 折 不 扣 执 行 命 令 ， 以 及 防 止 所 有 可 能 的 战 争 
str_rebellion_dilemma_sadistic|嗯 。 在 这 个 坏 透 了 的 世 界 ， 一 个 贤 人 必 须 要 为 他 自 己 考 虑 ， 就 和 其 他 人 一 样 。 那 么 ， 从 这 里 面 我 能 得 到 什 么 ？ 
str_rebellion_dilemma_goodnatured|我 不 知 道 该 说 什 么 。 我 向 {s46}宣 誓 认 可 他 为 法 定 的 统 治 者 ， 但 如 果 他 不 是 法 定 的 统 治 者 ， 我 不 知 道 我 是 否 还 受 誓 言 的 限 制 。 
str_rebellion_dilemma_upstanding|很 麻 烦 。 宣 布 我 对 {s46}的 效 忠 无 效 且 没 用 是 件 很 严 重 的 事 情 ， 而 解 除 联 盟 会 让 我 们 的 领 地 从 没 落 成 为 无 政 府 状 态 。 我 还 是 保 证 会 支 持 继 承 的 合 法 ， 而 {s45}依 然 对 王 位 拥 有 有 效 的 主 张 。 
str_rebellion_dilemma_2_martial|另 一 方 面 ， {s46}曾 经 领 导 着 我 们 ， 而 我 讨 厌 背 信 弃 义 。 
str_rebellion_dilemma_2_quarrelsome|那 么 告 诉 我 ， 我 为 什 么 要 对 我 所 认 识 的 {reg3?人 :那 杂 种 }倒 戈 ， 让 我 所 不 认 识 的 {reg3?人 :那 杂 种 }获 利 ？ 
str_rebellion_dilemma_2_pitiless|被 询 问 我 将 立 谁 为 这 片 领 土 的 {reg3?统 治 者 :国 王 }， 会 让 我 处 于 一 种 非 常 危 险 的 境 地 。 然 而 那 也 将 成 为 大 好 的 时 机 ， 对 我 来 说 获 取 回 报 也 是 我 的 权 益 ！ 
str_rebellion_dilemma_2_cunning|{s46}已 被 质 疑 ， 因 此 他 将 不 能 像 那 些 统 治 权 没 有 被 质 疑 的 人 那 样 政 权 稳 定 。 然 而 如 果 {s45}用 武 力 取 得 王 位 ， {reg3?她 :他 }将 不 会 像 那 些 和 平 取 得 王 位 的 人 那 样 政 权 稳 定 。 
str_rebellion_dilemma_2_sadistic|如 果 我 在 {reg3?她 :他 }还 暗 弱 的 时 候 加 入 {s45}， {reg3?她 :他 }将 让 我 发 一 笔 ， 但 如 果 我 把 你 的 人 头 带 给 {s46}他 将 给 我 更 多 的 回 报 。 
str_rebellion_dilemma_2_goodnatured|{s46}待 我 不 薄 ， 然 而 他 的 确 对 {s45}做 的 不 对 。 我 在 犹 豫 断 绝 我 对 {s46}的 效 忠 ， 然 而 我 还 是 不 认 为 支 持 非 正 义 的 一 方 是 正 确 的 。 
str_rebellion_dilemma_2_upstanding|我 觉 得 我 必 须 为 了 领 地 尽 力 做 任 何 事 情 ， 来 避 免 它 因 为 内 战 而 被 敌 人 掠 夺 并 且 荒 废 掉 。 
str_political_philosophy_martial|我 的 剑 只 为 合 法 的 国 王 而 挥 ， 前 提 是 他 保 证 尽 到 对 我 的 义 务 。 
str_political_philosophy_quarrelsome|呸 ， 他 们 是 一 群 混 蛋 。 我 会 让 干 我 坏 事 的 人 觉 得 后 悔 的 。 
str_political_philosophy_pitiless|人 们 总 是 试 图 骗 取 别 人 应 得 的 东 西 。 在 这 个 毫 无 诚 信 可 言 的 世 界 上 ， 每 个 人 都 要 警 惕 的 看 管 好 属 于 自 己 的 权 利 。 
str_political_philosophy_cunning|好 吧 ， 这 个 世 界 是 残 酷 的 ， 面 对 残 酷 的 选 择 是 我 们 的 宿 命 。 有 时 候 一 个 人 需 要 侍 奉 暴 君 以 维 护 和 平 ， 而 有 时 候 一 点 儿 必 要 的 叛 乱 才 能 让 君 王 保 持 公 正 。 总 之 ， 时 势 就 是 一 切 。 
str_political_philosophy_sadistic|我 的 哲 学 很 简 单 ， 做 狼 好 过 做 羊 。 
str_political_philosophy_goodnatured|好 吧 ， 你 必 须 用 承 诺 来 坚 定 信 仰 ， 并 且 避 免 待 人 不 公 。 有 时 候 ， 要 想 平 衡 各 方 确 实 很 难 。 我 觉 得 ， 跟 你 信 任 的 人 站 在 一 边 ， 这 就 不 至 于 错 得 太 离 谱 。 
str_political_philosophy_upstanding|国 王 和 贵 族 的 权 力 应 该 被 用 来 维 护 和 平 ， 避 免 所 有 人 相 互 对 抗 ， 然 而 又 不 能 蒙 蔽 人 民 ， 让 他 们 看 不 到 不 公 正 的 地 方 。 
str_political_philosophy_roguish|嗯 …… 我 觉 得 当 个 领 主 应 该 还 不 错 吧 。 
str_political_philosophy_benefactor|一 个 好 的 统 治 者 ， 懂 得 对 所 有 臣 民 都 公 正 无 私 。 就 个 人 来 说 ， 我 打 算 用 我 的 权 力 ， 让 生 活 在 我 的 领 地 里 的 人 们 过 得 更 好 。 
str_political_philosophy_custodian|一 个 好 的 统 治 者 懂 得 创 造 条 件 ， 让 城 市 繁 荣 发 展 ， 人 民 安 居 乐 业 。 就 个 人 来 说 ， 我 打 算 用 我 的 财 富 去 创 造 更 多 的 财 富 ， 既 为 我 自 己 ， 也 为 公 共 的 利 益 。 
str_rebellion_prior_argument_very_favorable|我 已 经 听 到 了 一 些 支 持 你 的 候 选 人 获 得 王 位 的 意 见 ， 而 我 有 意 倾 向 这 些 意 见 。 
str_rebellion_prior_argument_favorable|我 已 经 听 到 了 一 些 支 持 你 的 候 选 人 获 得 王 位 的 意 见 ， 而 我 有 意 倾 向 这 些 意 见 。 
str_rebellion_prior_argument_unfavorable|我 已 经 听 到 了 一 些 支 持 你 的 候 选 人 获 得 王 位 的 意 见 ， 而 我 并 不 认 可 这 些 意 见 。 
str_rebellion_prior_argument_very_unfavorable|我 已 经 听 到 了 一 些 支 持 你 的 候 选 人 获 得 王 位 的 意 见 ， 但 是 我 不 同 意 其 中 大 部 分 的 意 见 。 
str_rebellion_rival_martial|{s49}你 的 盟 友 {s44}曾 经 怀 疑 我 的 荣 耀 与 勇 气 。 我 好 不 容 易 得 到 了 在 战 场 上 和 他 面 对 面 的 机 会 ， 并 让 他 收 回 他 说 的 话 。 
str_rebellion_rival_quarrelsome|{s49}你 在 帮 {s44}工 作 。 他 是 个 狡 猾 的 狐 狸 ， 我 一 点 也 不 相 信 他 。 
str_rebellion_rival_pitiless|{s49}你 似 乎 在 谋 求 {s44}的 帮 助 ， 那 个 人 很 软 弱 ， 并 且 一 点 也 不 适 合 统 治 封 地 ， 而 且 我 一 直 很 讨 厌 那 个 人 。 
str_rebellion_rival_cunning|{s49}{s44}， 那 个 人 已 经 加 入 了 你 ， 是 个 既 不 听 命 令 又 爱 吵 架 ， 而 且 没 有 责 任 心 的 人 。 
str_rebellion_rival_sadistic|{s49}我 不 想 和 你 的 盟 友 {s44}一 起 作 战 ， 那 个 人 的 道 德 表 现 令 人 恶 心 。 
str_rebellion_rival_goodnatured|{s49}我 不 想 勉 强 和 {s44}在 同 一 方 ， 那 个 人 有 点 残 忍 的 名 声 。 
str_rebellion_rival_upstanding|{s49}你 的 盟 友 {s44}在 我 看 来 是 个 危 险 ， 不 可 靠 ， 而 且 非 常 不 道 德 的 人 。 
str_rebellion_argument_favorable|我 尊 重 你 的 一 系 列 意 见 
str_rebellion_argument_neutral|我 发 现 你 的 一 系 列 意 见 不 是 很 吸 引 人 
str_rebellion_argument_unfavorable|我 没 有 觉 得 你 的 一 系 列 意 见 吸 引 人 
str_rebellion_persuasion_favorable|你 的 陈 述 有 说 服 力 
str_rebellion_persuasion_neutral|你 的 陈 述 有 道 理 
str_rebellion_persuasion_unfavorable|你 的 陈 述 不 令 人 相 信 
str_rebellion_relation_very_favorable|我 对 你 本 人 极 为 敬 重 。 
str_rebellion_relation_favorable|我 了 解 并 且 敬 重 你 本 人 。 
str_rebellion_relation_neutral|我 不 了 解 也 不 想 了 解 你 。 
str_rebellion_relation_unfavorable|我 不 信 任 你 。 
str_and_comma_3|此 外 ， 
str_but_comma_3|可 是 ， 
str_and_comma_1|， 并 且 
str_but_comma_1|， 但 是 
str_and_comma_2|。 而 且 ， 
str_but_comma_2|。 虽 然 如 此 ， 
str_rebellion_agree_martial|我 已 经 决 定 。 我 要 支 持 {s45}作 为 合 法 的 继 承 人 。 
str_rebellion_agree_quarrelsome|啊 哈 ， 我 已 经 考 虑 了 很 久 。 我 不 是 很 喜 欢 {s46}。 让 我 们 去 夺 走 他 的 王 位 。 
str_rebellion_agree_pitiless|不 。 我 不 会 加 入 你 的 谋 反 。 我 认 为 那 和 小 孩 子 发 脾 气 没 有 区 别 ， 拒 绝 一 个 {reg3?她 :他 }认 为 应 该 是 {reg3?她 的 :他 的 }玩 具 。 我 将 坚 持 跟 着 {s46}， 他 的 统 治 能 力 得 到 过 良 好 证 明 。 
str_rebellion_agree_cunning|对 不 起 。 你 没 有 给 我 相 信 你 会 胜 利 的 理 由 。 许 多 人 会 死 ， 我 可 不 想 那 样 。 我 还 是 会 继 续 支 持 {s46}。 
str_rebellion_agree_sadistic|不 。 我 不 会 参 与 你 的 小 游 戏 。 你 想 夺 取 国 王 的 位 置 ， 但 我 想 你 只 会 得 到 一 个 断 头 台 的 位 置 ， 而 我 会 站 在 {s46}的 旁 边 看 着 刽 子 手 的 斧 头 落 下 。 
str_rebellion_agree_goodnatured|对 不 起 。 我 不 觉 得 对 {s46}倒 戈 是 正 确 的 。 不 久 我 们 就 会 在 战 场 上 相 遇 。 
str_rebellion_agree_upstanding|对 不 起 。 {s45}的 主 张 并 不 足 以 让 我 发 动 这 片 领 土 上 可 怜 的 穷 人 进 行 全 民 骚 乱 。 我 还 是 会 继 续 支 持 {s46}。 就 算 我 做 错 了 上 天 也 会 原 谅 我 。 
str_rebellion_refuse_martial|对 不 起 。 {s45}有 一 个 很 好 的 主 张 ， 但 这 不 足 以 令 我 对 {s46}倒 戈 。 我 将 依 然 忠 于 我 的 君 主 。 
str_rebellion_refuse_quarrelsome|不 。 你 拥 护 的 {s45}太 嫩 了 ， 没 有 能 力 管 理 这 片 领 地 。 我 还 是 紧 随 {s46}。 
str_talk_later_martial|现 在 不 是 谈 政 治 的 时 候 ！ 我 今 天 带 着 许 多 追 随 我 的 领 主 来 ， 他 们 都 全 副 武 装 准 备 战 斗 。 你 最 好 做 好 准 备 开 始 作 战 。 
str_talk_later_quarrelsome|你 指 望 现 在 和 我 谈 背 叛 我 君 主 的 事 情 ， 就 在 这 四 周 都 是 他 的 军 队 的 时 候 ？ 你 当 我 是 什 么 ？ 一 个 地 道 的 白 痴 ？ 
str_talk_later_pitiless|闭 嘴 ！ 现 在 四 周 都 是 我 方 的 军 队 ， 此 时 此 地 ， 我 怎 么 会 讨 论 这 件 事 。 
str_talk_later_cunning|此 时 此 地 完 全 不 适 合 进 行 这 样 一 场 谈 话 。 也 许 我 们 可 以 过 一 会 或 者 在 其 它 地 方 再 谈 ， 但 现 在 我 们 依 然 是 敌 人 。 
str_talk_later_sadistic|你 应 该 闭 上 你 的 鸟 嘴 ！ 你 能 想 像 如 果 其 他 的 封 臣 听 到 我 们 讨 论 叛 国 的 事 情 ， 那 个 后 果 有 多 严 重 吗 ？ 
str_talk_later_goodnatured|你 想 和 我 谈 叛 国 的 事 情 是 吗 ？ 还 是 等 我 们 未 被 我 君 主 的 军 队 包 围 的 时 候 再 谈 吧 ， 那 时 候 我 将 听 听 你 要 说 什 么 。 
str_talk_later_upstanding|不 管 我 对 王 位 更 替 的 合 法 性 怎 么 看 ， 我 也 不 会 在 此 时 此 地 拿 出 来 讨 论 。 如 果 我 们 下 次 能 私 下 见 面 的 话 ， 我 将 好 好 听 听 你 的 想 法 。 但 是 现 在 ， 请 把 我 当 作 是 你 的 敌 人 。 
str_gossip_about_character_default|据 说 {s6}没 什 么 有 趣 的 个 性 。 
str_gossip_about_character_martial|据 说 {s6}是 个 战 争 狂 。 
str_gossip_about_character_quarrelsome|据 说 {s6}很 快 就 要 和 另 一 个 领 主 开 战 ， 因 为 那 个 人 拿 他 的 鼻 子 开 玩 笑 。 
str_gossip_about_character_selfrighteous|我 听 说 {s6}处 死 了 一 名 随 从 因 为 那 个 不 幸 的 家 伙 在 他 的 猎 场 里 杀 死 了 一 头 鹿 。 
str_gossip_about_character_cunning|据 说 {s6}是 个 狡 猾 的 对 手 。 
str_gossip_about_character_sadistic|据 说 {s6}喜 欢 折 磨 他 的 敌 人 。 我 可 不 想 和 他 作 对 。 
str_gossip_about_character_goodnatured|据 说 {s6}是 个 好 人 ， 很 善 待 他 领 地 上 的 人 民 。 所 作 所 为 比 大 多 数 贵 族 都 好 。 
str_gossip_about_character_upstanding|人 们 都 说 替 {s6}工 作 是 件 不 错 的 事 。 他 对 他 的 属 下 很 好 ， 如 果 他 们 干 的 好 还 会 有 回 报 。 
str_latest_rumor|你 听 到 关 于 {s6}的 最 近 一 次 传 闻 是 ， 
str_changed_my_mind_martial|不 过 ， 你 的 滔 滔 雄 辩 让 我 重 新 考 虑 了 我 的 立 场 。 
str_changed_my_mind_quarrelsome|可 我 觉 得 你 的 话 好 歹 把 我 绕 进 去 了 ， 你 这 混 蛋 。 我 听 着 呢 。 
str_changed_my_mind_pitiless|可 你 像 这 样 恳 求 我 ， 我 还 是 勉 为 其 难 ， 重 新 考 虑 下 吧 。 
str_changed_my_mind_cunning|可 是 你 看 ， 你 还 真 是 个 能 说 会 道 的 混 蛋 ， 让 人 印 象 深 刻 。 我 听 着 呢 。 
str_changed_my_mind_sadistic|可 你 真 是 巧 舌 如 簧 ， 替 自 己 吹 得 天 花 乱 坠 的 ， 让 我 还 不 能 马 上 拒 绝 你 。 
str_changed_my_mind_goodnatured|但 是 你 说 得 很 好 ， 所 以 我 会 试 着 不 抱 偏 见 。 
str_changed_my_mind_upstanding|不 过 ， 你 的 观 点 很 有 道 理 。 我 听 着 呢 。 
str_swadian_rebellion_pretender_intro|吾 乃 仙 桃 院 ， 出 自 越 后 名 门 上 杉 氏 。 
str_vaegir_rebellion_pretender_intro|吾 乃 岩 城 义 信 ， 伊 达 晴 宗 的 后 代 。 
str_khergit_rebellion_pretender_intro|在 下 乃 长 宗 我 部 义 武 ， 吾 等 血 脉 ， 源 自 一 统 四 国 之 雄 主 。 
str_nord_rebellion_pretender_intro|吾 乃 大 内 龙 兴 ， 周 防 正 统 守 护 之 后 。 
str_rhodok_rebellion_pretender_intro|吾 乃 武 田 义 隆 ， 源 氏 新 罗 三 郎 义 光 的 子 孙 ， 甲 斐 武 田 家 之 嫡 流 。 
str_sarranid_rebellion_pretender_intro|吾 乃 扶 桑 西 海 之 真 正 掌 灯 者 ， 大 友 氏 正 统 血 脉 ， 大 友 茂 宗 。 
str_swadian_rebellion_pretender_story_1|先 祖 谦 信 公 执 义 字 战 旗 ， 于 川 中 岛 八 番 迎 风 烈 展 。 越 后 之 龙 昂 首 时 ， 甲 斐 之 虎 亦 要 侧 目 。 上 杉 家 的 刀 锋 曾 映 照 从 越 后 到 能 登 的 月 光 ， 军 神 旗 帜 所 向 ， 连 波 涛 都 要 分 道 。 手 取 川 一 战 ， 七 千 缨 枪 染 红 柴 田 胜 家 的 野 望 。 那 是 武 家 魂 灵 最 灼 烫 的 时 代 。 
str_vaegir_rebellion_pretender_story_1|先 祖 政 宗 公 驰 骋 奥 州 时 ， 南 蛮 船 载 来 的 不 仅 是 枪 炮 ， 更 有 分 割 天 下 的 野 心 。 当 那 只 独 眼 眺 望 京 都 时 ， 连 太 阁 都 要 忌 惮 三 分 。 “愿 早 生 二 十 年 ， 成 就 信 长 公 之 霸 业 ”， 此 言 出 口 刹 那 ， 奥 州 六 十 万 石 皆 在 刀 锋 上 震 颤 。 从 晴 宗 公 奠 定 基 业 ， 到 政 宗 公 敢 在 关 原 战 场 上 拖 延 进 军 、 与 德 川 家 康 博 弈 周 旋 ， 我 们 本 是 连 天 下 人 都 敢 算 计 的 北 境 之 龙 。 
str_khergit_rebellion_pretender_story_1|先 祖 元 亲 公 挥 军 纵 横 土 佐 、 伊 予 、 赞 岐 、 阿 波 ， 让 “一 领 具 足 ”的 枪 尖 在 浦 户 湾 的 晨 雾 中 化 作 龙 胆 花 纹 的 荆 棘 之 海 。 当 我 们 在 中 富 川 击 破 十 河 存 保 ， 在 户 次 川 迎 击 岛 津 与 大 友 联 军 时 ， 连 京 都 的 秀 吉 都 不 得 不 正 视 南 海 的 波 涛 究 竟 姓 甚 名 谁 。 四 国 并 非 偏 居 一 隅 的 边 地 ， 而 是 足 以 撼 动 天 下 棋 局 的 “第 二 之 本 州 ”。 吾 族 以 土 佐 为 弓 ， 以 伊 予 为 弦 ， 以 赞 岐 为 箭 ， 射 出 的 每 一 缕 海 风 都 曾 让 濑 户 内 海 的 商 船 战 栗 。 因 为 长 宗 我 部 的 旗 印 所 至 ， 便 是 四 国 法 度 的 边 界 。 
str_nord_rebellion_pretender_story_1|先 祖 义 隆 公 坐 镇 山 口 馆 时 ， 勘 合 贸 易 船 的 帆 樯 曾 让 博 多 湾 的 白 浪 都 染 上 明 国 青 瓷 的 光 泽 。 遣 明 船 载 回 的 不 仅 是 丝 绸 与 永 乐 钱 ， 更 是 让 足 利 将 军 都 需 侧 目 的 文 化 王 权 。 应 仁 之 乱 后 ， 京 都 的 公 卿 争 相 渡 海 来 此 避 难 。 西 国 的 山 口 ， 曾 是 比 洛 阳 更 璀 璨 的 “小 京 都 ”。 当 我 们 掌 控 对 明 贸 易 朱 印 时 ， 连 三 笠 山 上 的 月 光 都 要 先 经 过 大 内 家 船 队 的 桅 杆 。 
str_rhodok_rebellion_pretender_story_1|先 祖 信 玄 公 展 开 “疾 如 风 徐 如 林 ”的 旗 帜 时 ， 连 越 后 之 龙 都 要 在 川 中 岛 屏 息 。 武 田 家 的 赤 备 不 是 军 队 ， 是 席 卷 信 浓 平 原 的 灼 热 砂 岚 。 当 我 们 开 采 的 黑 川 金 矿 照 亮 甲 斐 群 山 时 ， 京 都 的 公 卿 们 枕 边 都 藏 着 武 田 金 判 ； 当 “孙 子 之 旗 ”在 三 方 原 展 开 时 ， 连 德 川 家 康 都 只 能 留 下 狼 狈 的 屎 尿 逃 亡 之 迹 。 那 是 用 山 岳 与 矿 脉 铸 成 的 战 国 最 强 军 团 。 
str_sarranid_rebellion_pretender_story_1|先 祖 宗 麟 公 坐 镇 丰 后 府 内 之 日 ， 南 蛮 黑 船 带 来 的 不 仅 是 圣 像 与 铁 炮 ， 更 是 将 九 州 六 国 浸 入 “天 主 御 光 照 耀 之 海 ”的 威 权 。 当 我 们 在 耳 川 以 北 筑 起 天 守 阁 时 ， 连 博 多 的 豪 商 都 需 仰 视 大 友 家 朱 印 船 队 从 澳 门 运 回 的 孔 雀 尾 羽 与 自 鸣 钟 。 罗 针 盘 指 引 的 不 只 是 商 路 ， 更 是 让 岛 津 的 军 旗 、 龙 造 寺 的 野 望 皆 需 俯 首 的 “西 海 王 权 ”。 圣 方 济 各 在 此 布 道 ， 南 蛮 医 术 在 此 生 根 ， 府 内 町 的 繁 华 曾 让 京 都 的 茶 人 都 感 叹 ： 洛 阳 的 雅 致 在 此 ， 竟 需 与 异 国 的 琉 璃 器 皿 共 染 夕 阳 。 
str_swadian_rebellion_pretender_story_2|可 如 今 呢 ？ 关 原 一 战 后 ， 上 杉 氏 从 会 津 一 百 二 十 万 石 减 封 成 米 泽 十 八 万 石 。 堂 堂 毘 沙 门 天 的 后 裔 ， 竟 被 困 在 这 雪 深 三 尺 的 贫 瘠 藩 国 。 奥 州 终 年 不 化 的 雪 ， 埋 着 越 后 山 脉 的 脊 梁 ， 也 埋 着 上 杉 氏 三 百 年 的 失 意 。 
str_vaegir_rebellion_pretender_story_2|可 如 今 呢 ？ 仙 台 藩 六 十 二 万 石 ？ 不 过 是 被 拔 去 獠 牙 的 困 兽 。 三 百 年 来 对 着 江 户 城 的 方 向 跪 拜 ， 连 修 筑 城 垛 都 要 战 战 兢 兢 请 示 幕 府 。 您 看 见 那 些 往 来 仙 台 的 幕 府 代 官 了 吗 ？ 他 们 马 蹄 扬 起 的 尘 土 ， 正 在 掩 埋 伊 达 家 曾 经 映 照 月 亮 的 铠 光 。 
str_khergit_rebellion_pretender_story_2|可 如 今 呢 ？ 关 原 的 尘 埃 落 定 后 ， 山 内 家 的 马 蹄 踏 碎 了 浦 户 城 下 的 龙 胆 纹 瓦 当 。 我 们 被 夺 走 了 姓 氏 的 骄 傲 ， 沦 为 土 佐 藩 阴 影 中 蜷 缩 的 “旧 族 ”。 那 些 高 知 县 城 的 武 士 只 知 山 内 一 丰 的 “拾 牛 传 说 ”， 却 忘 了 谁 才 是 让 土 佐 之 名 第 一 次 响 彻 四 国 的 真 正 主 人 。 长 宗 我 部 的 枪 阵 被 埋 进 山 林 ， 龙 胆 纹 的 旗 帜 成 了 神 社 仓 库 里 虫 蛀 的 残 布 。 就 连 土 佐 的 海 浪 ， 如 今 也 只 歌 颂 坂 本 龙 马 的 船 ， 再 无 一 声 涛 鸣 为 元 亲 公 的 霸 业 而 响 。 
str_nord_rebellion_pretender_story_2|可 如 今 呢 ？ 严 岛 的 血 战 之 后 ， 毛 利 氏 崛 起 ， 陶 晴 贤 的 叛 旗 折 断 了 百 年 荣 光 。 曾 经 照 耀 西 海 的 宫 灯 ， 如 今 连 残 烛 都 算 不 上 了 。 长 州 藩 ？ 他 们 只 记 得 吉 田 松 阴 ， 记 得 尊 王 攘 夷 。 可 谁 还 记 得 ， 让 这 片 土 地 第 一 次 连 接 大 唐 与 高 丽 荣 光 的 姓 氏 ， 本 是 大 内 ？ 
str_rhodok_rebellion_pretender_story_2|
str_sarranid_rebellion_pretender_story_2|可 如 今 呢 ？ 关 原 的 余 烬 里 ， 大 友 氏 如 被 海 浪 淘 尽 的 沙 城 。 丰 后 故 土 成 了 幕 府 直 辖 的 料 所 ， 昔 日 南 蛮 贸 易 的 账 本 化 为 虫 蛀 的 废 纸 。 那 些 打 着 “岛 津 侵 攻 ”名 目 的 武 士 ， 谁 还 记 得 正 是 我 大 友 家 的 铁 炮 队 最 先 让 十 字 纹 章 在 九 州 的 山 丘 上 闪 耀 ？ 连 长 崎 的 唐 人 屋 敷 都 换 了 主 人 ， 圣 堂 的 钟 声 早 被 锁 国 令 掐 断 了 喉 咙 。 如 今 世 人 只 知 熊 本 细 川 氏 、 萨 摩 岛 津 氏 ， 谁 还 曾 听 闻 ， 让 西 洋 的 星 图 与 倭 刀 一 同 悬 挂 于 唐 狮 子 屏 风 前 的 家 族 ， 本 姓 大 友 ？ 
str_swadian_rebellion_pretender_story_3|但 龙 正 在 冻 土 下 苏 醒 ！ 黑 船 叩 关 ， 幕 府 朽 溃 ， 这 正 是 天 命 流 转 之 刻 。 我 在 此 以 毘 字 旗 与 谦 信 公 的 义 字 起 誓 ， 若 您 愿 执 剑 同 行 ， 我 们 将 共 踏 越 后 之 雪 ， 让 春 日 山 城 的 橹 门 再 度 映 亮 日 本 海 黎 明 。 不 是 为 回 溯 过 往 荣 光 ， 是 为 在 这 裂 世 之 中 ， 竖 立 起 真 正 不 朽 的 义 之 旗 帜 ！ 
str_vaegir_rebellion_pretender_story_3|但 北 境 的 雪 原 记 得 ！ 当 幕 府 连 黑 船 的 白 旗 都 要 颤 抖 时 ， 却 要 我 们 继 续 充 当 东 北 的 看 门 犬 ？ 我 岩 国 一 脉 虽 出 自 晴 宗 公 之 女 ， 血 脉 里 流 淌 的 从 来 是 政 宗 公 那 杯 未 饮 尽 的 野 心 。 现 在 ， 我 要 让 独 眼 龙 旗 纹 再 度 飘 在 奥 州 探 题 的 城 池 上 ， 让 仙 台 不 再 只 是 江 户 的 注 脚 ， 而 是 能 让 整 个 日 本 海 结 冰 的 北 境 王 都 。 
str_khergit_rebellion_pretender_story_3|但 山 峦 记 得 ！ 土 佐 的 深 山 从 未 臣 服 于 外 来 者 的 统 治 。 我 要 让 遍 布 四 万 十 川 流 域 的 隐 秘 矿 坑 再 度 涌 出 铁 砂 ， 让 高 知 城 下 町 的 灯 火 依 赖 我 暗 中 掌 控 的 纸 与 柴 薪 之 路 。 不 必 高 举 反 旗 ， 只 需 让 山 内 家 的 粮 道 穿 过 我 编 织 的 林 间 网 ， 让 土 佐 勤 王 党 的 志 士 在 无 意 间 使 用 我 冶 炼 的 刀 铁 ……当 整 座 土 佐 的 脉 搏 顺 着 我 的 掌 心 跳 动 时 ， 浦 户 湾 的 潮 汐 自 会 冲 垮 虚 伪 的 藩 史 ， 将 四 国 霸 者 的 名 号 奉 还 于 真 正 的 龙 胆 纹 后 裔 。 
str_nord_rebellion_pretender_story_3|但 海 风 记 得 ！ 当 黑 船 粗 暴 地 撞 开 国 门 时 ， 那 些 只 会 空 谈 “攘 夷 ”的 藩 士 根 本 不 懂 。 真 正 的 力 量 从 来 不 在 刀 剑 ， 而 在 连 接 大 陆 的 航 路 。 我 要 用 沉 没 在 博 多 湾 底 的 永 乐 通 宝 铺 路 ， 用 藏 在 琉 球 商 馆 里 的 贸 易 密 约 作 锁 链 ， 让 对 马 海 峡 的 潮 汐 再 度 为 大 内 家 的 商 帆 报 时 。 不 必 挥 舞 勤 王 的 旗 帜 ， 只 需 让 长 州 藩 的 粮 仓 依 赖 我 的 船 队 ， 让 萨 摩 的 硫 磺 通 过 我 的 港 口 ……当 所 有 人 的 命 脉 都 系 于 海 路 时 ， 西 国 的 王 座 自 然 会 被 浪 涛 送 回 它 真 正 的 主 人 手 中 。 
str_rhodok_rebellion_pretender_story_3|但 山 岳 记 得 ！ 当 幕 府 的 军 队 在 黑 船 炮 口 下 颤 抖 时 ， 他 们 跪 拜 的 不 过 是 海 边 捡 来 的 锈 铁 ， 而 武 田 家 的 兵 法 ， 是 在 信 浓 的 暴 雪 与 甲 斐 的 矿 坑 里 锤 炼 出 来 的 。 我 要 让 黑 川 的 金 矿 再 度 为 风 林 火 山 旗 开 采 ， 让 诹 访 法 性 之 盔 重 新 凝 视 富 士 山 。 不 必 召 集 大 军 ， 只 需 让 关 东 的 米 价 随 我 的 金 判 波 动 ， 让 诸 藩 的 军 粮 路 线 都 暴 露 在 “啄 木 鸟 战 法 ”的 利 喙 之 下 。 
str_sarranid_rebellion_pretender_story_3|但 潮 汐 记 得 ！ 当 锁 国 的 海 禁 锈 蚀 了 所 有 港 口 的 缆 绳 ， 唯 有 大 友 家 暗 藏 的 南 蛮 海 图 仍 标 注 着 从 平 户 到 吕 宋 的 隐 秘 水 道 。 我 要 用 沉 没 在 别 府 湾 深 处 的 圣 女 像 熔 铸 钥 匙 ， 用 藏 在 臼 杵 修 道 院 地 窖 的 贸 易 密 契 作 罗 盘 ， 让 丰 后 水 道 的 暗 流 再 度 为 大 友 家 的 商 帆 导 航 。 不 必 高 喊 恢 复 切 支 丹 ， 只 需 让 熊 本 城 的 米 价 随 我 的 船 期 浮 动 ， 令 萨 摩 的 砂 糖 经 过 我 掌 控 的 隐 港 ……当 九 州 诸 藩 的 命 脉 皆 系 于 我 所 重 启 的 “异 国 血 管 ”时 ， 西 海 之 王 的 冠 冕 自 会 从 圣 母 像 的 残 光 中 浮 现 ， 重 归 它 天 命 的 承 托 者 掌 中 。 
str_swadian_rebellion_monarch_response_1|越 后 雪 再 深 ， 也 埋 不 住 叛 逆 的 烽 烟 。 请 转 告 这 位 ‘名 门 之 后 ’， 这 世 间 早 已 不 是 靠 祖 名 就 能 裂 土 的 时 代 了 。 
str_vaegir_rebellion_monarch_response_1|岩 国 氏 ？ 分 家 中 的 分 家 …竟 敢 妄 议 主 家 对 幕 府 的 忠 节 ？ 
str_khergit_rebellion_monarch_response_1|长 宗 我 部 的 山 林 ？ 呵 呵 ……如 今 连 猎 户 都 懂 得 向 高 知 城 纳 税 了 。 连 四 国 诸 藩 皆 已 卷 入 明 治 风 云 的 时 代 ， 竟 还 有 人 对 着 战 国 绘 卷 舔 舐 锈 刀 。 让 这 些 山 鬼 继 续 在 洞 穴 里 磨 他 们 的 旧 铁 吧 。 
str_nord_rebellion_monarch_response_1|大 内 的 海 路 ？ 哈 哈 哈 哈 ！ 现 在 连 渔 夫 都 知 道 黑 船 是 铁 造 的 。 连 琉 球 航 线 都 被 英 法 战 舰 控 扼 的 海 疆 ， 竟 还 有 人 做 着 遣 明 船 的 旧 梦 。 让 这 些 亡 魂 继 续 在 故 纸 堆 里 掘 墓 吧 。 
str_rhodok_rebellion_monarch_response_1|武 田 的 后 人 ？ 哈 ！ 现 在 战 场 上 呼 啸 的 是 英 制 阿 姆 斯 特 朗 炮 ， 不 是 赤 备 骑 兵 的 竹 枪 。 
str_sarranid_rebellion_monarch_response_1|丰 后 的 南 蛮 旧 梦 ？ 嗤 ……如 今 连 出 岛 的 荷 兰 商 馆 都 需 按 季 上 交 《 风 说 书 》 。 在 幕 府 海 防 船 巡 视 每 一 寸 海 岸 线 的 时 代 ， 竟 还 有 人 妄 想 用 发 霉 的 十 字 架 搅 动 波 涛 。 让 这 些 破 落 子 弟 继 续 在 废 弃 教 堂 里 对 着 褪 色 壁 画 祈 祷 吧 。 
str_swadian_rebellion_monarch_response_2|敢 与 越 后 叛 旗 同 行 者 ， 便 是 我 方 枪 口 所 指 之 敌 。 
str_vaegir_rebellion_monarch_response_2|岩 国 氏 的 野 心 倒 值 得 记 录 。 正 好 ， 东 北 诸 藩 的 军 备 报 告 还 缺 个 警 示 案 例 。 
str_khergit_rebellion_monarch_response_2|土 佐 的 野 心 早 已 不 是 一 姓 一 族 的 玩 具 。 当 坂 本 龙 马 的 船 驶 向 大 洲 冲 ， 当 板 垣 退 助 的 笔 锋 指 向 国 会 蓝 图 ， 那 些 躲 在 历 史 皱 褶 里 的 蛀 虫 ， 只 会 被 时 代 的 铁 锤 砸 成 齑 粉 。 你 若 珍 惜 你 的 前 程 ， 就 莫 要 将 脚 步 踏 入 这 些 亡 魂 的 迷 雾 。 林 间 的 陷 阱 捕 不 到 翱 翔 之 鹰 ， 而 土 佐 的 未 来 ， 从 不 属 于 深 山 里 的 幽 灵 。 
str_nord_rebellion_monarch_response_2|英 吉 利 巡 洋 舰 的 炮 口 下 ， 沉 船 遗 骸 可 不 分 什 么 名 门 之 后 。 
str_rhodok_rebellion_monarch_response_2|若 想 用 赤 备 骑 兵 对 阵 我 的 长 枪 利 炮 ， 尽 管 去 听 甲 斐 山 猴 的 梦 话 。 
str_sarranid_rebellion_monarch_response_2|天 下 安 泰 系 于 幕 府 法 度 ， 岂 容 战 国 亡 灵 借 尸 还 魂 ？ 当 长 崎 奉 行 所 的 眼 睛 注 视 着 每 一 艘 漂 流 船 ， 当 异 国 船 打 拂 令 的 烽 火 贯 通 九 州 沿 岸 ， 那 些 暗 礁 间 的 鼠 辈 伎 俩 ， 只 会 成 为 岸 防 炮 下 的 笑 谈 。 若 有 人 被 这 般 痴 言 惑 动 ， 便 要 当 心 自 身 姓 名 从 宗 门 帐 上 被 朱 笔 勾 销 。 锁 国 的 海 浪 ， 从 不 怜 悯 逆 潮 而 行 的 蜉 蝣 。 
str_courtship_comment_conventional_generic|是 非 常 有 教 养 一 类 的 
str_courtship_comment_adventurous_generic|似 乎 是 足 够 正 派 的 
str_courtship_comment_otherworldly_generic|是 最 文 雅 和 殷 勤 的 
str_courtship_comment_ambitious_generic|缺 乏 魄 力 ， 不 过 也 许 可 以 补 救 
str_courtship_comment_moralist_generic|看 起 来 是 个 好 人 
str_feast_description|缺 乏 的 
str_feast_description_2|不 足 的 
str_feast_description_3|刚 刚 够 的 
str_feast_description_4|足 够 的 
str_feast_description_5|充 足 的 
str_feast_description_6|奢 侈 的 
str_feast_lengthy_description_1|你 提 供 的 食 物 还 不 够 你 的 客 人 和 他 们 的 随 从 吃 的 ， 这 迫 使 他 们 到 附 近 的 乡 镇 以 极 其 高 昂 的 价 格 采 购 食 物 。 大 家 都 认 为 你 没 有 尽 到 主 人 的 职 责 ， 这 同 时 降 低 了 他 们 对 你 的 信 任 和 你 的 整 个 名 声 。 
str_feast_lengthy_description_2|你 提 供 的 饮 食 最 终 耗 尽 了 ， 这 迫 使 一 部 分 客 人 从 过 往 小 贩 那 里 购 买 食 物 ， 或 者 早 早 的 把 一 部 分 他 们 的 随 从 打 发 回 家 。 他 们 好 心 地 把 这 短 缺 归 咎 于 糟 糕 的 计 划 而 不 是 你 的 吝 啬 ， 但 不 管 怎 么 说 ， 这 对 你 的 名 声 不 好 。 
str_feast_lengthy_description_3|你 提 供 的 饮 食 足 够 你 那 些 贵 族 朋 友 们 享 用 ， 虽 然 他 们 随 从 中 的 一 部 分 平 民 不 得 不 空 手 而 归 。 你 正 在 建 立 起 一 个 至 少 清 楚 自 己 社 会 职 责 的 贵 族 的 形 象 。 
str_feast_lengthy_description_4|你 提 供 了 足 够 的 饮 食 ， 而 且 品 种 丰 富 ， 这 建 立 起 了 你 的 信 誉 。 美 食 ， 佳 酿 ， 还 有 席 间 的 欢 笑 都 让 你 的 宾 客 们 开 始 放 松 下 来 ， 他 们 开 始 毫 无 顾 忌 的 谈 论 国 事 ， 并 且 对 你 信 任 有 加 。 
str_feast_lengthy_description_5|你 提 供 了 足 够 你 的 贵 族 客 人 和 他 们 随 从 享 用 的 饮 食 ， 剩 下 的 食 物 都 被 分 给 了 穷 人 。 你 的 客 人 们 对 你 的 慷 慨 ， 还 有 你 对 自 己 社 会 地 位 所 应 当 承 担 的 责 任 如 此 明 了 而 赞 不 绝 口 。 饮 宴 之 间 ， 谈 话 渐 入 佳 境 ， 气 氛 愉 悦 ， 拉 近 了 你 与 所 有 在 座 宾 客 之 间 的 距 离 。 
str_feast_lengthy_description_6|在 接 下 来 的 几 个 月 中 ， 你 茶 会 的 规 模 都 将 会 是 整 个 王 国 的 话 题 ， 而 且 这 将 会 成 为 以 后 所 有 茶 会 的 标 准 。 你 不 仅 让 你 的 贵 族 客 人 和 他 们 的 随 从 们 吃 饱 喝 足 ， 连 聚 集 在 门 口 的 穷 人 都 吃 了 个 饱 。 
str_kingdom_1_adjective|越 后 诸 藩 
str_kingdom_2_adjective|仙 台 藩 
str_kingdom_3_adjective|伊 势 诸 藩 
str_kingdom_4_adjective|长 州 藩 
str_kingdom_5_adjective|松 平 家 
str_kingdom_6_adjective|德 川 家 
str_kingdom_7_adjective|德 岛 藩 
str_kingdom_8_adjective|池 田 家 
str_kingdom_9_adjective|细 川 家 
str_kingdom_10_adjective|弘 前 藩 
str_kingdom_11_adjective|彦 根 藩 
str_kingdom_12_adjective|土 佐 藩 
str_kingdom_13_adjective|旧 幕 府 势 力 
str_kingdom_14_adjective|久 保 田 藩 
str_kingdom_15_adjective|萨 摩 藩 
str_kingdom_16_adjective|佐 贺 藩 
str_kingdom_17_adjective|水 户 藩 
str_kingdom_18_adjective|房 总 诸 藩 
str_kingdom_19_adjective|酒 井 家 
str_kingdom_20_adjective|加 贺 藩 
str_kingdom_22_adjective|延 冈 藩 
str_kingdom_23_adjective|明 治 新 政 府 
str_kingdom_24_adjective|盛 冈 藩 
str_kingdom_25_adjective|大 垣 藩 
str_kingdom_26_adjective|福 冈 藩 
str_kingdom_21_adjective|玩 家 氏 族 
str_credits_1|Mount&Blade:Warband Copyright 2008-2010 Taleworlds Entertainment
str_credits_2|Game design:^Armagan Yavuz^Steve Negus^Cem Cimenbicer
str_credits_3|Programming:^Armagan Yavuz^Cem Cimenbicer^Serdar Kocdemir^Ozan Gumus
str_credits_4|CG Artists:^Ozgur Saral^Mustafa Ozturk^Pinar Cekic^Ozan Unlu^Yigit Savtur^Umit Singil
str_credits_5|Concept Artist:^Ganbat Badamkhand
str_credits_6|Writing:^Steve Negus^Armagan Yavuz^Ryan A. Span
str_credits_7|Original Music:^Jesse Hopkins
str_credits_8|Voice Talent:^Tassilo Egloffstein
str_credits_9|Tutorial written by:^Steve Negus^Armagan Yavuz^Edward Spoerl^^^Horse Motion Capture Animation Supplied by:^Richard Widgery & Kinetic Impulse^^^Physics:^Havok^^^Sound and Music Program Library:^FMODex Sound System by Firelight Technologies^^^Skybox Textures:^Jay Weston^^^Chinese Translation:^Hetairoi; Gaodatailang; silentjealousy; Ginn; fallout13; James; D.Kaede; Kan2; alixyang; muyiboy^^^TaleWorlds Director of Communications:^Ali Erkin ^^^TaleWorlds Forum Programming:^Brett Flannigan ^^^TaleWorlds.com Forum Administrators and Moderators:^Janus^Archonsod^Narcissus^Nairagorn^Lost Lamb^Deus Ex^Merentha^Volkier^Instag0^Ativan^ego^Guspav^Hallequin^Invictus^okiN^Raz^rejenorst^Skyrage^ThVaz^^^Mount&Blade Community Suggestions and Feedback:^A Mustang^adamlug^Adorno^alden^Alhanalem^amade^Anthallas^Alkhadias Master^Arch3r^Archevious^Arcas Nebun^Arcon^Arcturus^ares007^Arjihad^BadabombadaBang^Badun^BaronAsh^Berserker Pride^bgfan^bierdopjeee^Big Mac^Binboy^blink180heights^BlodsHammar^Bloid^Brandon^Brego^chenjielian^cifre^COGlory^Corinthian Hoplite^Crazed Rabbit^CryptoCactus^CtrlAltDe1337^Cuther^Da-V-Man^dimitrischris^dstemmer^EasyCo506^Egbert^ethneldryt^eudaimondaimon^Faranox^Fawzia dokhtar-i-Sanjar^Fei Dao^Gabeed^GeN76^General Hospital^GhosTR^glustrod^guspav^Halcyon^Harn^Hethwill^Highelfwarrior^HULKSMASH^Iberon^ignoble^Jack Merchantson^JoG^Jov^Kazzan^King Jonathan the Great^Kleidophoros^knight^Kong Burger^Kristiania^l3asu^Larkraxm^Leandro1021DX^lighthaze^Llew2^Lord Rich^lordum ediz^Lucke189^Mabons^MacPharlan^Madnes5^MagicMaster^Makh^ManiK^Manitas^Marin Peace Bringer^Martinet^MAXHARDMAN^Merlkir^miguel8500^Mithras^Moddan^Nate^Nemeo^Nite/m4re^noobalicous^Nord Champion^okiN^Orion^OTuphlos^Papa Lazarou^Phallas^Plazek^Prcin^PSYCHO78^PsykoOps^Reapy^Red River^Rhizobium^Riggea^Rongar^Ros^sadnhappy^Sarejo^ScientiaExcelsa^Scorch!^Seawied86^sebal87^shikamaru 1993^Shun^silentdawn^Sir Gowe^Skyrage^Slawomir of Aaarrghh^SoloSebo^SovietSoldier^Stabbing Hobo^Stratigos001^Styo^TalonAquila^test^The Yogi^Thundertrod^Thyr^Tim^Titanshoe^tmos^Toffey^Tonttu^Trenalok^Tronde^UberWiggett^Urist^Ursca^urtzi^Vermin^Viajero^Vincenzo^Vulkan^Warcat92^Welcome To Hell^Wheem^Wu-long^Yellonet^Yobbo^Yoshi Murasaki^Yoshiboy^Zyconnic^^^Special Thanks to Toby Lee for his ideas and in depth feedback on the combat system.^...and many many other wonderful Mount&Blade players!^^(This is only a small sample of all the players who have contributed to the game by providing suggestions and feedback.^This list has been compiled by sampling only a few threads in the Taleworlds Forums.^Unfortunately compiling an exhaustive list is almost impossible.^We apologize sincerely if you contributed your suggestions and feedback but were not listed here, and please know that we are grateful to you all the same...)
str_credits_10|Paradox Interactive^^President and CEO:^Theodore Bergqvist^^Executive Vice President:^Fredrik Wester^^Chief Financial Officer:^Lena Eriksson^^Finance & Accounting:^Annlouise Larsson^^VP Sales & Marketing US:^Reena M. Miranda^^VP Sales & Marketing EU:^Martin Sirc^^Distribution Manager Nordic:^Erik Helmfridsson^^Director of PR & Marketing:^Susana Meza^^PR & Marketing:^Sofia Forsgren^^Product Manager:^Boel Bermann
str_credits_11|Logotype:^Jason Brown^^Cover Art:^Piotr Fox Wysocki^^Layout:^Christian Sabe^Melina Grundel^^Poster:^Piotr Fox Wysocki^^Map & Concept Art:^Ganbat Badamkhand^^Manual Editing:^Digital Wordsmithing:Ryan Newman, Nick Stewart^^Web:^Martin Ericsson^^Marketing Assets:^2Coats^^Localization:^S&H Entertainment Localization^^GamersGate:^Ulf Hedblom^Andreas Pousette^Martin Ericson^Christoffer Lindberg
str_credits_12|Thanks to all of our partners worldwide, in particular long-term partners:^Koch Media (Germany & UK)^Blue Label (Italy & France)^Friendware (Spain)^New Era Interactive Media Co. Ltd. (Asia)^Snowball (Russia)^Pinnacle (UK)^Porto Editora (Portugal)^Hell-Tech (Greece)^CD Projekt (Poland, Czech Republic, Slovakia & Hungary)^Paradox Scandinavian Distribution (Scandinavia)
str_multi_scene_1|废 墟 
str_multi_scene_2|村 庄 
str_multi_scene_3|海 勒 斯 城 堡 
str_multi_scene_4|残 破 要 塞 
str_multi_scene_5|场 景 5
str_multi_scene_6|场 景 6
str_multi_scene_7|小 河 湾 
str_multi_scene_8|罗 多 翰 城 堡 
str_multi_scene_9|雪 山 小 村 
str_multi_scene_10|都 灵 城 堡 
str_multi_scene_11|诺 德 城 镇 
str_multi_scene_16|舷 战 
str_multi_scene_17|布 鲁 沃 德 城 堡 
str_multi_scene_18|雪 中 战 场 
str_multi_scene_19|麦 达 尔 城 堡 
str_multi_scene_20|杰 莫 伊 城 堡 
str_multi_scene_21|竞 技 场 
str_multi_scene_22|海 德 奥 特 森 林 
str_multi_scene_12|随 机 平 原 ( 中 )
str_multi_scene_13|随 机 平 原 ( 大 )
str_multi_scene_14|随 机 草 原 ( 中 )
str_multi_scene_15|随 机 草 原 ( 大 )
str_multi_scene_end|多 人 场 景 结 束 
str_multi_game_type_1|混 战 模 式 
str_multi_game_type_2|组 队 混 战 
str_multi_game_type_3|战 场 模 式 
str_multi_game_type_4|守 护 与 摧 毁 
str_multi_game_type_5|抢 旗 模 式 
str_multi_game_type_6|征 服 模 式 
str_multi_game_type_7|攻 城 模 式 
str_multi_game_type_8|决 斗 模 式 
str_multi_game_types_end|多 人 游 戏 类 型 结 束 
str_poll_kick_player_s1_by_s0|{s0}发 起 投 票 踢 出 玩 家 {s1}。 
str_poll_ban_player_s1_by_s0|{s0}发 起 投 票 禁 止 玩 家 {s1}进 入 服 务 器 。 
str_poll_change_map_to_s1_by_s0|{s0}发 起 投 票 更 换 地 图 为 {s1}。 
str_poll_change_map_to_s1_and_factions_to_s2_and_s3_by_s0|{s0}发 起 投 票 更 换 地 图 为 {s1}更 换 国 家 为 {s2}和 {s3}。 
str_poll_change_number_of_bots_to_reg0_and_reg1_by_s0|{s0}发 起 投 票 改 变 虚 拟 人 数 量 为 {reg0}和 {reg1}。 
str_poll_kick_player|有 人 提 议 投 票 踢 出 玩 家 {s0}， ^ 1 为 赞 成 ， 2 为 反 对 。 
str_poll_ban_player|有 人 提 议 投 票 禁 止 玩 家 {s0}进 入 服 务 器 ， ^ 1 为 赞 成 ， 2 为 反 对 。 
str_poll_change_map|有 人 提 议 投 票 切 换 地 图 为 {s0}， ^ 1 为 赞 成 ， 2 为 反 对 。 
str_poll_change_map_with_faction|有 人 提 议 投 票 切 换 地 图 为 {s0}， 双 方 势 力 为 {s1}和 {s2}， ^ 1 为 赞 成 ， 2 为 反 对 。 
str_poll_change_number_of_bots|有 人 提 议 投 票 设 定 虚 拟 人 (bot) 数 量 为 :{s0}{reg0}人 ， {s1}{reg1}人 ， ^ 1 为 赞 成 ， 2 为 反 对 。 
str_poll_time_left|( 投 票 时 间 还 剩 {reg0}秒 )
str_poll_result_yes|多 数 人 通 过 了 投 票 。 
str_poll_result_no|多 数 人 否 决 了 投 票 。 
str_total_item_cost_reg0|装 备 总 值 ， {reg0}
str_server_name|服 务 器 名 ， 
str_game_password|进 入 密 码 ， 
str_map|地 图 ， 
str_game_type|游 戏 模 式 ， 
str_max_number_of_players|最 大 人 数 ， 
str_number_of_bots_in_team_reg1|{reg1}队 中 虚 拟 人 数 ， 
str_team_reg1_faction|{reg1}队 所 属 国 家 ， 
str_enable_valve_anti_cheat|允 许 Valve 反 作 弊 ( 需 要 有 效 的 Steam 账 号 )
str_allow_friendly_fire|允 许 远 程 队 友 伤 害 
str_allow_melee_friendly_fire|允 许 队 友 近 战 伤 害 
str_friendly_fire_damage_self_ratio|队 友 伤 害 到 自 己 ( % )， 
str_friendly_fire_damage_friend_ratio|队 友 伤 害 到 队 友 ( % )， 
str_spectator_camera|旁 观 者 视 角 ， 
str_control_block_direction|格 挡 方 向 控 制 ， 
str_map_time_limit|地 图 时 间 限 制 ( 分 钟 )， 
str_round_time_limit|回 合 时 间 限 制 ( 秒 )， 
str_players_take_control_of_a_bot_after_death|玩 家 死 亡 后 切 换 到 虚 拟 人 ， 
str_team_points_limit|队 伍 分 数 限 制 ， 
str_point_gained_from_flags|夺 旗 奖 励 队 伍 分 数 ( 百 分 比 )， 
str_point_gained_from_capturing_flag|抢 旗 奖 励 分 数 ， 
str_respawn_period|重 生 间 隔 时 间 ( 秒 )， 
str_add_to_official_game_servers_list|加 入 官 方 服 务 器 列 表 
str_combat_speed|战 斗 速 度 ， 
str_combat_speed_0|最 慢 
str_combat_speed_1|稍 慢 
str_combat_speed_2|正 常 
str_combat_speed_3|稍 快 
str_combat_speed_4|最 快 
str_off|关 闭 
str_on|开 
str_defender_spawn_count_limit|防 守 方 最 大 重 生 次 数 ， 
str_unlimited|无 限 制 
str_automatic|自 动 
str_by_mouse_movement|滑 鼠 控 制 
str_free|自 由 
str_stick_to_any_player|锁 定 任 一 玩 家 
str_stick_to_team_members|锁 定 队 友 
str_stick_to_team_members_view|锁 定 为 队 友 视 角 
str_make_factions_voteable|可 投 票 选 择 势 力 
str_make_kick_voteable|可 投 票 踢 玩 家 
str_make_ban_voteable|可 投 票 禁 止 玩 家 
str_bots_upper_limit_for_votes|可 投 票 选 择 虚 拟 人 的 上 限 ， 
str_make_maps_voteable|可 投 票 选 择 地 图 
str_valid_vote_ratio|投 票 最 低 通 过 比 例 ( % )， 
str_auto_team_balance_limit|自 动 队 伍 平 衡 最 低 值 ( 相 差 )， 
str_welcome_message|欢 迎 信 息 ， 
str_initial_gold_multiplier|初 始 金 额 ( % )， 
str_battle_earnings_multiplier|战 斗 奖 金 ( % ):
str_round_earnings_multiplier|回 合 奖 金 ( % )， 
str_allow_player_banners|允 许 个 性 旗 帜 
str_force_default_armor|强 制 起 始 防 具 
str_respawning_in_reg0_seconds|{reg0}秒 后 重 生 ……
str_no_more_respawns_remained_this_round|此 局 已 不 能 复 活 
str_reg0_respawns_remained|( 还 剩 {reg0}条 命 )
str_this_is_your_last_respawn|( 这 是 你 的 最 后 一 条 命 )
str_wait_next_round|( 等 候 下 一 回 合 )
str_yes_wo_dot|可 
str_no_wo_dot|否 
str_we_resign|我 们 没 有 足 够 的 兵 力 继 续 作 战 。 我 们 向 你 投 降 ， {playername}。 
str_i_resign|我 还 想 活 下 去 。 我 投 降 。 
str_s1_returned_flag|{s1}将 丢 失 的 旗 帜 重 新 夺 回 ！ 
str_s1_auto_returned_flag|{s1}旗 帜 自 动 回 到 了 他 们 的 基 地 ！ 
str_s1_captured_flag|{s1}俘 获 敌 军 旗 帜 ！ ！ 
str_s1_taken_flag|{s1}抢 到 了 敌 军 旗 帜 ！ 
str_s1_neutralized_flag_reg0|{s1}已 中 立 化 旗 帜 {reg0}。 
str_s1_captured_flag_reg0|{s1}占 领 了 旗 帜 {reg0}！ 
str_s1_pulling_flag_reg0|{s1}开 始 在 {reg0}旗 区 升 旗 。 
str_s1_destroyed_target_0|{s1}摧 毁 目 标 A！ 
str_s1_destroyed_target_1|{s1}摧 毁 目 标 B！ 
str_s1_destroyed_catapult|{s1}摧 毁 投 石 机 ！ 
str_s1_destroyed_trebuchet|{s1}摧 毁 投 石 车 ！ 
str_s1_destroyed_all_targets|{s1}摧 毁 了 所 有 目 标 。 
str_s1_saved_1_target|{s1}保 护 了 一 个 目 标 。 
str_s1_saved_2_targets|{s1}守 住 了 所 有 目 标 ！ 
str_s1_defended_castle|{s1}守 住 了 城 堡 ！ 
str_s1_captured_castle|{s1}占 领 城 堡 ！ ！ 
str_auto_team_balance_in_20_seconds|20 秒 内 将 自 动 调 整 双 方 力 量 。 
str_auto_team_balance_next_round|下 一 回 合 将 自 动 调 整 双 方 力 量 。 
str_auto_team_balance_done|自 动 调 整 双 方 力 量 完 成 。 
str_s1_won_round|{s1}此 回 合 胜 ！ ！ 
str_round_draw|时 间 到 ， 平 局 。 
str_round_draw_no_one_remained|无 人 幸 存 ， 平 局 。 
str_death_mode_started|死 亡 时 间 开 始 ！ ！ 
str_reset_to_default|默 认 设 置 
str_done|完 成 
str_player_name|玩 家 
str_kills|杀 
str_deaths|没 
str_ping|Ping
str_dead|死 亡 
str_reg0_dead|{reg0}死 亡 
str_bots_reg0_agents|虚 拟 人 ({reg0}人 )
str_bot_1_agent|虚 拟 人 (1 人 )
str_score|得 分 
str_score_reg0|得 分 ， {reg0}
str_flags_reg0|( 旗 帜 ， {reg0})
str_reg0_players|({reg0}玩 家 )
str_reg0_player|({reg0}玩 家 )
str_open_gate|开 栅 
str_close_gate|关 栅 
str_open_door|开 门 
str_close_door|关 门 
str_raise_ladder|架 梯 
str_drop_ladder|拆 梯 
str_back|返 回 
str_start_map|开 始 地 图 
str_choose_an_option|选 项 ， 
str_choose_a_poll_type|投 票 类 型 ， 
str_choose_faction|选 择 国 家 
str_choose_a_faction|选 择 国 家 ， 
str_choose_troop|选 择 兵 种 
str_choose_a_troop|选 择 兵 种 等 级 ， 
str_choose_items|选 择 装 备 
str_options|选 项 
str_redefine_keys|重 新 定 义 键 值 
str_submit_a_poll|发 起 投 票 
str_administrator_panel|管 理 员 界 面 
str_kick_player|踢 出 玩 家 
str_ban_player|禁 止 玩 家 
str_mute_player|沉 默 玩 家 
str_unmute_player|取 消 沉 默 玩 家 
str_quit|退 出 
str_poll_for_changing_the_map|改 换 地 图 
str_poll_for_changing_the_map_and_factions|改 换 地 图 和 国 家 
str_poll_for_changing_number_of_bots|改 变 虚 拟 人 数 量 
str_poll_for_kicking_a_player|踢 出 玩 家 
str_poll_for_banning_a_player|禁 止 玩 家 
str_choose_a_player|选 择 一 个 玩 家 ， 
str_choose_a_map|选 择 一 个 地 图 ， 
str_choose_a_faction_for_team_reg0|给 组 队 {reg0}选 择 一 个 国 家 ， 
str_choose_number_of_bots_for_team_reg0|给 组 队 {reg0}选 择 虚 拟 人 数 量 ， 
str_spectator|旁 观 者 
str_spectators|旁 观 者 
str_command|命 令 ， 
str_profile_banner_selection_text|给 你 的 角 色 选 定 一 面 旗 帜 
str_use_default_banner|使 用 国 家 默 认 旗 帜 
str_party_morale_is_low|一 些 部 队 士 气 低 下 ！ 
str_weekly_report|周 报 告 
str_has_deserted_the_party|逃 离 了 队 伍 。 
str_have_deserted_the_party|逃 离 了 队 伍 。 
str_space| 
str_us_|我 军 
str_allies_|友 军 
str_enemies_|敌 军 
str_routed|败 走 
str_weekly_budget|周 预 算 
str_income_from_s0|{s0}收 入 ， 
str_mercenary_payment_from_s0|{s0} 客 金 ， 
str_s0s_party|{s0}的 军 势 
str_loss_due_to_tax_inefficiency|知 领 不 明 
str_wages_for_s0|{s0} 的 扶 持 米 与 报 奖 金 ， 
str_earlier_debts|先 前 借 金 ， 
str_net_change|净 收 支 ， 
str_earlier_wealth|先 前 库 金 ， 
str_new_wealth|新 库 金 ， 
str_new_debts|新 借 金 ， 
str_maximum_seconds_for_round_is_reg0|每 轮 的 最 大 秒 数 是 {reg0}。 
str_respawn_period_is_reg0_seconds|复 活 时 间 是 {reg0}秒 。 
str_bots_upper_limit_for_votes_is_reg0|投 票 可 以 设 置 的 最 大 虚 拟 人 数 为 {reg0}。 
str_map_is_voteable|此 地 图 可 投 票 。 
str_map_is_not_voteable|此 地 图 不 能 投 票 
str_factions_are_voteable|可 投 票 选 择 国 家 。 
str_factions_are_not_voteable|不 可 投 票 选 择 国 家 。 
str_players_respawn_as_bot|玩 家 作 为 虚 拟 人 重 生 。 
str_players_do_not_respawn_as_bot|玩 家 不 作 为 虚 拟 人 重 生 。 
str_kicking_a_player_is_voteable|可 以 投 票 踢 出 玩 家 。 
str_kicking_a_player_is_not_voteable|不 能 就 是 否 踢 出 一 名 玩 家 进 行 投 票 。 
str_banning_a_player_is_voteable|可 以 投 票 禁 止 玩 家 。 
str_banning_a_player_is_not_voteable|不 能 就 是 否 禁 止 一 名 玩 家 进 行 投 票 。 
str_player_banners_are_allowed|允 许 玩 家 旗 帜 。 
str_player_banners_are_not_allowed|不 允 许 玩 家 旗 帜 。 
str_default_armor_is_forced|默 认 防 具 已 被 强 制 使 用 。 
str_default_armor_is_not_forced|默 认 防 具 没 有 强 制 使 用 。 
str_percentage_of_yes_votes_required_for_a_poll_to_get_accepted_is_reg0|达 成 决 议 所 需 的 赞 成 票 比 例 是 {reg0}% 。 
str_auto_team_balance_threshold_is_reg0|自 动 队 伍 平 衡 的 临 界 值 是 {reg0}。 
str_starting_gold_ratio_is_reg0|初 始 金 钱 比 率 是 {reg0}% 。 
str_combat_gold_bonus_ratio_is_reg0|战 斗 奖 金 获 取 率 是 {reg0}% 。 
str_round_gold_bonus_ratio_is_reg0|回 合 奖 金 比 率 是 {reg0}% 。 
str_point_gained_from_flags_is_reg0|夺 旗 获 得 的 队 伍 分 数 为 {reg0}% 。 
str_point_gained_from_capturing_flag_is_reg0|获 得 旗 帜 的 奖 励 分 数 为 {reg0}% 。 
str_map_time_limit_is_reg0|地 图 时 间 限 制 为 {reg0}分 钟 。 
str_team_points_limit_is_reg0|队 伍 分 数 限 制 为 {reg0}。 
str_defender_spawn_count_limit_is_s1|默 认 重 生 次 数 为 {s1}。 
str_system_error|系 统 错 误 ！ 
str_prisoner_granted_parole|战 俘 获 得 释 放 
str_prisoner_not_offered_parole|战 俘 没 有 被 释 放 
str__age_reg1_family_|^ 年 龄 ， {reg1}^ 家 族 ， 
str_s49_s12_s11_rel_reg0|{s49}{s12}( {s11}， rel， {reg0}) ， 
str_s49_s12_s11|{s49}{s12}( {s11}) ， 
str_lord_info_string|{reg6?:{reg4?{s54}是 {s56}的 统 治 者 。 ^:{s54}是 {s56}的 {s55}手 下 的 一 位 领 主 。 ^}}声 望 :{reg5}。 争 议 ， {reg15}。 ^{reg9?{reg3?她 :他 }是 {s58}的 {reg3?领 主 :领 主 }。 :{reg3? 她 :他 }没 有 封 地 。 }{s59}^{s49}
str_foreign_relations__|外 交 关 系 ， ^
str_s21__the_s5_is_at_war_with_the_s14|{s21}^*{s5}与 {s14}正 处 于 战 争 状 态 中 。 
str_s21_the_s5_has_had_the_upper_hand_in_the_fighting|{s21}{s5}在 交 战 中 处 于 上 风 
str_s21_the_s5_has_gotten_the_worst_of_the_fighting|{s21}{s5}在 交 战 中 处 于 下 风 
str_s21_the_fighting_has_gone_on_for_some_time_and_the_war_may_end_soon_with_a_truce|{s21}战 争 已 经 持 续 了 很 长 时 间 ， 这 场 战 争 可 能 很 快 将 以 一 纸 休 战 条 约 作 为 结 束 。 
str_s21_the_fighting_has_begun_relatively_recently_and_the_war_may_continue_for_some_time|{s21}战 争 只 是 刚 刚 开 始 ， 这 场 战 争 应 该 还 会 持 续 一 段 时 间 。 
str__however_the_truce_is_no_longer_binding_on_the_s14|不 管 怎 样 ， 现 在 {s14}不 再 受 到 和 约 的 束 缚 了 。 
str_s21__the_s5_is_bound_by_truce_not_to_attack_the_s14s18_the_truce_will_expire_in_reg1_days|{s21}^* {s5}由 于 休 战 条 约 的 约 束 而 无 法 攻 击 {s14}。 {s18}休 战 条 约 将 在 {reg1}天 后 终 止 。 
str_s21__the_s5_has_recently_suffered_provocation_by_subjects_of_the_s14_and_there_is_a_risk_of_war|{s21}^* {s5}最 近 收 到 了 {s14}的 挑 衅 很 可 能 会 引 发 一 场 战 争 。 
str_s21__the_s5_has_no_outstanding_issues_with_the_s14|{s21}^* {s5}在 关 于 {s14}的 事 宜 上 没 有 什 么 是 悬 而 未 决 的 。 
str_s21_the_s14_was_recently_provoked_by_subjects_of_the_s5_and_there_is_a_risk_of_war_|{s21}{s14}近 期 遭 到 了 {s5}的 挑 衅 ， 很 可 能 将 会 爆 发 一 场 战 争 。 ^
str_the_s5_is_ruled_by_s6_it_occupies_s8_its_vassals_are_s10__s21|{s5}由 {s6}统 治 。 ^占 据 着 {s8}。 ^封 臣 分 别 是 {s10}。 ^^{s21}
str_reg4_killed_reg5_wounded_reg6_routed|{reg4}被 杀 ， {reg5}受 伤 ， {reg6}逃 走 
str_reg4_killed_reg5_routed|{reg4}被 杀 ， {reg5}逃 走 
str_reg4_killed_reg5_wounded|{reg4}被 杀 ， {reg5}受 伤 
str_reg4_wounded_reg5_routed|{reg4}受 伤 ， {reg5}逃 走 
str_s42|{s42}
str_s4_awarded_to_s5|{s4}奖 励 给 {s5}
str_calculating_sortie_for_s4_strength_of_reg3_vs_reg4_enemies|预 计 {s4}突 围 ， {reg3}兵 力 对 抗 {reg4}敌 军 
str_current_wealth_reg1_taxes_last_collected_from_s4|当 前 财 富 ， {reg1}文 钱 。 最 后 一 次 税 收 于 {s4}
str_s4_has_reg4_chance_of_recruiting_troops|{s4}有 {reg4}的 可 能 去 募 兵 
str_s4_has_reg4_chance_of_going_to_s5|{s4}有 {reg4}的 可 能 去 {s5}
str_s4_has_reg5_chance_of_patrolling_s6|{s4}有 {reg4}的 可 能 去 {s6}巡 逻 
str_s4_has_reg5_chance_of_raiding_s6|{s4}有 {reg4}的 可 能 去 劫 掠 {s6}
str_s4_has_reg5_chance_of_besieging_s6|{s4}有 {reg4}的 可 能 去 围 困 {s6}
str_sum_chances_reg6|合 计 可 能 ， {reg6}
str_deciding_faction_ai_for_s3|决 定 {s3}的 国 家 AI
str_lords_of_the_s1_gather_for_a_feast_at_s2|{s1}的 领 主 们 聚 集 在 {s2}大 摆 筵 席 。 
str_players_kingdom_has_had_reg3_days_of_peace|玩 家 的 王 国 已 经 保 持 了 {reg3}天 的 和 平 
str_s4_is_present_at_the_center_and_is_attending_the_feast|{s4}到 来 并 正 在 出 席 茶 会 
str_s4_is_present_at_the_center_and_is_awaiting_the_player_in_private|{s4}到 来 并 正 在 私 下 等 待 玩 家 的 到 来 
str_s4_is_present_at_the_center_and_is_allowed_to_meet_the_player|{s4}到 来 并 允 许 接 见 玩 家 
str_s4_is_present_at_the_center_and_is_not_allowed_to_meet_the_player|{s4}到 来 并 不 许 接 见 玩 家 
str_no_relation|无 关 系 
str_niece|侄 女 
str_nephew|侄 子 
str_aunt|阿 姨 
str_uncle|叔 叔 
str_cousin|同 辈 
str_daughterinlaw|儿 媳 
str_soninlaw|女 婿 
str_motherinlaw|岳 母 
str_fatherinlaw|岳 父 
str_sisterinlaw|妯 娌 
str_brotherinlaw|连 襟 
str_print_party_members_entered|打 印 进 入 的 队 伍 成 员 
str_num_companion_stacks_=_reg10|num companion stacks = {reg10}
str_someone|某 个 人 
str_i_take_what_work_i_can_sirmadame_i_carry_water_or_help_the_merchants_with_their_loads_or_help_build_things_if_theres_things_to_be_built|我 干 我 力 所 能 及 的 活 ， {先 生 /夫 人 }。 我 运 水 ， 帮 那 些 商 人 们 装 货 ， 或 者 帮 忙 建 造 东 西 ， 如 果 有 东 西 需 要 被 建 造 的 话 。 
str_im_not_doing_anything_sirmadame_theres_no_work_to_be_had_around_here_these_days|我 现 在 什 么 事 情 都 没 有 ， {先 生 /夫 人 }。 这 些 天 附 近 没 有 活 要 干 。 
str_im_not_doing_anything_sirmadame_i_have_no_land_of_my_own_and_theres_no_work_to_be_had_around_here_these_days|我 现 在 什 么 事 情 都 没 有 ， {先 生 /夫 人 }。 我 没 有 自 己 的 土 地 ， 而 且 这 些 天 附 近 没 有 活 要 干 。 
str_why_im_still_living_off_of_your_kindness_and_goodness_sirmadame_hopefully_there_will_be_work_shortly|啊 ， 我 还 在 仰 仗 你 的 仁 慈 和 善 良 生 活 ， {先 生 /夫 人 }。 我 由 衷 的 希 望 能 有 活 干 ， 越 快 越 好 。 
str_i_work_in_the_fields_just_outside_the_walls_where_they_grow_grain_we_dont_quite_grow_enough_to_meet_our_needs_though_and_have_to_import_grain_from_the_surrounding_countryside|我 就 在 城 外 的 地 里 干 活 ， 种 些 小 麦 。 我 们 的 收 成 不 够 糊 口 ， 还 得 从 周 围 的 其 他 村 子 进 一 些 。 
str_i_work_mostly_in_the_fields_growing_grain_in_the_town_they_grind_it_to_make_bread_or_ale_and_we_can_also_boil_it_as_a_porridge|我 大 多 数 时 候 都 在 地 里 干 活 ， 种 小 麦 。 镇 子 里 的 人 把 它 们 磨 碎 了 做 面 包 或 是 麦 酒 ， 而 我 们 也 用 它 们 煮 粥 喝 。 
str_i_work_in_the_breweries_making_ale_the_poor_folk_drink_a_lot_of_it_as_its_cheaper_than_wine_we_make_it_with_grain_brought_in_from_the_countryside|我 在 酿 酒 作 坊 里 干 活 ， 酿 制 麦 酒 。 那 些 穷 人 们 总 是 要 喝 很 多 这 个 ， 因 为 它 比 葡 萄 酒 便 宜 多 了 。 我 们 用 从 村 子 里 买 来 的 小 麦 作 原 料 。 
str_i_work_in_a_mill_grinding_flour_to_make_bread_bread_is_cheap_keeps_well_and_fills_the_stomach|我 在 磨 坊 里 干 活 ， 磨 出 面 粉 来 做 面 包 。 面 包 便 宜 ， 易 于 贮 存 ， 还 能 充 饥 。 
str_i_tend_cattle_we_dry_and_salt_meat_to_preserve_it_and_make_cheese_from_the_milk|我 养 牛 。 我 们 把 牛 肉 风 干 腌 制 保 存 ， 把 生 皮 送 到 镇 上 加 工 成 皮 革 ， 还 用 牛 奶 做 奶 酪 。 
str_i_tend_cattle_we_dry_and_salt_meat_to_preserve_it_and_make_cheese_from_the_milk_so_it_doesnt_spoil|我 养 牛 。 我 们 把 牛 肉 风 干 腌 制 保 存 ， 把 生 皮 送 到 镇 上 加 工 成 皮 革 ， 还 用 牛 奶 做 奶 酪 。 
str_i_tend_sheep_we_send_the_wool_to_the_cities_to_be_woven_into_cloth_and_make_mutton_sausage_when_we_cull_the_herds|我 养 羊 。 我 们 把 羊 毛 送 进 城 市 让 他 们 织 成 衣 物 ， 在 杀 掉 一 些 老 弱 的 羊 之 后 ， 我 们 还 会 把 羊 肉 做 成 香 肠 。 
str_i_work_at_a_loom_spinning_cloth_from_wool_wool_is_some_of_the_cheapest_cloth_you_can_buy_but_it_will_still_keep_you_warm|我 在 织 布 机 上 工 作 ， 将 羊 毛 纺 成 衣 物 。 羊 毛 衣 物 是 你 所 能 买 到 的 最 便 宜 的 衣 物 之 一 ， 但 它 一 样 能 让 你 保 暖 。 
str_i_crew_a_fishing_boat_we_salt_and_smoke_the_flesh_to_sell_it_far_inland|我 在 一 条 渔 船 上 工 作 。 我 们 腌 制 并 熏 烤 捕 到 的 鱼 ， 然 后 把 它 们 卖 到 遥 远 的 内 陆 。 
str_i_sift_salt_from_a_nearby_flat_they_need_salt_everywhere_to_preserve_meat_and_fish|我 在 附 近 的 一 片 水 边 洼 地 中 筛 盐 。 哪 里 都 需 要 盐 ， 用 来 保 存 肉 和 鱼 。 
str_i_mine_iron_from_a_vein_in_a_nearby_cliffside_they_use_it_to_make_tools_arms_and_other_goods|我 从 附 近 一 处 悬 崖 中 的 矿 脉 中 开 采 铁 矿 石 。 人 们 用 它 来 制 造 工 具 ， 武 器 ， 还 有 其 它 东 西 。 
str_i_make_pottery_which_people_use_to_store_grain_and_carry_water|我 制 作 陶 器 ， 人 们 用 它 们 来 装 小 麦 ， 运 水 。 
str_trade_explanation_tools|我 在 铁 匠 铺 干 活 ， {先 生 /夫 人 }， 做 各 种 铁 器 ， 匕 首 ， 斧 子 ， 铁 罐 ， 犁 片 ， 巨 镰 ， 铁 锤 ， 铁 砧 ， 钳 子 ， 扁 斧 ， 锯 子 ， 钉 子 ， 马 蹄 铁 ， 点 火 棒 ， 火 盆 ， 当 然 还 有 各 位 阁 下 的 武 器 和 盔 甲 。 
str_trade_explanation_oil|我 在 一 个 榨 油 作 坊 工 作 ， 用 从 乡 村 收 购 来 的 橄 榄 为 原 料 制 油 。 只 要 你 买 得 起 ， 有 的 是 用 得 上 油 的 地 方 ， 烹 饪 ， 照 明 ， 甚 至 帮 助 顺 产 。 
str_trade_explanation_linen|我 纺 织 亚 麻 布 ， 用 从 周 边 乡 村 收 购 来 的 亚 麻 作 原 料 。 它 能 做 出 轻 便 结 实 的 衣 物 来 ， {大 人 /夫 人 }， 很 适 合 做 夏 天 的 衣 服 ， 水 手 的 衣 服 ， 或 者 类 似 的 什 么 。 
str_trade_explanation_velvet|我 在 镇 上 的 一 家 大 织 布 作 坊 做 工 ， 那 里 的 织 布 作 坊 以 精 工 细 制 的 丝 绸 闻 名 。 我 们 用 翻 越 山 脉 带 来 的 丝 ， 世 界 远 角 的 染 料 ， 制 成 这 个 地 方 最 精 美 ， 最 奢 华 的 布 料 。 
str_trade_explanation_spice|我 在 商 队 旅 馆 干 活 ， 替 商 人 把 他 们 翻 山 越 岭 带 来 的 香 料 卸 下 来 。 胡 椒 粉 ， 肉 桂 ， 丁 香 油 ， 西 红 花 …… 富 人 们 以 他 们 食 物 中 香 料 的 多 少 来 标 志 他 们 的 财 富 ， 并 且 他 们 断 定 对 于 任 何 一 种 身 心 失 调 ， 总 会 有 一 种 香 料 能 够 把 它 治 好 。 
str_trade_explanation_apples|我 就 在 果 园 里 种 苹 果 。 我 们 把 它 们 风 干 储 存 ， 或 者 制 成 果 酒 或 醋 。 
str_trade_explanation_grapes|我 在 山 坡 上 的 葡 萄 园 工 作 ， 用 种 植 的 葡 萄 酿 酒 ， 上 等 酒 被 送 到 贵 族 和 富 商 的 餐 桌 上 ， 廉 价 酒 兑 水 后 给 普 通 人 解 渴 。 
str_trade_explanation_dyes|我 在 商 队 旅 馆 工 作 ， 卸 下 从 日 本 以 外 的 地 方 带 来 的 染 料 ， 深 红 的 橡 树 甲 虫 和 红 色 的 茜 草 根 ， 靛 蓝 色 的 木 蓝 属 植 物 和 菘 蓝 灌 木 ， 黄 木 犀 草 根 和 燃 料 木 。 织 布 工 用 它 给 王 国 里 显 要 贵 族 的 丝 绸 和 丝 绸 上 色 。 
str_trade_explanation_leatherwork|我 在 城 墙 外 面 的 制 革 工 场 做 工 ， 把 乡 下 送 来 的 熟 皮 鞣 制 成 优 良 而 柔 软 的 皮 革 。 这 是 个 令 人 恶 心 的 工 作 ， 我 回 家 的 时 候 身 上 发 出 尿 ， 粪 便 和 石 灰 交 织 的 恶 臭 ， 但 是 人 们 的 靴 子 ， 马 鞍 肚 带 ， 缰 绳 的 原 料 就 是 这 个 ， {先 生 /尊 敬 的 女 士 }。 
str_trade_explanation_flax|我 做 针 线 活 ， 收 获 亚 麻 籽 ， 并 使 茎 腐 烂 得 到 亚 麻 纤 维 。 这 就 是 人 们 的 精 美 亚 麻 布 料 的 来 源 ， {先 生 /尊 敬 的 女 士 }， 一 个 田 边 的 腐 化 坑 。 
str_trade_explanation_dates|我 照 看 着 一 片 椰 枣 树 林 。 我 们 用 井 水 种 植 椰 枣 ， 还 有 由 于 椰 枣 可 以 保 持 数 月 而 不 彻 底 失 水 ， 所 以 我 们 可 以 向 各 地 输 出 椰 枣 。 椰 枣 吃 起 来 不 仅 像 蜜 一 样 甜 ， 而 且 会 使 人 健 康 强 壮 。 
str_trade_explanation_olives|我 看 管 着 一 处 橄 榄 树 林 。 果 实 可 以 吃 或 者 浸 在 盐 水 中 保 存 起 来 ， 不 过 我 们 最 终 会 把 大 多 数 橄 榄 榨 成 橄 榄 油 。 
str_s14_i_hear_that_you_can_find_a_good_price_for_it_in_s15|{s14}。 我 听 说 你 能 在 {s15}把 这 东 西 卖 个 好 价 钱 。 
str_s2s_rebellion|{s2}叛 军 
str_political_suggestion|政 策 建 议 
str_instability_reg0_of_lords_are_disgruntled_reg1_are_restless|动 乱 ， {reg0}% 的 领 主 感 到 不 满 ， {reg1}% 感 到 不 安 
str_reg1shehe_is_prisoner_of_s1|{reg1?她 :他 }是 {s1}的 俘 虏 。 
str_s39_rival|{s39}( 政 敌 )
str_s41_s39_rival|{s41}， {s39}( 政 敌 )
str_love_interest|爱 情 影 响 
str_betrothed|已 婚 的 
str_other_relations_s40_|其 它 关 系 ， {s40}^
str_relation_with_liege_reg0_|和 君 主 关 系 ， {reg0}^
str_sense_of_security_military_reg1_court_position_reg3_|安 全 感 ， 军 事 上 {reg1}, 朝 中 地 位 {reg3}^
str_political_details_s47_|内 政 详 细 ， ^{s47}^
str_the_s55|{s55}
str_travellers_on_the_road|道 路 上 的 旅 行 者 
str_a_short_while_ago|刚 刚 
str_one_day_ago|一 天 之 前 
str_two_days_day_ago|两 天 以 前 
str_earlier_this_week|这 周 早 些 时 候 
str_about_a_week_ago|一 周 以 前 
str_about_two_weeks_ago|两 周 之 前 
str_several_weeks_ago|几 星 期 之 前 
str_unknown_assailants|未 知 攻 击 者 
str_swadians|斯 瓦 迪 亚 
str_vaegirs|维 吉 亚 
str_khergits|库 吉 特 
str_nords|诺 德 
str_rhodoks|罗 多 克 
str_sarranids|萨 兰 德 
str_uesugi|Nagaoka
str_date|Sendai
str_oda|Tsu
str_mori|Choshu
str_takeda|Matsudaira
str_tokugawa|德 川 氏 
str_miyoshi|Tokushima
str_amako|Ikeda
str_otomo|Hosokawa
str_nanbu|Hirosaki
str_asakura|Hikone
str_chosokabe|Tosa
str_hojo|Edo
str_mogami|Kubota
str_shimazu|Satsuma
str_ryuzoji|Saga
str_satake|Mito
str_satomi|Jozai
str_ukita|Sakai
str_ikko|Kaga
str_ito|Nobeoka
str_ashikaga|Imperial^Court
str_imagawa|Morioka
str_saito|Ogaki
str_akamatsu|Fukuoka
str_bandits|强 盗 
str_deserters|乱 军 
str_your_followers|你 的 部 下 
str_we_have_heard_that_travellers_heading_to_s40_were_attacked_on_the_road_s46_by_s39|我 们 已 经 得 知 前 往 {s40}的 旅 行 者 在 途 经 {s46}的 路 上 被 {s39}袭 击 了 
str_we_have_heard_that_travellers_coming_from_s40_were_attacked_on_the_road_s46_by_s39|我 们 已 经 得 知 来 自 {s40}的 旅 行 者 在 途 经 {s46}的 路 上 被 {s39}袭 击 了 
str_travellers_coming_from_s40_traded_here_s46|来 自 {s40}的 旅 行 者 在 {s46}这 儿 做 生 意 
str_it_is_still_early_in_the_caravan_season_so_we_have_seen_little_tradings42|现 在 还 不 是 商 旅 繁 忙 的 时 节 ， 所 以 我 们 看 到 的 生 意 还 很 少 。 {s42}
str_there_has_been_very_little_trading_activity_here_recentlys42|此 地 的 商 贸 现 在 完 全 不 值 一 提 。 {s42}
str_there_has_some_trading_activity_here_recently_but_not_enoughs42|此 地 的 商 贸 现 在 略 有 起 色 ， 但 还 不 够 。 {s42}
str_there_has_some_trading_activity_here_recently_but_the_roads_are_dangerouss42|此 地 的 商 贸 现 在 略 有 起 色 ， 但 道 路 不 靖 。 {s42}
str_the_roads_around_here_are_very_dangerouss42|此 地 附 近 的 道 路 非 常 危 险 。 {s42}
str_we_have_received_many_traders_in_town_here_although_there_is_some_danger_on_the_roadss42|镇 子 里 现 在 已 经 来 了 很 多 商 人 ， 虽 然 道 路 上 还 有 一 些 危 险 。 {s42}
str_we_have_received_many_traders_in_town_heres42|镇 子 里 现 在 已 经 来 了 很 多 商 人 。 {s42}
str_there_is_little_news_about_the_caravan_routes_to_the_towns_of_s44_and_nearby_parts_but_no_news_is_good_news_and_those_are_therefore_considered_safe|目 前 没 有 那 些 往 返 于 {s44}的 城 镇 还 有 周 边 地 区 的 商 队 的 消 息 。 但 没 有 消 息 就 是 好 消 息 ， 所 以 那 些 商 队 可 以 被 视 作 是 安 全 的 。 
str_s47_also_the_roads_to_the_villages_of_s44_and_other_outlying_hamlets_are_considered_safe|{s47}同 样 ， 那 些 通 往 {s44}的 村 子 和 周 围 其 他 村 子 的 道 路 被 认 为 是 安 全 的 。 
str_however_the_roads_to_the_villages_of_s44_and_other_outlying_hamlets_are_considered_safe|不 过 ， 那 些 通 往 {s44}的 村 子 和 周 围 其 他 村 子 的 道 路 被 认 为 是 安 全 的 。 
str_we_have_shortages_of|我 们 缺 少 
str_we_have_adequate_stores_of_all_commodities|我 们 所 有 的 货 物 都 有 足 够 的 库 存 
str_s33_and_some_other_commodities|{s33}和 一 些 其 它 货 物 
str_the_roads_are_full_of_brigands_friend_but_that_name_in_particular_does_not_sound_familiar_good_hunting_to_you_nonetheless|虽 说 这 些 道 路 上 盗 贼 遍 地 ， 朋 友 ， 但 那 伙 家 伙 的 名 号 却 从 没 听 说 过 。 尽 管 如 此 ， 还 是 祝 你 马 到 成 功 。 
str_less_than_an_hour_ago|不 到 一 小 时 之 前 
str_maybe_reg3_hours_ago|也 许 {reg3}小 时 之 前 
str_reg3_days_ago|{reg3}天 之 前 
str_youre_in_luck_we_sighted_those_bastards_s16_near_s17_hurry_and_you_might_be_able_to_pick_up_their_trail_while_its_still_hot|你 运 气 不 错 。 我 们 在 靠 近 {s17}的 {s16}发 现 了 那 些 杂 碎 。 快 点 ， 没 准 你 还 能 逮 他 们 个 正 着 。 
str_you_speak_of_claims_to_the_throne_good_there_is_nothing_id_rather_do_than_fight_for_a_good_cause|你 声 称 王 位 应 属 于 你 。 不 错 。 师 出 有 名 是 再 好 不 过 了 。 
str_you_speak_of_claims_to_the_throne_well_there_is_nothing_id_rather_do_than_fight_for_a_good_cause_but_the_claim_you_make_seems_somewhat_weak|你 声 称 王 位 应 属 于 你 。 不 错 。 师 出 有 名 是 再 好 不 过 了 ， 不 过 你 的 主 张 看 上 去 是 那 么 的 虚 弱 无 力 。 
str_i_am_pleased_that_you_speak_of_upholding_my_ancient_rights_which_are_sometimes_trod_upon_in_these_sorry_days|我 很 高 兴 你 能 支 持 我 古 老 的 权 利 ， 它 们 在 过 往 的 悲 惨 岁 月 里 曾 被 无 情 践 踏 。 
str_i_am_pleased_that_you_speak_of_upholding_my_ancient_rights_but_sometimes_men_make_pledges_before_they_are_king_which_they_cannot_keep_once_they_take_the_throne|我 很 高 兴 你 能 支 持 我 古 老 的 权 利 。 不 过 很 多 时 候 ， 人 一 旦 登 上 宝 座 ， 就 会 背 弃 先 前 的 种 种 许 诺 。 
str_you_speak_of_protecting_the_commons_well_i_supposed_thats_good_but_sometimes_the_commons_overstep_their_boundaries_im_more_concerned_that_your_claim_be_legal_so_i_can_swing_my_sword_with_a_good_conscience|你 说 你 要 保 护 平 民 。 好 吧 ， 我 认 为 这 没 有 错 ， 但 是 那 些 平 民 有 时 候 自 己 逾 越 了 界 线 。 我 更 关 心 你 的 主 张 是 否 合 法 ， 只 有 那 样 我 才 能 凭 着 良 心 挥 剑 奋 战 。 
str_you_speak_of_giving_me_land_good_i_ask_for_no_more_than_my_due|你 说 要 给 我 土 地 。 很 好 。 我 只 要 我 应 得 的 那 一 份 。 
str_you_speak_of_giving_me_land_unfortunately_you_are_not_wellknown_for_rewarding_those_to_whom_you_have_made_such_offers|你 说 要 给 我 土 地 。 不 幸 的 是 ， 对 于 那 些 你 曾 经 如 此 许 诺 的 人 ， 你 好 像 并 不 乐 于 将 其 兑 现 。 
str_you_speak_of_unifying_calradia_well_i_believe_that_well_always_be_fighting__its_important_that_we_fight_for_a_rightful_cause|你 声 称 要 统 一 日 本 。 好 吧 ， 我 相 信 那 需 要 我 们 不 断 地 奋 战 ， 再 没 有 比 师 出 有 名 更 重 要 的 了 。 
str_you_talk_of_claims_to_the_throne_but_i_leave_bickering_about_legalities_to_the_lawyers_and_clerks|你 声 称 王 位 应 属 于 你 ， 不 过 我 向 来 把 这 类 关 于 法 理 的 争 辩 丢 给 那 些 讼 师 书 吏 处 理 。 
str_you_speak_of_ruling_justly_hah_ill_believe_theres_such_a_thing_as_a_just_king_when_i_see_one|你 说 你 将 会 公 正 地 进 行 统 治 。 哈 ！ 在 亲 眼 目 睹 之 前 ， 我 不 会 相 信 世 上 还 有 公 正 的 国 王 这 种 东 西 。 
str_you_spoke_of_protecting_the_rights_of_the_nobles_if_you_did_youd_be_the_first_king_to_do_so_in_a_very_long_time|你 曾 说 要 保 护 贵 族 的 权 利 。 如 果 你 真 这 么 做 了 ， 你 将 会 是 长 久 以 来 第 一 个 如 此 做 的 国 王 。 
str_you_speak_of_giving_me_land_ay_well_lets_see_if_you_deliver|你 说 要 给 我 土 地 。 这 我 赞 成 ， 好 吧 ， 让 我 们 来 看 看 你 会 不 会 信 守 承 诺 。 
str_you_speak_of_giving_me_land_bah_youre_not_known_for_delivering_on_your_pledges|你 说 要 给 我 土 地 。 省 省 吧 。 你 可 不 像 是 信 守 承 诺 的 人 。 
str_you_speak_of_unifying_calradia_well_youve_done_a_good_job_at_making_calradia_bend_its_knee_to_you_so_maybe_thats_not_just_talk|你 声 称 要 统 一 日 本 。 好 吧 ， 你 的 统 一 大 业 看 上 去 进 展 不 错 ， 所 以 那 可 能 不 止 是 说 说 而 已 。 
str_you_speak_of_unifying_calradia_id_be_impressed_if_i_thought_you_could_do_it_but_unfortunately_you_dont|你 声 称 要 统 一 日 本 。 如 果 我 认 为 你 可 以 做 到 的 话 ， 我 会 对 此 印 象 深 刻 。 但 不 幸 的 是 ， 我 认 为 你 做 不 到 。 
str_you_speak_of_claims_to_the_throne_well_any_peasant_can_claim_to_be_a_kings_bastard|你 声 称 王 位 应 属 于 你 。 好 吧 ， 任 何 一 个 农 民 都 可 以 宣 称 他 是 一 个 国 王 的 私 生 子 。 
str_well_its_a_fine_thing_to_court_the_commons_with_promises_but_what_do_you_have_to_offer_me|好 吧 ， 用 许 诺 来 讨 好 平 民 是 不 错 ， 但 是 你 能 给 我 什 么 ？ 
str_you_speak_of_protecting_the_rights_of_lords_that_would_make_a_fine_change_if_my_rights_as_lord_would_be_respected|你 说 你 将 会 保 护 领 主 的 权 利 。 这 会 是 一 个 很 好 的 变 化 ， 如 果 我 作 为 领 主 的 权 利 能 够 得 到 尊 重 的 话 。 
str_you_speak_of_protecting_the_rights_of_lords_that_would_make_a_fine_change_if_my_rights_as_lord_would_be_respected_however_it_is_easy_for_you_to_make_promises_while_you_are_weak_that_you_have_no_intention_of_keeping_when_you_are_strong|你 说 你 将 会 保 护 领 主 的 权 利 。 这 会 是 一 个 很 好 的 变 化 ， 如 果 我 作 为 领 主 的 权 利 能 够 得 到 尊 重 的 话 。 不 过 ， 在 弱 小 时 许 下 等 强 大 之 后 根 本 不 打 算 兑 现 的 承 诺 是 很 简 单 的 。 
str_you_speak_of_giving_me_land_well_my_family_is_of_ancient_and_noble_lineage_so_you_promise_me_no_more_than_my_due_still_your_gesture_is_appreciated|你 说 要 给 我 土 地 。 好 吧 ， 我 的 家 族 有 着 古 老 而 高 贵 的 血 统 ， 你 的 承 诺 无 法 给 予 我 更 多 的 东 西 。 不 过 ， 还 是 谢 谢 你 的 好 意 。 
str_you_speak_of_giving_me_land_well_you_make_that_pledge_but_i_am_not_impressed|你 说 要 给 我 土 地 。 好 吧 ， 你 愿 意 许 愿 就 许 好 了 ， 但 这 对 我 毫 无 影 响 。 
str_you_speak_of_unifying_calradia_well_much_of_this_land_now_bends_its_knee_to_you_so_perhaps_that_is_not_just_talk|你 声 称 要 统 一 日 本 。 好 吧 ， 看 上 去 大 半 个 日 本 都 已 臣 服 于 你 ， 所 以 那 可 能 不 止 是 说 说 而 已 。 
str_you_speak_of_unifying_calradia_but_right_now_yours_is_just_one_squabbling_faction_among_many|你 声 称 要 统 一 日 本 ， 但 目 前 为 止 ， 你 的 国 家 还 只 是 割 据 一 方 罢 了 。 
str_you_speak_of_claims_well_no_offense_but_a_claim_unsupported_by_might_rarely_prospers|你 声 称 王 位 应 属 于 你 。 好 吧 ， 我 无 意 冒 犯 ， 但 一 个 没 有 实 力 支 撑 的 主 张 通 常 是 很 难 实 现 的 。 
str_you_speak_of_protecting_the_commons_well_i_suppose_that_will_make_for_a_more_prosperous_realm_ive_always_tried_to_treat_my_peasants_decently_saves_going_to_bed_worrying_about_whether_youll_wake_up_with_the_roof_on_fire|你 说 你 要 保 护 平 民 。 很 好 ， 我 认 为 这 会 造 就 一 个 更 繁 荣 的 国 度 。 我 一 直 都 试 着 温 和 地 统 治 我 的 农 民 。 让 他 们 不 用 在 上 床 睡 觉 前 担 心 醒 来 的 时 候 会 不 会 看 见 屋 顶 正 在 燃 烧 。 
str_you_speak_of_protecting_the_commons_very_well_but_remember_that_peasants_are_more_likely_to_cause_trouble_if_you_make_promises_then_dont_deliver_than_if_you_never_made_the_promise_in_the_first_place|你 说 你 要 保 护 平 民 。 非 常 好 。 但 是 记 住 ， 比 起 从 不 许 诺 ， 出 尔 反 尔 会 让 农 民 们 更 容 易 闹 起 事 来 。 
str_you_speak_of_protecting_the_rights_of_lords_good_youd_be_well_advised_to_do_that__men_fight_better_for_a_king_wholl_respect_their_rights|你 说 你 将 会 保 护 领 主 的 权 利 。 这 很 好 。 这 对 你 来 说 实 在 是 很 出 色 的 建 议 ， 大 家 都 愿 意 为 一 个 尊 重 他 们 权 利 的 国 王 卖 命 。 
str_you_speak_of_protecting_the_rights_of_lords_very_well_but_remember__failing_to_keep_promises_which_you_made_while_scrambling_up_the_throne_is_the_quickest_way_to_topple_off_of_it_once_you_get_there|你 说 你 将 会 保 护 领 主 的 权 利 。 非 常 好 。 但 是 记 住 ， 登 上 王 位 之 后 就 食 言 是 自 取 灭 亡 的 最 快 办 法 。 
str_you_speak_of_giving_me_land_very_good_but_often_i_find_that_when_a_man_makes_too_many_promises_trying_to_get_to_the_top_he_has_trouble_keeping_them_once_he_reaches_it|你 说 会 封 给 我 土 地 。 多 谢 了 ， 不 过 一 个 为 了 自 己 的 前 程 而 对 别 人 许 下 过 多 美 好 承 诺 的 人 ， 在 达 到 目 的 后 总 是 难 以 将 他 的 承 诺 全 部 实 现 。 
str_you_speak_of_unifying_calradia_well_many_have_said_that_you_might_very_well_be_the_one_to_do_it|你 声 称 要 统 一 日 本 。 有 很 多 人 都 这 么 说 过 但 最 后 失 败 了 。 你 估 计 也 会 变 得 和 他 们 一 样 ， 
str_you_speak_of_unifying_calradia_well_all_the_kings_say_that_im_not_sure_that_you_will_succeed_while_they_fail|你 声 称 要 统 一 日 本 。 很 多 国 王 在 失 败 之 前 都 这 么 说 过 ， 我 不 认 为 你 和 他 们 有 所 不 同 。 
str_you_speak_of_claims_do_you_think_i_care_for_the_nattering_of_lawyers|说 起 你 的 要 求 ， 你 认 为 我 会 关 心 这 种 小 事 吗 ？ 
str_you_speak_of_protecting_the_commons_how_kind_of_you_i_shall_tell_my_swineherd_all_about_your_sweet_promises_no_doubt_he_will_become_your_most_faithful_vassal|你 说 你 要 保 护 那 些 人 民 ， 你 可 真 是 有 爱 呀 ！ 我 得 把 你 的 那 些 甜 言 蜜 语 告 诉 我 的 家 奴 ， 他 肯 定 会 死 心 塌 地 的 跟 着 你 混 的 。 
str_you_speak_of_protecing_the_rights_of_lords_such_sweet_words_but_ill_tell_you_this__the_only_rights_that_are_respected_in_this_world_are_the_rights_to_dominate_whoever_is_weaker_and_to_submit_to_whoever_is_stronger|你 想 保 护 那 些 腐 朽 贵 族 的 利 益 ， 不 错 不 错 ！ 不 过 我 告 诉 你 ， 在 这 个 弱 肉 强 食 的 世 界 上 光 有 血 统 是 没 有 任 何 意 义 的 ， 只 有 武 力 才 能 让 人 们 信 服 。 
str_you_speak_of_giving_me_land_yes_very_good__but_you_had_best_deliver|你 说 会 给 我 土 地 。 很 好 ， 不 过 你 最 好 别 食 言 。 
str_you_speak_of_giving_me_land_hah_perhaps_all_those_others_to_whom_you_promised_lands_will_simply_step_aside|你 说 会 给 我 土 地 。 呵 呵 ！ 那 么 其 他 那 些 被 你 承 诺 会 给 土 地 的 人 难 道 就 会 退 让 吗 ？ 
str_you_speak_of_unifying_calradia_you_may_indeed_humble_the_other_kings_of_this_land_and_in_that_case_i_would_hope_that_you_would_remember_me_as_your_faithful_servant|你 声 称 要 统 一 日 本 。 的 确 这 样 你 就 会 位 居 人 上 了 ， 不 过 我 希 望 你 能 一 直 记 得 身 为 你 忠 实 仆 人 的 我 。 
str_you_speak_of_unifying_calradia_but_you_are_weak_and_i_think_that_you_will_remain_weak|你 声 称 要 统 一 日 本 。 不 过 你 太 弱 小 了 ， 我 不 认 为 你 有 机 会 壮 大 。 
str_you_speak_of_claims_its_good_for_a_king_to_have_a_strong_claim_although_admittedly_im_more_concerned_that_he_rules_just_ly_than_with_legalities_anyway_your_claim_seems_wellfounded_to_me|说 起 你 的 王 位 主 张 ， 虽 然 老 实 说 我 认 为 应 该 依 靠 法 律 而 不 是 义 务 来 治 国 ， 不 过 有 一 个 牢 靠 的 王 位 主 张 是 好 事 。 总 之 ， 依 我 看 来 你 的 王 位 主 张 是 有 根 据 的 。 
str_you_speak_of_claims_but_your_claim_seems_a_bit_weak_to_me|说 起 你 的 王 位 主 张 ， 依 我 看 来 你 的 王 位 主 张 太 弱 了 。 
str_you_speak_of_protecting_the_commons_i_like_that_my_tenants_are_a_happy_lot_i_think_but_i_hear_of_others_in_other_estates_that_arent_so_fortunate|你 说 要 保 护 平 民 的 利 益 ， 我 对 此 赞 同 。 我 的 仆 人 们 会 很 高 兴 的 。 不 过 我 听 说 其 他 人 家 的 仆 人 就 没 那 么 幸 运 了 。 
str_you_speak_of_protecting_the_commons_im_glad_to_hear_you_say_that_but_do_me_a_favor__dont_promise_the_commons_anything_you_cant_deliver_thats_a_sure_way_to_get_them_to_rebel_and_it_breaks_my_heart_to_have_to_put_them_down|你 说 你 要 保 护 平 民 的 利 益 。 我 赞 同 你 的 主 意 ， 不 过 答 应 我 ， 千 万 别 对 那 些 平 民 们 承 诺 你 无 法 提 供 的 东 西 ， 那 肯 定 会 让 他 们 造 反 的 ， 然 后 我 还 得 废 好 大 功 夫 去 镇 压 他 们 。 
str_you_speak_of_protecting_the_rights_of_lords_well_very_good_i_suppose_but_you_know__we_lords_can_take_of_ourselves_its_the_common_folk_who_need_a_strong_king_to_look_out_for_them_to_my_mind|你 说 要 保 护 贵 族 的 利 益 。 不 错 ， 不 过 你 知 道 我 们 贵 族 们 有 能 力 照 看 好 自 己 。 那 些 平 民 才 需 要 一 个 强 有 力 的 国 王 去 照 顾 他 们 。 
str_you_speak_of_giving_me_land_its_kind_of_you_really_though_that_is_not_necessary|你 说 要 封 给 我 土 地 ， 太 好 了 ， 虽 然 我 倒 是 不 太 需 要 它 。 
str_you_speak_of_unifying_calradia_well_maybe_you_can_unite_this_land_by_the_sword_but_im_not_sure_that_this_will_make_you_a_good_ruler|你 声 称 要 统 一 日 本 。 或 许 你 能 用 剑 统 一 这 片 大 陆 ， 不 过 我 不 认 为 这 会 使 你 成 为 一 位 好 国 王 。 
str_you_speak_of_claims_a_king_must_have_a_strong_legal_claim_for_there_not_to_be_chaos_in_the_realm_and_yours_is_wellestablished|说 起 你 的 王 位 主 张 ， 一 位 国 王 必 须 有 强 力 的 合 法 王 位 主 张 来 统 治 他 的 王 国 。 你 的 王 位 主 张 则 是 被 大 家 认 同 的 。 
str_you_speak_of_claims_a_king_must_have_a_strong_legal_claim_for_there_not_to_be_chaos_in_the_realm_but_your_claim_is_not_so_strong|说 起 你 的 王 位 主 张 ， 一 位 国 王 必 须 有 强 力 的 合 法 王 位 主 张 来 统 治 他 的 王 国 。 但 你 的 王 位 主 张 还 不 够 强 。 
str_you_speak_of_protecting_the_rights_of_lords_it_is_of_course_important_that_a_king_respect_the_rights_of_his_vassals_although_i_worry_that_a_king_who_took_a_throne_without_proper_cause_would_not_rule_with_justice|你 说 要 保 护 贵 族 的 利 益 ， 的 确 对 一 位 国 王 来 说 保 护 封 臣 是 很 重 要 的 责 任 ， 不 过 我 担 心 一 位 通 过 不 法 手 段 获 取 王 位 的 人 能 否 对 封 臣 们 保 持 公 平 。 
str_you_speak_of_protecting_the_rights_of_lords_it_is_of_course_important_that_a_king_respect_the_rights_of_his_vassals_however_i_would_like_to_know_that_you_would_indeed_deliver_on_your_promises|你 说 要 保 护 贵 族 的 利 益 ， 的 确 对 一 位 国 王 来 说 保 护 封 臣 是 很 重 要 的 责 任 ， 不 过 我 希 望 你 会 遵 守 你 的 诺 言 。 
str_you_speak_of_protecting_the_commons_i_would_be_pleased_to_serve_a_king_who_respected_the_rights_of_his_subjects_although_i_worry_that_a_king_who_took_a_throne_without_proper_cause_would_not_rule_with_justice|你 说 要 保 护 平 民 的 利 益 ， 我 很 乐 意 为 一 位 能 保 护 他 的 人 民 的 国 王 效 劳 ， 不 过 我 担 心 一 位 通 过 不 法 手 段 获 取 王 位 的 人 能 否 对 平 民 们 保 持 公 平 。 
str_you_speak_of_protecting_the_commons_i_would_be_pleased_to_serve_a_king_who_respected_the_rights_of_his_subjects_however_i_would_like_to_know_that_you_would_indeed_deliver_on_your_promises|你 说 要 保 护 平 民 的 利 益 ， 我 很 乐 意 为 一 位 能 保 护 他 的 人 民 的 国 王 效 劳 ， 不 过 我 希 望 你 会 遵 守 你 的 诺 言 。 
str_i_am_not_swayed_by_promises_of_reward|我 才 不 会 因 为 虚 无 的 诺 言 而 动 摇 。 
str_you_speak_of_unifying_calradia_it_would_be_good_to_bring_peace_to_the_realm_and_i_believe_that_you_are_strong_enough_to_do_so|你 声 称 要 统 一 日 本 。 为 大 家 带 来 和 平 是 好 事 ， 我 坚 信 你 有 这 个 能 力 。 
str_you_speak_of_unifying_calradia_it_would_be_good_to_bring_peace_the_realm_but_with_your_kingdom_in_its_current_state_i_worry_that_you_are_just_bringing_more_discord|你 声 称 要 统 一 日 本 。 为 大 家 带 来 和 平 是 好 事 ， 但 是 以 你 的 国 家 现 在 的 状 况 我 不 认 为 你 能 完 成 它 。 
str_my_s11_s15|我 的 {s11}{s15}
str_my_s11_s18|我 的 {s11}{s18}
str_the_socalled_s11_s18|所 谓 的 {s11}{s18}
str_s18_would_cheat_me_of_my_inheritance_by_heaven_i_know_my_rights_and_im_not_going_to_back_down|{s18}想 要 骗 取 我 的 继 承 权 。 感 谢 上 帝 ， 我 了 解 我 的 权 利 ， 并 且 我 不 会 放 弃 。 
str_s18_once_questioned_my_honour_and_my_bravery_i_long_for_the_day_when_i_can_meet_him_in_battle_and_make_him_retract_his_statement|{s18}曾 质 疑 我 的 勇 气 与 荣 誉 ， 为 了 在 战 场 上 和 他 交 手 我 已 经 等 了 很 久 了 ， 我 会 让 他 后 悔 的 。 
str_s18_once_questioned_my_judgment_in_battle_by_heaven_would_he_have_us_shirk_our_duty_to_smite_our_sovereigns_foes|{s18}曾 质 疑 我 在 一 场 战 斗 中 的 判 断 ， 老 天 呀 ， 难 道 他 要 我 为 了 击 败 敌 人 而 逃 避 自 己 的 责 任 吗 ？ 
str_s18_seems_to_think_he_has_the_right_to_some_of_my_property_well_he_does_not|{s18}认 为 他 对 我 的 一 些 财 产 有 着 所 有 权 ， 哼 ， 没 门 儿 ！ 
str_s18_once_took_something_i_said_amiss_stubborn_bastard_wont_give_it_up_and_keeps_trying_to_get_me_to_recant_my_words|{s18}曾 经 抓 住 我 的 一 个 口 误 不 放 ， 总 是 要 我 公 开 承 认 错 误 。 
str_s18_is_a_crafty_weasel_and_i_dont_trust_him_one_bit|{s18}是 个 只 会 推 卸 责 任 的 狡 猾 家 伙 ， 我 一 点 儿 都 不 信 任 他 。 
str_s18_i_despite_him_he_puts_on_such_a_nauseating_display_of_virtue_and_thinks_nothing_of_insulting_his_betters|{s18}？ 我 很 鄙 视 他 。 他 总 是 不 顾 场 合 地 把 自 己 夸 大 ， 丝 毫 不 为 他 的 长 辈 着 想 。 
str_s18_entered_into_a_little_deal_with_me_and_is_now_trying_to_wriggle_out_of_it|{s18}曾 和 我 达 成 了 一 个 小 小 的 协 定 ， 不 过 他 现 在 正 想 方 设 法 地 回 避 它 。 
str_s18_once_ran_an_errand_for_me_and_now_thinks_i_owe_him_something_i_owe_his_ilk_nothing|{s18}曾 经 帮 我 办 过 事 ， 现 在 他 觉 得 我 是 欠 他 的 。 我 才 不 欠 他 什 么 呢 。 
str_s18_is_soft_and_weak_and_not_fit_to_govern_a_fief_and_i_have_always_detested_him|{s18}过 于 软 弱 ， 因 此 不 适 合 管 理 封 地 。 所 以 我 讨 厌 他 。 
str_s18_is_a_quarrelsome_oaf_and_a_liability_in_my_opinion_and_ive_let_him_know_as_much|{s18}是 个 只 会 吵 架 的 笨 蛋 而 且 总 是 拖 别 人 后 腿 。 我 认 为 应 该 离 他 越 远 越 好 。 
str_s18_i_am_sorry_to_say_is_far_too_softhearted_a_man_to_be_given_any_kind_of_responsibility_his_chivalry_will_allow_the_enemy_to_flee_to_fight_another_day_and_will_cost_the_lives_of_my_own_faithful_men|{s18}呀 ， 很 不 幸 我 认 为 他 太 妇 人 之 仁 了 。 他 的 骑 士 精 神 总 是 让 他 的 对 手 能 安 然 逃 脱 ， 然 后 又 回 来 取 我 手 下 的 性 命 。 
str_s18_seems_to_have_something_against_me_for_some_reason_i_dont_like_to_talk_ill_of_people_but_i_think_hes_can_be_a_bit_of_a_cad_sometimes|{s18}看 起 来 因 为 某 些 原 因 不 喜 欢 我 。 我 不 想 谈 论 他 ， 但 我 还 是 要 说 我 认 为 有 时 候 他 有 些 卑 鄙 。 
str_s18_has_always_treated_me_contemptuously_although_i_have_done_him_no_wrong|{s18}对 我 总 是 很 傲 慢 ， 不 过 我 可 没 招 惹 过 他 。 
str_s18_is_thoroughly_dishonorable_and_a_compulsive_spinner_of_intrigues_which_i_fear_will_drag_us_into_wars_or_incite_rebellions|{s18}被 公 认 为 没 有 什 么 名 誉 可 言 ， 他 是 一 个 阴 谋 制 造 者 ， 我 担 心 他 会 把 我 们 卷 入 战 争 或 者 煽 动 我 们 叛 乱 。 
str_s18_disappoints_me_i_once_scolded_for_his_rashness_in_battle_and_he_took_offense_i_do_not_care_to_apologize_for_my_efforts_to_save_his_life_and_the_lives_of_his_men|{s18}很 让 我 失 望 。 我 在 一 次 战 斗 中 劝 他 小 心 行 事 而 他 依 然 贸 然 进 攻 。 我 不 认 为 我 需 要 为 了 提 出 能 救 他 一 命 的 提 议 而 道 歉 ， 虽 然 他 还 活 的 好 好 的 。 
str_s18_squanders_money_and_carouses_in_a_way_most_unbefitting_a_noble_by_doing_so_he_disgraces_us_all|{s18}是 个 花 钱 如 流 水 的 家 伙 ， 而 且 总 是 以 不 合 贵 族 身 份 的 方 式 狂 欢 。 他 让 我 们 都 因 此 丢 脸 。 
str_s18_has_been_speaking_ill_of_me_behind_my_back_or_so_they_say|{s18}总 是 在 我 背 后 说 我 的 坏 话 。 
str_s18_is_a_disgrace_reg3shehe_consorts_with_merchants_lends_money_at_interest_uses_coarse_language_and_shows_no_attempt_to_uphold_the_dignity_of_the_honor_bestowed_upon_reg3herhim|{s18}是 贵 族 的 耻 辱 ， {reg3?她 :他 }总 是 和 商 人 们 混 在 一 起 ， 向 别 人 放 高 利 贷 ， 说 着 只 有 下 贱 的 人 才 会 使 用 的 语 言 ， 而 却 丝 毫 不 去 考 虑 如 何 维 护 自 己 的 荣 誉 。 
str_s18_has_condemned_me_for_engaging_in_commerce_what_could_possibly_be_wrong_with_that|{s18}认 为 我 的 贸 易 行 为 有 罪 ， 这 可 真 是 无 稽 之 谈 。 
str_s18_i_have_heard_has_been_encouraging_seditious_ideas_among_the_peasantry__a_foolish_move_which_endangers_us_all|{s18}， 我 听 说 这 家 伙 曾 在 农 民 中 散 播 煽 动 性 的 思 想 ， 这 个 笨 蛋 迟 早 会 把 我 们 都 害 惨 的 。 
str_s18_has_called_me_out_for_the_way_i_deal_with_my_tenants_well_so_be_it_if_i_teach_them_that_they_are_the_equal_of_anyone_with_socalled_gentle_blood_what_is_it_to_reg3herhim|{s18}曾 和 我 谈 过 我 对 佃 户 的 政 策 。 哼 ， 如 果 按 他 说 的 我 去 教 育 我 的 佃 户 人 人 无 论 血 统 都 是 平 等 自 由 的 ， 那 {reg3?她 :他 }自 己 又 处 于 何 地 呢 ？ 
str_a_most_gallant_gentleman_who_knows_how_to_treat_a_lady|一 位 知 道 如 何 应 对 女 性 的 殷 勤 的 绅 士 
str_a_base_cad|一 个 下 流 无 赖 
str_a_man_who_treats_me_as_his_equal_which_is_rare|一 个 很 少 见 的 不 以 地 位 待 人 的 人 
str_appears_to_value_me_with_his_estate_and_his_horse_as_prizes_worth_having|似 乎 会 用 他 的 地 产 和 马 匹 来 作 为 对 我 的 奖 赏 
str_a_bit_dull_but_what_can_you_expect|有 点 儿 迟 钝 ， 不 过 也 没 有 更 好 的 了 ……
str_the_man_whom_destiny_intends_for_me|一 个 命 运 掌 握 在 我 手 里 的 人 
str_is_not_right_for_me__i_cannot_say_why_but_he_makes_my_skin_crawl|我 和 他 合 不 来 ， 不 知 道 为 什 么 他 总 是 让 我 起 鸡 皮 疙 瘩 
str_is_a_man_who_clearly_intends_to_make_his_mark_in_the_world|是 一 个 渴 望 在 世 界 上 留 下 自 己 的 踪 迹 的 人 
str_is_a_layabout_a_naif_prey_for_others_who_are_cleverer_than_he|是 一 个 过 于 天 真 的 人 ， 总 是 为 比 他 聪 明 的 人 祈 祷 
str_is_a_man_of_stalwart_character|是 一 个 性 格 坚 定 的 人 
str_appears_to_be_a_man_of_low_morals|是 一 个 下 流 的 家 伙 
str_appears_to_be_a_man_who_lacks_selfdiscipline|是 一 个 缺 乏 自 制 能 力 的 人 
str_bandits_attacked_a_party_on_the_roads_so_a_bounty_is_probably_available|强 盗 攻 击 了 旅 人 ， 估 计 在 悬 赏 他 们 了 
str_total_additions_reg4|合 计 增 加 ， {reg4}
str_total_subtractions_reg4|合 计 减 少 ， {reg4}
str_s11_relocates_to_s10|{s11}转 移 到 {s10}。 
str__i_must_attend_to_this_matter_before_i_worry_about_the_affairs_of_the_realm|在 我 有 空 担 心 其 他 事 情 前 我 得 先 把 这 件 事 解 决 了 。 
str_the_other_matter_took_precedence|其 他 事 务 优 先 。 
str_i_cannot_leave_this_fortress_now_as_it_is_under_siege|我 不 能 在 这 座 城 堡 被 围 攻 的 时 候 离 开 。 
str_after_all_we_are_under_siege|最 终 ， 我 们 在 被 围 攻 。 
str_we_are_not_strong_enough_to_face_the_enemy_out_in_the_open|和 敌 人 光 明 正 大 地 打 的 话 我 们 实 力 不 够 。 
str_i_should_probably_seek_shelter_behind_some_stout_walls|我 应 该 找 面 厚 实 的 城 墙 做 掩 体 。 
str_enemies_are_reported_to_be_nearby_and_we_should_stand_ready_to_either_man_the_walls_or_sortie_out_to_do_battle|敌 人 已 经 临 近 了 ， 我 们 得 决 定 是 坚 守 还 是 突 围 。 
str_the_enemy_is_nearby|敌 人 在 附 近 。 
str_as_the_marshall_i_am_assembling_the_army_of_the_realm|身 为 元 帅 ， 我 正 在 召 集 我 们 王 国 的 军 队 。 
str_as_the_marshall_i_am_assembling_the_army_of_the_realm_and_travel_to_lands_near_s10_to_inform_more_vassals|身 为 元 帅 ， 我 正 在 召 集 我 们 王 国 的 军 队 。 我 们 将 赶 往 {s10}地 区 以 通 知 更 多 的 领 主 们 加 入 。 
str_i_intend_to_assemble_the_army_of_the_realm|我 计 划 召 集 王 国 的 军 队 。 
str_as_the_marshall_i_am_leading_the_siege|身 为 元 帅 ， 我 正 率 领 部 队 进 行 围 攻 。 
str_i_intend_to_begin_the_siege|我 打 算 开 始 攻 城 。 
str_as_the_marshall_i_am_leading_our_raid|身 为 元 帅 ， 我 正 率 领 部 队 进 行 劫 掠 。 
str_i_intend_to_start_our_raid|我 打 算 开 始 劫 掠 。 
str_as_the_marshall_i_am_leading_our_forces_in_search_of_the_enemy|身 为 元 帅 ， 我 正 率 领 我 们 的 部 队 搜 索 敌 军 。 
str_i_intend_to_lead_our_forces_out_to_find_the_enemy|我 计 划 率 领 我 们 的 部 队 去 搜 索 敌 军 。 
str_as_the_marshall_i_am_leading_our_forces_to_engage_the_enemy_in_battle|身 为 元 帅 ， 我 正 率 领 我 们 的 部 队 去 与 敌 人 交 战 。 
str_i_intend_to_lead_our_forces_out_to_engage_the_enemy|我 计 划 率 领 我 们 的 部 队 迎 击 敌 军 。 
str_i_dont_have_enough_troops_and_i_need_to_get_some_more|我 的 兵 马 不 够 ， 我 需 要 召 集 更 多 的 人 手 。 
str_i_am_running_low_on_troops|我 正 在 减 员 。 
str_we_are_following_your_direction|我 们 会 听 从 你 的 指 示 的 。 
str_i_need_to_make_preparations_for_your_wedding|我 得 为 你 的 婚 礼 做 准 备 。 
str_after_all_i_need_to_make_preparations_for_your_wedding|总 之 ， 我 得 为 你 的 婚 礼 做 准 备 。 
str_i_am_heading_to_the_site_of_our_wedding|我 现 在 前 往 我 们 的 婚 礼 地 点 。 
str_after_all_we_are_soon_to_be_wed|总 之 ， 我 们 很 快 就 要 结 婚 了 ！ 
str_i_am_hosting_a_feast_there|我 正 在 那 里 举 办 茶 会 。 
str_i_have_a_feast_to_host|我 有 一 场 茶 会 要 举 办 。 
str_i_am_to_be_the_bridegroom_there|我 就 是 新 郎 。 
str_my_wedding_day_draws_near|我 的 婚 期 临 近 了 。 
str_i_have_too_much_loot_and_too_many_prisoners_and_need_to_secure_them|我 带 着 太 多 的 战 利 品 和 俘 虏 ， 我 得 好 好 看 着 他 们 。 
str_i_should_think_of_dropping_off_some_of_my_prisoners|看 来 我 得 丢 下 一 些 俘 虏 了 。 
str_i_need_to_reinforce_it_as_it_is_poorly_garrisoned|它 防 守 薄 弱 ， 我 得 增 援 它 。 
str_there_is_a_hole_in_our_defenses|这 儿 是 我 们 防 线 上 的 一 个 漏 洞 。 
str_i_am_following_the_marshals_orders|我 将 遵 从 元 帅 的 命 令 。 
str_the_marshal_has_given_me_this_command|元 帅 已 经 向 我 下 达 了 这 项 命 令 。 
str_i_am_answering_the_marshals_summons|我 正 在 回 应 元 帅 的 召 集 。 
str_our_realm_needs_my_support_there_is_enemy_raiding_one_of_our_villages_which_is_not_to_far_from_here_i_am_going_there|我 们 的 王 国 需 要 我 的 支 援 。 敌 人 正 在 劫 掠 我 们 离 此 不 远 处 的 一 个 村 庄 。 我 将 赶 赴 那 里 。 
str_the_marshal_has_issued_a_summons|元 帅 发 布 了 召 集 令 。 
str_comradeinarms|战 友 。 
str_i_am_supporting_my_s11_s10|我 支 持 我 的 {s11}{s10}。 
str_i_believe_that_one_of_my_comrades_is_in_need|我 认 为 我 的 一 个 同 伴 处 境 危 险 。 
str_a_fortress_is_vulnerable|一 座 要 塞 容 易 遭 到 攻 击 。 
str_i_believe_that_the_enemy_may_be_vulnerable|我 认 为 敌 军 现 在 很 虚 弱 。 
str_i_need_to_inspect_my_properties_and_collect_my_dues|我 要 去 我 的 治 下 征 税 收 租 。 
str_it_has_been_too_long_since_i_have_inspected_my_estates|我 好 久 没 有 巡 视 我 的 封 的 了 。 
str_my_men_are_weary_so_we_are_returning_home|我 的 部 下 都 疲 倦 了 ， 我 们 要 回 家 了 。 
str_my_men_are_becoming_weary|我 的 部 下 开 始 疲 倦 。 
str_i_have_a_score_to_settle_with_the_lord_there|我 有 些 事 情 得 和 这 儿 的 领 主 解 决 。 
str_i_am_thinking_of_settling_an_old_score|我 在 考 虑 解 决 一 笔 旧 账 。 
str_i_am_short_of_money_and_i_hear_that_there_is_much_wealth_there|我 有 点 儿 缺 钱 ， 听 说 那 儿 挺 富 有 的 。 
str_i_need_to_refill_my_purse_preferably_with_the_enemys_money|我 得 弄 些 儿 钱 ， 最 好 是 从 敌 人 那 儿 弄 来 。 
str_by_striking_at_the_enemys_richest_lands_perhaps_i_can_draw_them_out_to_battle|突 袭 敌 人 最 富 裕 的 地 方 ， 也 许 可 以 把 他 们 拖 入 战 争 ！ 
str_i_am_thinking_of_going_on_the_attack|我 计 划 执 行 攻 击 。 
str_perhaps_if_i_strike_one_more_blow_we_may_end_this_war_on_our_terms_|也 许 ， 如 果 我 们 再 努 力 一 次 的 话 我 们 就 能 结 束 这 场 战 争 了 。 
str_we_may_be_able_to_bring_this_war_to_a_close_with_a_few_more_blows|再 加 把 劲 或 许 我 们 就 能 结 束 这 场 战 争 了 。 
str_i_wish_to_attend_the_feast_there|我 想 参 加 那 儿 的 茶 会 。 
str_there_is_a_feast_which_i_wish_to_attend|那 儿 有 个 我 想 参 加 的 茶 会 。 
str_there_is_a_fair_lady_there_whom_i_wish_to_court|那 儿 有 个 美 女 ， 我 想 追 求 她 。 
str_i_have_the_inclination_to_pay_court_to_a_fair_lady|我 打 算 追 求 一 位 美 女 。 
str_we_have_heard_reports_that_the_enemy_is_in_the_area|我 收 到 报 告 说 敌 军 已 经 进 入 这 块 区 域 。 
str_i_have_heard_reports_of_enemy_incursions_into_our_territory|我 收 到 报 告 说 敌 军 已 经 入 侵 我 国 。 
str_i_need_to_spend_some_time_with_my_household|我 得 花 些 时 间 陪 陪 家 人 。 
str_it_has_been_a_long_time_since_i_have_been_able_to_spend_time_with_my_household|我 好 久 没 和 家 人 一 起 欢 度 快 乐 时 光 了 。 
str_i_am_watching_the_borders|我 在 看 守 边 境 。 
str_i_may_be_needed_to_watch_the_borders|或 许 会 需 要 我 警 戒 边 界 。 
str_i_will_guard_the_areas_near_my_home|我 会 保 卫 我 家 附 近 的 区 域 ……
str_i_am_perhaps_needed_most_at_home|我 也 许 应 该 待 在 家 里 。 
str_i_cant_think_of_anything_better_to_do|我 想 不 出 我 还 能 做 什 么 ……
str_i_am_completing_what_i_have_already_begun|我 会 有 始 有 终 的 。 
str_i_dont_even_have_a_home_to_which_to_return|我 是 无 家 可 归 的 人 。 
str__i_am_acting_independently_because_no_marshal_is_appointed|我 会 独 自 行 动 ， 因 为 还 没 有 任 命 元 帅 。 
str__i_am_acting_independently_because_our_marshal_is_currently_indisposed|我 会 独 自 行 动 ， 因 为 元 帅 现 在 身 体 不 适 。 
str__i_am_acting_independently_because_our_realm_is_currently_not_on_campaign|我 会 独 自 行 动 ， 因 为 我 国 现 在 并 没 有 战 役 。 
str__i_am_not_accompanying_the_marshal_because_i_fear_that_he_may_lead_us_into_disaster|我 不 会 跟 随 元 帅 ， 因 为 我 担 心 他 会 让 我 们 打 败 仗 。 
str_i_am_not_accompanying_the_marshal_because_i_question_his_judgment|我 不 会 跟 随 元 帅 ， 因 为 他 的 判 断 和 决 定 令 我 怀 疑 。 
str_i_am_not_accompanying_the_marshal_because_i_can_do_greater_deeds|我 不 会 跟 随 元 帅 ， 因 为 我 可 以 做 得 比 他 更 好 。 
str__s16_has_kept_us_on_campaign_on_far_too_long_and_there_are_other_pressing_matters_to_which_i_must_attend|{s16}已 经 让 我 们 在 这 场 战 役 上 拖 得 太 久 了 ， 并 且 还 有 别 的 紧 迫 的 事 情 必 须 要 我 去 亲 自 处 理 。 
str__i_am_not_participating_in_the_marshals_campaign_because_i_do_not_know_where_to_find_our_main_army|我 不 会 参 加 元 帅 的 战 役 ， 因 为 我 找 不 到 我 们 的 大 部 队 。 
str__i_am_acting_independently_although_some_enemies_have_been_spotted_within_our_borders_they_havent_come_in_force_and_the_local_troops_should_be_able_to_dispatch_them|我 会 独 自 行 动 。 尽 管 在 我 们 的 边 界 上 发 现 了 一 些 敌 人 ， 但 他 们 并 没 有 大 规 模 地 进 犯 ， 而 地 方 守 军 将 能 够 消 灭 他 们 。 
str__the_needs_of_the_realm_must_come_first|国 家 的 需 求 优 先 。 
str_we_are_likely_to_be_overwhelmed_by_the_s9_let_each_defend_their_own|我 们 快 被 {s9}打 败 了 ， 大 家 自 保 吧 。 
str_we_should_see_this_siege_through|我 们 应 当 亲 历 这 次 围 攻 直 到 结 束 。 
str_we_should_prepare_to_defend_s21_but_we_should_gather_our_forces_until_we_are_strong_enough_to_engage_them|我 们 应 该 着 手 准 备 防 守 {s21}， 但 是 我 们 必 须 先 集 结 部 队 来 获 得 足 够 让 我 们 取 胜 的 力 量 。 
str_we_should_prepare_to_defend_s21_but_first_we_have_to_gather|我 们 应 该 着 手 准 备 防 守 {s21}。 现 在 首 先 我 们 必 须 集 结 部 队 。 
str_we_should_ride_to_break_the_siege_of_s21|我 们 应 该 击 破 对 {s21}的 包 围 。 
str_we_should_ride_to_defeat_the_enemy_gathered_near_s21|我 们 应 该 突 袭 {s21}附 近 的 敌 军 。 
str_we_have_located_s21s_army_and_we_should_engage_it|发 现 了 {s21}的 军 队 ， 我 们 得 迎 击 。 
str_this_offensive_needs_to_wind_down_soon_so_the_vassals_can_attend_to_their_own_business|我 们 得 速 战 速 决 ， 这 样 封 臣 们 就 可 以 处 理 他 们 自 己 的 事 情 了 。 
str_the_vassals_are_tired_we_let_them_rest_for_some_time|领 主 们 已 经 厌 倦 了 一 次 又 一 次 的 战 役 ， 我 们 最 好 让 他 们 暂 时 得 以 休 养 生 息 。 
str_the_vassals_still_need_time_to_attend_to_their_own_business|封 臣 们 还 需 要 时 间 去 处 理 他 们 的 私 事 。 
str_it_is_time_to_go_on_the_offensive_and_we_must_first_assemble_the_army|是 时 候 进 攻 了 ， 我 们 得 先 召 集 军 队 。 
str_we_must_continue_to_gather_the_army_before_we_ride_forth_on_an_offensive_operation|我 们 只 召 集 了 寥 寥 几 位 领 主 ， 在 决 定 进 攻 目 标 并 出 发 前 ， 我 们 一 定 要 聚 集 更 多 的 部 队 。 
str_there_is_no_need_to_beat_around_the_borders__we_can_take_one_of_their_important_towns|没 有 必 要 在 边 境 附 近 开 战 ， 我 们 可 以 夺 取 他 们 的 一 个 重 镇 。 
str_we_should_exploit_our_success_over_s21_by_seizing_one_of_their_fortresses|我 们 应 当 利 用 我 们 在 {s21}的 胜 利 ， 乘 势 夺 取 他 们 的 一 个 要 塞 。 
str_we_shall_leave_a_fiery_trail_through_the_heart_of_the_enemys_lands_targeting_the_wealthy_settlements_if_we_can|我 们 应 该 长 驱 直 入 ， 直 捣 敌 国 的 核 心 ， 竭 尽 所 能 攻 占 那 些 富 有 的 城 镇 。 
str_the_army_will_be_disbanded_because_we_have_been_waiting_too_long_without_a_target|军 队 将 被 解 散 ， 因 为 我 们 花 了 太 长 时 间 来 考 虑 ， 却 还 没 有 一 个 攻 击 的 目 标 。 
str_it_is_time_for_the_feast_to_conclude|该 是 吃 散 伙 饭 的 时 候 了 。 
str_we_should_continue_the_feast_unless_there_is_an_emergency|我 们 应 该 继 续 进 行 茶 会 ， 除 非 出 了 什 么 意 外 。 
str_you_had_wished_to_hold_a_feast|你 想 过 要 举 办 一 次 茶 会 。 
str_your_wedding_day_approaches_my_lady|你 的 婚 期 已 近 ， 尊 敬 的 女 士 。 
str_your_wedding_day_approaches|你 的 婚 期 临 近 了 。 
str_s22_and_s23_wish_to_marry|{s22}和 {s23}打 算 结 婚 。 
str_it_has_been_a_long_time_since_the_lords_of_the_realm_gathered_for_a_feast|这 个 王 国 的 领 主 们 已 经 很 久 没 有 聚 在 一 起 举 行 茶 会 了 。 
str_the_circumstances_which_led_to_this_decision_no_longer_apply_so_we_should_stop_and_reconsider_shortly|此 一 时 彼 一 时 ， 我 们 应 该 立 刻 停 下 来 ， 重 新 考 虑 这 件 事 。 
str_s15_is_at_war_with_s16_|{s15}正 在 和 {s16}开 战 。 
str_in_the_short_term_s15_has_a_truce_with_s16_as_a_matter_of_general_policy_|眼 下 ， {s15}与 {s16}达 成 了 停 战 协 议 。 从 一 般 策 略 上 来 说 ， 
str_in_the_short_term_s15_was_recently_provoked_by_s16_and_is_under_pressure_to_declare_war_as_a_matter_of_general_policy_|眼 下 ， {s16}近 来 的 挑 衅 行 为 ， 使 得 {s15}被 迫 宣 战 。 从 一 般 策 略 上 来 说 ， 
str_s12s15_cannot_negotiate_with_s16_as_to_do_so_would_undermine_reg4herhis_own_claim_to_the_throne_this_civil_war_must_almost_certainly_end_with_the_defeat_of_one_side_or_another|{s12}{s15}拒 绝 与 {s16}和 谈 ， 这 么 做 会 削 弱 {reg4?她 :他 }对 王 权 的 掌 控 。 这 场 内 战 不 会 轻 易 结 束 ， 除 非 某 一 方 被 另 一 方 彻 底 击 败 。 
str_s12s15_considers_s16_to_be_dangerous_and_untrustworthy_and_shehe_wants_to_bring_s16_down|{s12}{s15}认 为 {s16}既 危 险 ， 又 靠 不 住 ， 所 以 想 打 倒 {s16}。 
str_s12s15_is_anxious_to_reclaim_old_lands_such_as_s18_now_held_by_s16|{s12}{s15}急 于 收 回 原 有 的 领 地 ， 比 如 现 在 归 属 于 {s16}的 {s18}。 
str_s12s15_feels_that_reg4shehe_is_winning_the_war_against_s16_and_sees_no_reason_not_to_continue|{s12}{s15}觉 得 {reg4?她 :他 }快 要 赢 得 与 {s16}的 战 争 了 ， 所 以 没 理 由 不 继 续 打 下 去 。 
str_s12s15_faces_too_much_internal_discontent_to_feel_comfortable_ignoring_recent_provocations_by_s16s_subjects|{s12}{s15}面 临 了 太 多 的 国 内 问 题 ， 以 至 于 不 能 忽 视 最 近 由 {s16}引 发 的 事 端 。 
str_s12even_though_reg4shehe_is_fighting_on_two_fronts_s15_is_inclined_to_continue_the_war_against_s16_for_a_little_while_longer_for_the_sake_of_honor|{s12}尽 管 两 面 受 敌 ， 出 于 对 荣 誉 的 维 护 ， {s15}还 是 倾 向 于 继 续 跟 {s16}作 战 。 
str_s12s15_feels_that_reg4shehe_must_pursue_the_war_against_s16_for_a_little_while_longer_for_the_sake_of_honor|出 于 对 荣 誉 的 考 虑 ， {s12}{s15}觉 得 应 该 继 续 与 {s16}交 战 。 
str_s12s15_is_currently_on_the_offensive_against_s17_now_held_by_s16_and_reluctant_to_negotiate|{s12}{s15}目 前 正 在 进 攻 {s16}的 领 地 {s17}， 并 且 不 接 受 和 谈 。 
str_s12s15_is_alarmed_by_the_growing_power_of_s16|{s16}的 实 力 日 益 壮 大 ， 让 {s12}{s15}心 生 警 惕 。 
str_s12s15_distrusts_s16_and_fears_that_any_deals_struck_between_the_two_realms_will_not_be_kept|{s12}{s15}不 信 任 {s16}， 担 心 王 国 之 间 达 成 的 任 何 协 议 可 能 不 保 。 
str_s12s15_is_at_war_on_too_many_fronts_and_eager_to_make_peace_with_s16|{s12}{s15}四 面 受 敌 ， 非 常 希 望 能 与 {s16}和 谈 。 
str_s12s15_seems_to_think_that_s16_and_reg4shehe_have_a_common_enemy_in_the_s17|{s12}{s15}认 为 {reg4?她 :他 }跟 {s16}有 一 个 共 同 敌 对 的 目 标 ， 那 就 是 {s17}。 
str_s12s15_feels_frustrated_by_reg4herhis_inability_to_strike_a_decisive_blow_against_s16|{s12}{s15}对 {reg4?她 :他 }未 能 给 与 {s16}决 定 性 的 打 击 感 到 相 当 失 望 。 
str_s12s15_has_suffered_enough_in_the_war_with_s16_for_too_little_gain_and_is_ready_to_pursue_a_peace|{s12}{s15}在 与 {s16}的 交 战 中 吃 够 了 苦 头 ， 而 收 获 甚 微 ， 所 以 准 备 和 谈 。 
str_s12s15_would_like_to_firm_up_a_truce_with_s16_to_respond_to_the_threat_from_the_s17|{s12}{s15}想 要 稳 固 与 {s16}之 间 的 停 战 协 定 ， 以 此 来 应 对 来 自 {s17}的 威 胁 。 
str_s12s15_wishes_to_be_at_peace_with_s16_so_as_to_pursue_the_war_against_the_s17|{s12}{s15}希 望 与 {s16}保 持 和 平 以 便 继 续 与 {s17}的 战 争 。 
str_s12s15_seems_to_be_intimidated_by_s16_and_would_like_to_avoid_hostilities|{s12}{s15}似 乎 受 到 {s16}的 威 胁 ， 表 示 愿 意 与 之 停 战 。 
str_s12s15_has_no_particular_reason_to_continue_the_war_with_s16_and_would_probably_make_peace_if_given_the_opportunity|{s12}{s15}已 经 没 有 了 继 续 与 {s16}交 战 的 理 由 ， 一 旦 时 机 成 熟 ， 双 方 将 恢 复 和 平 。 
str_s12s15_seems_to_be_willing_to_improve_relations_with_s16|{s12}{s15}似 乎 愿 意 与 {s16}加 深 友 好 关 系 。 
str_excuse_me_how_can_you_possibly_imagine_yourself_worthy_to_marry_into_our_family|你 说 什 么 ？ 你 是 怎 么 觉 得 你 有 资 格 跟 我 们 家 族 联 姻 的 ？ 
str_em_with_regard_to_her_ladyship_we_were_looking_specifically_for_a_groom_of_some_distinction_fight_hard_count_your_dinars_and_perhaps_some_day_in_the_future_we_may_speak_of_such_things_my_good_man|嗯 …… 出 于 对 女 士 的 尊 重 ， 我 们 在 为 她 寻 找 一 位 有 良 好 声 望 的 夫 婿 。 多 打 胜 仗 ， 多 赚 文 钱 ， 说 不 定 未 来 的 某 一 天 我 们 能 再 谈 谈 这 事 儿 ， 好 男 人 ！ 
str_em_with_regard_to_her_ladyship_we_were_looking_specifically_for_a_groom_of_some_distinction|嗯 …… 出 于 对 女 士 的 尊 重 ， 我 们 在 为 她 寻 找 一 位 有 良 好 声 望 的 夫 婿 。 
str_it_is_too_early_for_you_to_be_speaking_of_such_things_you_are_still_making_your_mark_in_the_world|对 你 来 说 ， 现 在 就 谈 这 个 未 免 太 早 了 点 儿 。 你 还 得 在 这 个 世 界 上 多 留 下 点 儿 痕 迹 呢 。 
str_you_dont_serve_the_s4_so_id_say_no_one_day_we_may_be_at_war_and_i_prefer_not_to_have_to_kill_my_inlaws_if_at_all_possible|你 并 没 有 效 力 于 {s4}， 所 以 我 得 说 “ 不 ” 。 如 果 有 一 天 我 们 在 战 场 上 相 遇 ， 我 可 不 想 杀 了 我 的 姻 亲 。 
str_as_you_are_not_a_vassal_of_the_s4_i_must_decline_your_request_the_twists_of_fate_may_mean_that_we_will_one_day_cross_swords_and_i_would_hope_not_to_make_a_widow_of_a_lady_whom_i_am_obligated_to_protect|你 并 不 是 {s4}的 封 臣 ， 所 以 我 回 绝 你 的 请 求 。 要 知 道 ， 无 常 的 命 运 可 能 会 让 我 们 刀 剑 相 向 ， 我 可 不 希 望 把 我 应 该 保 护 的 女 士 变 成 寡 妇 。 
str_as_you_are_not_a_pledged_vassal_of_our_liege_with_the_right_to_hold_land_i_must_refuse_your_request_to_marry_into_our_family|既 然 你 不 是 效 忠 于 吾 王 的 封 臣 ， 没 有 统 治 领 地 的 权 力 ， 那 么 我 必 须 拒 绝 你 与 我 的 家 族 联 姻 的 请 求 。 
str_look_here_lad__the_young_s14_has_been_paying_court_to_s16_and_youll_have_to_admit__hes_a_finer_catch_for_her_than_you_so_lets_have_no_more_of_this_talk_shall_we|听 着 ， 小 伙 子 ， 年 轻 的 {s14}已 经 提 出 了 对 {s16}的 追 求 ， 而 且 你 不 得 不 承 认 ， 他 比 你 更 配 得 上 她 。 所 以 ， 咱 们 就 别 再 讨 论 这 个 了 ， 好 吗 ？ 
str_i_do_not_care_for_you_sir_and_i_consider_it_my_duty_to_protect_the_ladies_of_my_household_from_undesirable_suitors|我 并 不 看 好 你 ， 先 生 ， 我 的 职 责 是 保 护 我 的 家 族 的 女 士 们 ， 远 离 那 些 不 合 意 的 追 求 者 ……
str_hmm_young_girls_may_easily_be_led_astray_so_out_of_a_sense_of_duty_to_the_ladies_of_my_household_i_think_i_would_like_to_get_to_know_you_a_bit_better_we_may_speak_of_this_at_a_later_date|嗯 ， 年 轻 的 姑 娘 们 很 容 易 被 引 入 歧 途 ， 所 以 ， 出 于 对 我 家 族 的 女 士 们 的 责 任 感 ， 我 需 要 更 深 入 地 了 解 你 。 这 事 儿 咱 们 以 后 再 说 吧 。 
str_you_may_indeed_make_a_fine_match_for_the_young_mistress|你 也 许 真 的 跟 这 位 年 轻 的 女 士 很 般 配 。 
str_madame__given_our_relations_in_the_past_this_proposal_is_most_surprising_i_do_not_think_that_you_are_the_kind_of_woman_who_can_be_bent_to_a_hushands_will_and_i_would_prefer_not_to_have_our_married_life_be_a_source_of_constant_acrimony|夫 人 ， 考 虑 到 我 们 以 前 的 关 系 ， 这 个 提 议 还 真 让 我 意 外 。 我 不 觉 得 你 是 那 种 能 向 丈 夫 的 意 志 屈 服 的 女 人 ， 也 不 愿 意 让 婚 姻 成 为 我 们 争 执 的 来 源 。 
str_i_would_prefer_to_marry_a_proper_maiden_who_will_obey_her_husband_and_is_not_likely_to_split_his_head_with_a_sword|我 希 望 我 的 妻 子 能 温 顺 地 服 从 丈 夫 ， 而 不 是 用 剑 削 掉 他 的 脑 袋 。 
str_my_lady_while_i_admire_your_valor_you_will_forgive_me_if_i_tell_you_that_a_woman_like_you_does_not_uphold_to_my_ideal_of_the_feminine_of_the_delicate_and_of_the_pure|尊 敬 的 女 士 ， 当 我 赞 美 你 的 勇 敢 和 美 丽 的 时 候 ， 请 原 谅 ， 我 并 没 有 把 你 当 成 我 心 目 中 妻 子 ， 娇 柔 而 又 无 瑕 。 
str_nah_i_want_a_woman_wholl_keep_quiet_and_do_what_shes_told_i_dont_think_thats_you|不 ， 我 想 要 一 个 安 安 静 静 ， 唯 命 是 从 的 女 人 。 我 觉 得 你 不 是 那 样 的 人 。 
str_my_lady_you_are_possessed_of_great_charms_but_no_properties_until_you_obtain_some_to_marry_you_would_be_an_act_of_ingratitude_towards_my_ancestors_and_my_lineage|尊 敬 的 女 士 ， 你 非 常 迷 人 ， 不 过 也 非 常 穷 。 娶 你 恐 怕 是 对 我 的 亲 族 以 及 列 祖 列 宗 的 不 敬 ， 除 非 你 能 拥 有 一 些 财 产 。 
str_my_lady_you_are_a_woman_of_no_known_family_of_no_possessions__in_short_a_nobody_do_you_think_that_you_are_fit_to_marry_into_may_family|尊 敬 的 女 士 ， 你 既 没 有 显 赫 的 家 族 背 景 ， 又 没 有 任 何 财 产 ， 简 单 点 说 ， 你 是 个 普 通 人 。 你 觉 得 你 嫁 入 我 们 家 族 合 适 吗 ？ 
str_my_lady__forgive_me__the_quality_of_our_bond_is_not_of_the_sort_which_the_poets_tell_us_is_necessary_to_sustain_a_happy_marriage|尊 敬 的 女 士 ， 请 原 谅 我 ， 我 们 的 结 合 不 会 得 到 诗 歌 里 所 说 的 那 种 幸 福 的 婚 姻 。 
str_um_i_think_that_if_i_want_to_stay_on_s4s_good_side_id_best_not_marry_you|嗯 ， 我 觉 得 如 果 要 继 续 跟 {s4}好 好 相 处 ， 最 好 不 要 跟 你 结 婚 。 
str_you_serve_another_realm_i_dont_see_s4_granting_reg4herhis_blessing_to_our_union|你 效 力 于 其 他 王 国 。 我 觉 得 {s4}不 会 祝 福 我 们 的 婚 姻 的 。 
str_madame_my_heart_currently_belongs_to_s4|夫 人 ， 我 的 心 现 在 属 于 {s4}。 
str_my_lady_you_are_a_woman_of_great_spirit_and_bravery_possessed_of_beauty_grace_and_wit_i_shall_give_your_proposal_consideration|尊 敬 的 女 士 ， 你 是 一 位 集 勇 气 与 智 慧 ， 美 貌 与 优 雅 于 一 身 的 女 性 。 我 会 好 好 考 虑 你 的 提 议 的 。 
str_my_lady_you_are_a_woman_of_great_spirit_and_bravery_possessed_of_beauty_grace_and_wit_i_would_be_most_honored_were_you_to_become_my_wife|尊 敬 的 女 士 ， 你 是 一 位 集 勇 气 与 智 慧 ， 美 貌 与 优 雅 于 一 身 的 女 性 。 能 娶 你 为 妻 是 我 莫 大 的 荣 耀 。 
str_you_are_a_freelancer_troop|My {playernname}, I am afraid that it would be inappropriate to marry a warrior from my own army. Maybe in the future, when you are out of my service...
str_ah__kais_and_layali__such_a_sad_tale_many_a_time_has_it_been_recounted_for_my_family_by_the_wandering_poets_who_come_to_our_home_and_it_has_never_failed_to_bring_tears_to_our_eyes|啊 ， “ 秀 吉 和 宁 宁 ” ， 真 是 个 凄 美 的 传 说 。 来 我 们 家 的 吟 游 诗 人 们 ， 一 次 又 一 次 地 提 起 这 首 诗 ， 而 每 一 次 我 都 听 得 流 下 眼 泪 。 
str_kais_and_layali_three_hundred_stanzas_of_pathetic_sniveling_if_you_ask_me_if_kais_wanted_to_escape_heartbreak_he_should_have_learned_to_live_within_his_station_and_not_yearn_for_what_he_cannot_have|“ 秀 吉 和 宁 宁 ” ？ 就 像 三 百 段 无 聊 的 啜 泣 ， 如 果 你 要 我 评 价 它 的 话 。 如 果 凯 斯 想 要 走 出 悲 伤 ， 那 么 他 必 须 活 在 现 实 里 ， 而 不 是 牵 挂 着 那 些 得 不 到 的 东 西 。 
str_kais_and_layali_no_one_should_ever_have_written_such_a_sad_poem_if_it_was_the_destiny_of_kais_and_layali_to_be_together_than_their_love_should_have_conquered_all_obstacles|“ 秀 吉 和 宁 宁 ” ？ 谁 也 不 应 该 写 出 如 此 悲 伤 的 诗 歌 ！ 如 果 老 天 注 定 要 让 凯 斯 和 莱 亚 拉 在 一 起 ， 那 么 他 们 的 爱 情 就 该 冲 破 所 有 的 阻 碍 ！ 
str_ah_kais_and_layali_a_very_old_standby_but_moving_in_its_way|啊 ， “ 凯 斯 和 莱 亚 拉 ” 很 古 老 的 备 用 文 章 ， 但 是 ， 已 经 过 时 了 。 
str_the_saga_of_helgered_and_kara_such_happy_times_in_which_our_ancestors_lived_women_like_kara_could_venture_out_into_the_world_like_men_win_a_name_for_themselves_and_not_linger_in_their_husbands_shadow|“ 君 麻 吕 和 辉 夜 ” 的 传 说 ？ 我 们 的 祖 先 生 活 在 多 么 幸 福 的 年 代 啊 ！ 像 辉 夜 那 样 的 女 人 ， 可 以 像 男 人 一 样 外 出 冒 险 ， 为 自 己 赢 得 名 声 ， 而 不 是 活 在 丈 夫 的 阴 影 之 下 。 
str_ah_the_saga_of_helgered_and_kara_now_there_was_a_lady_who_knew_what_she_wanted_and_was_not_afraid_to_obtain_it|啊 ， “ 君 麻 吕 和 辉 夜 ” 的 传 说 。 有 一 个 知 道 自 己 想 追 求 什 么 的 女 士 ， 并 且 为 了 自 己 的 追 求 无 所 畏 惧 。 
str_the_saga_of_helgered_and_kara_a_terrible_tale__but_it_speaks_of_a_very_great_love_if_she_were_willing_to_make_war_on_her_own_family|“ 君 麻 吕 和 辉 夜 ” 的 传 说 ？ 虽 然 是 个 糟 糕 的 故 事 ， 不 过 它 谈 到 了 伟 大 的 爱 情 ， 如 果 她 愿 意 向 自 己 的 家 族 开 战 的 话 。 
str_the_saga_of_helgered_and_kara_as_i_recall_kara_valued_her_own_base_passions_over_duty_to_her_family_that_she_made_war_on_her_own_father_i_have_no_time_for_a_poem_which_praises_such_a_woman|“ 君 麻 吕 和 辉 夜 ” 的 传 说 ？ 我 记 得 ， 辉 夜 把 不 道 德 的 激 情 ， 看 得 比 家 族 的 责 任 更 重 要 ， 还 跟 自 己 的 父 亲 开 战 了 。 我 可 没 时 间 浪 费 在 一 首 赞 美 这 种 女 人 的 诗 歌 上 。 
str_the_saga_of_helgered_and_kara_how_could_a_woman_don_armor_and_carry_a_sword_how_could_a_man_love_so_ungentle_a_creature|“ 君 麻 吕 和 辉 夜 ” 的 传 说 ？ 女 人 怎 么 能 穿 上 盔 甲 ， 拿 起 剑 呢 ？ 男 人 又 怎 么 会 爱 上 这 么 粗 鲁 的 家 伙 ！ 
str_a_conversation_in_the_garden_i_cannot_understand_the_lady_in_that_poem_if_she_loves_the_man_why_does_she_tease_him_so|“ 庄 园 中 的 谈 话 ” ？ 我 不 是 很 理 解 诗 歌 中 那 位 女 士 的 想 法 ， 如 果 她 爱 那 个 男 人 ， 那 为 什 么 又 要 这 么 捉 弄 他 呢 ？ 
str_a_conversation_in_the_garden_let_us_see__it_is_morally_unedifying_it_exalts_deception_it_ends_with_a_maiden_surrendering_to_her_base_passions_and_yet_i_cannot_help_but_find_it_charming_perhaps_because_it_tells_us_that_love_need_not_be_tragic_to_be_memorable|“ 庄 园 中 的 谈 话 ” ？ 让 我 们 瞧 瞧 ， 太 不 光 彩 了 ， 歌 颂 欺 骗 ， 最 终 使 一 个 少 女 屈 从 于 她 低 级 的 情 欲 …… 不 过 我 还 是 觉 得 它 很 迷 人 ， 也 许 因 为 它 告 诉 了 我 们 爱 情 不 必 因 为 悲 剧 而 令 人 难 忘 。 
str_a_conversation_in_the_garden_now_that_is_a_tale_every_lady_should_know_by_heart_to_learn_the_subtleties_of_the_politics_she_must_practice|“ 庄 园 中 的 谈 话 ” ？ 这 是 所 有 女 士 都 需 要 谨 记 于 心 的 故 事 ， 因 为 她 们 都 将 会 经 历 那 种 微 妙 的 感 觉 ！ 
str_a_conversation_in_the_garden_it_is_droll_i_suppose__although_there_is_nothing_there_that_truly_stirs_my_soul|“ 庄 园 中 的 谈 话 ” ？ 我 觉 得 它 很 好 笑 ， 不 过 里 面 确 实 没 有 任 何 可 以 触 动 我 灵 魂 的 内 容 。 
str_storming_the_fortress_of_love_ah_yes_the_lady_sits_within_doing_nothing_while_the_man_is_the_one_who_strives_and_achieves_i_have_enough_of_that_in_my_daily_life_why_listen_to_poems_about_it|“ 爱 情 城 堡 之 风 暴 ” ？ 啊 ， 是 的 。 男 人 在 努 力 奋 斗 的 时 候 ， 女 士 只 是 坐 着 ， 什 么 也 不 做 。 我 的 生 活 里 有 太 多 这 样 的 事 了 ， 为 什 么 还 得 从 诗 歌 里 听 到 ？ 
str_storming_the_fortress_of_love_ah_yes_an_uplifting_tribute_to_the_separate_virtues_of_man_and_woman|“ 爱 情 城 堡 之 风 暴 ” ？ 啊 ， 是 的 。 一 首 振 奋 人 心 ， 赞 美 男 人 和 女 人 各 自 的 美 德 的 颂 词 。 
str_storming_the_fortress_of_love_ah_yes_but_although_it_is_a_fine_tale_of_virtues_it_speaks_nothing_of_passion|“ 爱 情 城 堡 之 风 暴 ” ？ 啊 ， 是 的 。 尽 管 它 是 一 首 关 于 美 德 的 好 诗 ， 可 它 完 全 没 有 提 到 激 情 ！ 
str_storming_the_fortress_of_love_ah_a_sermon_dressed_up_as_a_love_poem_if_you_ask_me|“ 爱 情 城 堡 之 风 暴 ” ？ 啊 …… 一 篇 伪 装 成 爱 情 诗 的 说 教 ， 如 果 你 要 我 评 价 它 的 话 。 
str_a_hearts_desire_ah_such_a_beautiful_account_of_the_perfect_perfect_love_to_love_like_that_must_be_to_truly_know_rapture|“ 心 中 的 渴 望 ” ？ 啊 ， 一 篇 对 最 最 完 美 的 爱 情 的 最 美 的 总 结 ！ 如 果 能 像 诗 歌 里 那 样 去 爱 ， 毫 无 疑 问 ， 将 会 是 最 最 幸 福 的 ！ 
str_a_hearts_desire_silly_if_you_ask_me_if_the_poet_desires_a_lady_then_he_should_endeavor_to_win_her__and_not_dress_up_his_desire_with_a_pretense_of_piety|“ 心 中 的 渴 望 ” ？ 很 蠢 的 诗 ， 如 果 你 要 我 评 价 的 话 。 如 果 诗 人 想 追 求 一 个 女 人 ， 那 么 他 应 该 尽 力 去 赢 得 她 的 芳 心 ， 而 不 是 把 自 己 的 欲 望 ， 用 虚 假 的 虔 诚 包 装 起 来 ！ 
str_a_hearts_desire_hmm__it_is_an_interesting_exploration_of_earthly_and_divine_love_it_does_speak_of_the_spiritual_quest_which_brings_out_the_best_in_man_but_i_wonder_if_the_poet_has_not_confused_his_yearning_for_higher_things_with_his_baser_passions|“ 心 中 的 渴 望 ” ？ 嗯 ， 这 是 对 世 俗 爱 情 与 神 圣 爱 情 的 有 趣 探 究 。 它 论 及 对 人 性 中 最 美 好 的 追 求 ， 不 过 我 想 知 道 这 个 诗 人 是 否 未 尝 出 于 低 级 的 情 欲 ， 而 使 他 对 更 崇 高 事 物 的 向 往 陷 入 窘 境 。 
str_a_hearts_desire_oh_yes__it_is_very_worthy_and_philosophical_but_if_i_am_to_listen_to_a_bard_strum_a_lute_for_three_hours_i_personally_prefer_there_to_be_a_bit_of_a_story|“ 心 中 的 渴 望 ” ？ 哦 ， 是 的 ， 这 首 诗 富 有 哲 理 ， 值 得 一 读 。 不 过 ， 如 果 要 我 听 艺 者 弹 整 整 三 个 钟 头 的 三 味 线 ， 我 个 人 还 是 倾 向 于 内 容 里 有 那 么 一 点 儿 故 事 。 
str_reg3_units_of_s4_for_reg5_guests_and_retinue|{reg3}个 {s4}给 {reg5}个 客 人 以 及 随 行 人 员 
str_reg3_units_of_spice_of_reg5_to_be_consumed|消 耗 了 {reg5}个 单 位 的 香 料 中 的 {reg3}个 
str_reg3_units_of_oil_of_reg5_to_be_consumed|消 耗 了 {reg5}个 单 位 的 油 中 的 {reg3}个 
str_of_food_which_must_come_before_everything_else_the_amount_is_s8|作 为 最 先 供 应 的 食 物 ， 总 数 是 {s8}
str_s9_and_the_variety_is_s8_|{s9}并 且 种 类 是 {s8}。 
str_s9_of_drink_which_guests_will_expect_in_great_abundance_the_amount_is_s8|{s9}的 酒 ， 供 宾 客 畅 饮 ， 总 数 是 {s8}
str_s9_of_spice_which_is_essential_to_demonstrate_that_we_spare_no_expense_as_hosts_the_amount_is_s8_|{s9}的 香 料 ， 最 能 体 现 出 主 人 待 客 不 惜 成 本 的 东 西 ， 总 数 是 {s8}。 
str_s9_of_oil_which_we_shall_require_to_light_the_lamps_the_amount_is_s8|{s9}的 油 ， 用 来 点 亮 所 有 的 灯 ， 总 数 是 {s8}。 
str_s9_overall_our_table_will_be_considered_s8|{s9}包 括 一 切 在 内 ， 我 们 的 餐 桌 看 上 去 是 {s8}。 
str_rebel|叛 军 
str_bandit|强 盗 
str_relation_of_prisoner_with_captor_is_reg0|囚 犯 与 捕 获 者 的 关 系 是 {reg0}
str_s5_suffers_attrition_reg3_x_s4|{s5}遭 受 损 耗 ， {reg3}x {s4}
str_s10_said_on_s1_s11__|{s10}在 {s1}说 ， {s11}^^
str_totalling_casualties_caused_during_mission|统 计 任 务 中 伤 亡 人 数 ……
str_removing_s4_from_s5|从 {s5}取 走 {s4}
str_s4_joins_prison_break|{s4}参 与 越 狱 
str_helper_is_spawned|协 助 者 已 经 出 现 。 
str_leaving_area_during_prison_break|在 越 狱 时 离 开 这 个 地 区 
str_talk_to_the_trainer|和 教 练 谈 谈 。 
str_woman|女 人 
str_man|男 人 
str_noble|贵 族 
str_common|普 通 人 
str_may_find_that_you_are_able_to_take_your_place_among_calradias_great_lords_relatively_quickly|你 也 许 能 相 对 较 快 地 在 日 本 的 伟 大 领 主 中 占 有 一 席 之 地 。 
str_may_face_some_difficulties_establishing_yourself_as_an_equal_among_calradias_great_lords|在 跻 身 日 本 伟 大 领 主 的 行 列 的 过 程 中 ， 可 能 会 遇 到 一 些 困 难 。 
str_may_face_great_difficulties_establishing_yourself_as_an_equal_among_calradias_great_lords|在 跻 身 日 本 伟 大 领 主 的 行 列 的 过 程 中 ， 可 能 面 临 巨 大 的 困 难 。 
str_current_party_morale_is_reg5_current_party_morale_modifiers_are__base_morale__50_party_size_s2reg1_leadership_s3reg2_food_variety_s4reg3s5s6_recent_events_s7reg4_total__reg5___|当 前 队 伍 士 气 为 ， {reg5}^ 影 响 士 气 的 因 素 如 下 ， ^^ 基 础 士 气 ， +{reg6}^ 队 伍 规 模 ， {s2}{reg1}^ 统 帅 能 力 ， {s3}{reg2}^ 食 物 种 类 ， {s4}{reg3}{s5}{s6}^ 最 近 事 件 ， {s7}{reg4}^ 合 计 ， {reg5}^^^
str_s1extra_morale_for_s9_troops__reg6_|{s1}{s9}的 士 兵 获 得 的 额 外 士 气 ， {reg6}^
str_courtships_in_progress_|求 爱 进 程 ， ^
str_s1_s2_relation_reg3_last_visit_reg4_days_ago|{s1}^{s2}， 关 系 {reg3}， 上 一 次 见 面 是 在 {reg4}天 前 
str_s1__poems_known|{s1}^^ 学 得 的 诗 歌 ， 
str_s1_storming_the_castle_of_love_allegoric|{s1}^ 爱 情 城 堡 之 风 暴 ( 寓 言 类 )
str_s1_kais_and_layali_tragic|{s1}^秀 吉 和 宁 宁 ( 悲 剧 类 )
str_s1_a_conversation_in_the_garden_comic|{s1}^ 庄 园 中 的 谈 话 ( 喜 剧 类 )
str_s1_helgered_and_kara_epic|{s1}^君 麻 吕 和 辉 夜 ( 传 奇 类 )
str_s1_a_hearts_desire_mystic|{s1}^ 心 中 的 渴 望 ( 神 秘 类 )
str_no_companions_in_service|没 有 服 役 中 的 同 伴 
str_gathering_support|募 集 支 持 
str_expected_back_imminently|预 计 很 快 返 回 
str_expected_back_in_approximately_reg3_days|预 计 在 大 约 {reg3}日 后 回 来 
str_gathering_intelligence|收 集 情 报 
str_diplomatic_embassy_to_s9|去 {s9}的 外 交 大 使 
str_serving_as_minister|你 的 首 席 大 臣 
str_in_your_court_at_s9|在 你 {s9}的 大 厅 
str_under_arms|在 役 
str_in_your_party|在 你 的 队 伍 里 
str_attacking_enemy_army_near_s11|在 {s11}附 近 发 现 敌 情 
str_holding_feast_at_s11|在 {s11}举 行 茶 会 
str_s9s10_current_state_s11_hours_at_current_state_reg3_current_strategic_thinking_s14_marshall_s12_since_the_last_offensive_ended_reg4_hours_since_the_decisive_event_reg10_hours_since_the_last_rest_reg9_hours_since_the_last_feast_ended_reg5_hours_percent_disgruntled_lords_reg7_percent_restless_lords_reg8__|{s9}{s10}^ 当 前 状 况 ， {s11}^ 当 前 状 态 延 续 小 时 ， {reg3}^ 当 前 战 略 考 虑 ， {s14}^ 元 帅 ， {s12}^ 自 上 次 进 攻 结 束 至 今 ， {reg4}小 时 ^ 自 决 定 性 事 件 至 今 ， {reg10}小 时 ^ 自 上 次 超 过 十 八 小 时 的 休 息 至 今 ， {reg9}小 时 ^ 自 上 次 茶 会 结 束 至 今 ， {reg5}小 时 ^ 不 满 的 领 主 比 例 ， {reg7}%^ 不 安 分 的 领 主 比 例 ， {reg8}%^^
str__right_to_rule_reg12|^ 拥 有 统 治 权 ， {reg12}。 
str_political_arguments_made_legality_reg3_rights_of_lords_reg4_unificationpeace_reg5_rights_of_commons_reg6_fief_pledges_reg7|政 治 争 议 构 成 ， ^ 合 法 性 ， {reg3}^ 领 主 权 利 ， {reg4}^ 统 一 /和 平 ， {reg5}^ 平 民 权 利 ， {reg6}^ 领 地 归 属 ， {reg7}
str_renown_reg2_honour_rating_reg3s12_friends_s8_enemies_s6_s9|声 望 ， {reg2}^ 荣 誉 等 级 ， {reg3}。 {s12}^ 朋 友 ， {s8}。 ^ 敌 人 ， {s6}。 ^{s9}
str_you_lie_stunned_for_several_minutes_then_stagger_to_your_feet_to_find_your_s10_standing_over_you_you_have_lost_the_duel|你 晕 倒 了 好 一 阵 子 ， 随 后 挣 扎 着 爬 起 来 ， {s10}在 一 旁 俯 视 着 你 。 你 输 掉 了 这 场 决 斗 。 
str_s10_lies_in_the_arenas_dust_for_several_minutes_then_staggers_to_his_feet_you_have_won_the_duel|{s10}在 竞 技 场 的 尘 土 里 躺 了 一 阵 子 ， 随 后 挣 扎 着 爬 起 来 。 你 赢 得 了 决 斗 。 
str__this_castle_is_temporarily_under_royal_control|这 座 城 堡 暂 时 由 王 室 直 辖 。 
str__this_castle_does_not_seem_to_be_under_anyones_control|这 座 城 堡 看 上 去 不 属 于 任 何 人 。 
str__this_town_is_temporarily_under_royal_control|这 座 城 镇 暂 时 由 王 室 直 辖 。 
str__the_townspeople_seem_to_have_declared_their_independence|这 座 城 镇 的 市 民 似 乎 宣 布 了 独 立 自 治 。 
str_to_your_husband_s11|到 你 丈 夫 ， {s11}。 
str__you_see_the_banner_of_your_wifehusband_s7_over_the_castle_gate|你 看 见 城 堡 的 大 门 上 悬 挂 着 你 {妻 子 /丈 夫 }{s7}的 旗 帜 。 
str__the_banner_of_your_wifehusband_s7_flies_over_the_town_gates|你 看 见 城 镇 的 大 门 上 飘 扬 着 你 {妻 子 /丈 夫 }{s7}的 旗 帜 。 
str__the_lord_is_currently_holding_a_feast_in_his_hall|^ 领 主 正 在 厅 堂 里 大 宴 宾 客 。 
str__join_the_feast|( 参 加 茶 会 )
str_belligerent_drunk_in_s4|闹 事 的 酒 鬼 在 {s4}
str_belligerent_drunk_not_found|闹 事 的 酒 鬼 没 有 找 到 
str_roughlooking_character_in_s4|相 貌 粗 野 的 人 在 {s4}
str_roughlooking_character_not_found|相 貌 粗 野 的 人 没 有 找 到 
str__however_you_have_sufficiently_distinguished_yourself_to_be_invited_to_attend_the_ongoing_feast_in_the_lords_castle|不 过 ， 你 赢 得 了 充 分 的 资 格 ， 受 邀 进 入 领 主 的 城 堡 ， 参 加 正 在 进 行 中 的 茶 会 。 
str_s8_you_are_also_invited_to_attend_the_ongoing_feast_in_the_castle|{s8}。 你 也 被 邀 请 参 加 城 堡 里 正 在 进 行 的 茶 会 。 
str_s11_unfortunately_s12_was_wounded_and_had_to_be_left_behind|{s11}不 幸 的 是 ， {s12}受 伤 了 ， 被 迫 离 开 。 
str_s11_also_s12_was_wounded_and_had_to_be_left_behind|{s11}同 样 的 ， {s12}受 伤 了 ， 被 迫 离 开 。 
str_with_the_s10|和 {s10}
str_outside_calradia|日 本 之 外 。 
str_you_have_been_indicted_for_treason_to_s7_your_properties_have_been_confiscated_and_you_would_be_well_advised_to_flee_for_your_life|你 被 {s7}控 告 犯 下 了 叛 国 罪 ， 你 所 有 的 财 产 都 已 被 查 抄 ， 为 了 生 存 ， 你 必 须 马 上 逃 离 这 里 ， 越 快 越 好 。 
str_by_order_of_s6_s4_of_the_s5_has_been_indicted_for_treason_the_lord_has_been_stripped_of_all_reg4herhis_properties_and_has_fled_for_reg4herhis_life_he_is_rumored_to_have_gone_into_exile_s11|在 {s6}的 命 令 下 ， {s5}的 {s4}以 叛 国 的 罪 名 被 指 控 。 为 了 保 住 {reg4?她 的 :他 的 }性 命 ， 这 位 领 主 迅 速 逃 离 了 这 个 国 家 ， 之 后 ， {reg4?她 的 :他 的 }所 有 财 产 都 被 下 令 充 公 。 有 传 言 说 ， 这 位 领 主 是 被 流 放 到 了 {s11}。 
str_local_notables_from_s1_a_village_claimed_by_the_s4_have_been_mistreated_by_their_overlords_from_the_s3_and_petition_s5_for_protection|{s1}村 是 {s3}的 {s4}的 领 地 ， 但 是 他 们 的 领 主 屡 屡 对 他 们 做 出 暴 行 。 因 此 ， 一 位 该 地 的 着 名 人 士 作 为 代 表 请 求 {s5}给 予 他 们 保 护 。 
str_villagers_from_s1_stole_some_cattle_from_s2|{s1}的 村 民 们 从 {s2}偷 走 了 一 些 牛 
str_villagers_from_s1_abducted_a_woman_from_a_prominent_family_in_s2_to_marry_one_of_their_boys|{s1}的 村 民 为 村 子 里 的 一 个 年 轻 人 绑 架 了 一 位 来 自 {s2}最 显 赫 家 族 之 一 的 女 性 作 为 妻 子 
str_villagers_from_s1_killed_some_farmers_from_s2_in_a_fight_over_the_diversion_of_a_stream|{s1}的 一 些 村 民 在 和 {s2}村 争 夺 改 道 的 水 源 时 杀 死 了 一 名 村 民 
str_your_new_minister_|你 的 新 首 席 大 臣 
str_s10_is_your_new_minister_and_|{s10}是 你 的 新 首 席 大 臣 ， 以 及 
str_due_to_the_fall_of_s10_your_court_has_been_relocated_to_s12|在 失 去 {s10}后 ， 你 转 而 服 侍 {s11}
str_after_to_the_fall_of_s10_your_faithful_vassal_s9_has_invited_your_court_to_s11_|在 失 去 {s10}后 ， 你 忠 诚 的 属 下 {s9}邀 请 {s11}你 为 服 务 
str_after_to_the_fall_of_s11_your_court_has_nowhere_to_go|在 失 去 {s11}后 ， 你 失 去 了 可 以 效 忠 的 对 象 
str_s8_wishes_to_inform_you_that_the_lords_of_s9_will_be_gathering_for_a_feast_at_his_great_hall_in_s10_and_invites_you_to_be_part_of_this_august_assembly|{s9}的 {s8}通 知 你 他 将 在 他 位 于 {s10}的 大 厅 举 办 一 场 豪 华 的 茶 会 ， 他 希 望 你 能 受 邀 作 为 尊 贵 的 来 宾 之 一 参 加 这 场 茶 会 。 
str_consult_with_s11_at_your_court_in_s12|在 你 的 {s12}的 宫 廷 与 {s11}商 议 
str_as_brief_as_our_separation_has_been_the_longing_in_my_heart_to_see_you_has_made_it_seem_as_many_years|尽 管 我 们 只 分 别 了 短 短 的 一 段 日 子 ， 但 是 我 内 心 在 对 你 那 强 烈 的 思 念 的 煎 熬 下 ， 简 直 度 日 如 年 。 
str_although_it_has_only_been_a_short_time_since_your_departure_but_i_would_be_most_pleased_to_see_you_again|尽 管 我 们 只 有 短 短 一 段 时 间 没 有 见 面 ， 再 次 见 到 你 的 喜 悦 却 是 如 此 的 强 烈 。 
str_although_i_have_received_no_word_from_you_for_quite_some_time_i_am_sure_that_you_must_have_been_very_busy_and_that_your_failure_to_come_see_me_in_no_way_indicates_that_your_attentions_to_me_were_insincere_|我 已 经 很 久 没 有 你 的 消 息 了 。 我 当 然 知 道 你 一 定 很 忙 ， 以 至 于 没 有 时 间 来 探 望 我 。 这 可 不 是 你 对 我 失 去 兴 趣 的 表 现 ， 是 吧 ？ 
str_i_trust_that_you_have_comported_yourself_in_a_manner_becoming_a_gentleman_during_our_long_separation_|我 相 信 在 我 们 长 久 的 分 离 之 中 你 一 直 保 持 着 你 的 绅 士 举 止 。 
str_it_has_been_many_days_since_you_came_and_i_would_very_much_like_to_see_you_again|自 从 我 上 次 见 到 你 已 经 过 去 很 久 了 ， 如 果 能 再 见 到 你 ， 我 会 非 常 高 兴 的 。 
str__you_should_ask_my_s11_s16s_permission_but_i_have_no_reason_to_believe_that_he_will_prevent_you_from_coming_to_see_me|你 应 该 先 征 得 我 {s11}{s16}的 许 可 ， 可 是 我 没 有 任 何 理 由 相 信 他 会 阻 止 你 来 见 我 。 
str__you_should_first_ask_her_s11_s16s_permission|。 你 应 该 首 先 征 得 她 {s11}{s16}的 许 可 
str__alas_as_we_know_my_s11_s16_will_not_permit_me_to_see_you_however_i_believe_that_i_can_arrange_away_for_you_to_enter_undetected|唉 ！ ！ 就 如 我 们 所 猜 想 的 ， 我 的 {s11}{s16}不 会 允 许 我 们 见 面 ， 但 我 可 以 安 排 和 你 秘 密 约 会 的 方 法 。 
str__as_my_s11_s16_has_already_granted_permission_for_you_to_see_me_i_shall_expect_your_imminent_arrival|既 然 我 的 {s11}{s16}已 经 允 许 我 们 相 见 ， 我 希 望 我 很 快 就 能 再 见 到 你 。 
str_visit_s3_who_was_last_at_s4s18|拜 访 {s3}， 此 人 最 近 出 现 在 {s4}{s18}
str_the_guards_at_the_gate_have_been_ordered_to_allow_you_through_you_might_be_imagining_things_but_you_think_one_of_them_may_have_given_you_a_wink|大 门 的 守 卫 已 经 接 到 允 许 你 出 入 的 命 令 ， 而 且 你 看 到 其 中 一 位 守 卫 意 味 深 长 地 向 你 眨 了 眨 眼 。 
str_the_guards_glare_at_you_and_you_know_better_than_to_ask_permission_to_enter_however_as_you_walk_back_towards_your_lodgings_an_elderly_lady_dressed_in_black_approaches_you_i_am_s11s_nurse_she_whispers_urgently_don_this_dress_and_throw_the_hood_over_your_face_i_will_smuggle_you_inside_the_castle_to_meet_her_in_the_guise_of_a_skullery_maid__the_guards_will_not_look_too_carefully_but_i_beg_you_for_all_of_our_sakes_be_discrete|守 卫 怒 视 着 你 ， 而 你 知 道 还 是 别 去 碰 钉 子 了 。 然 而 ， 当 你 往 回 走 向 你 的 寄 宿 处 的 时 候 ， 一 个 黑 衣 老 妇 人 走 近 了 你 。 “ 我 是 {s11}的 侍 女 ， ” 她 快 速 低 语 道 。 “ 穿 上 这 裙 子 ， 用 这 头 巾 盖 住 你 的 脸 。 我 会 把 你 伪 装 成 女 帮 厨 偷 偷 带 进 这 城 堡 去 见 她 ， 守 卫 不 会 看 得 很 仔 细 。 但 是 我 请 求 你 ， 为 了 咱 们 的 好 处 ， 小 心 点 ！ 
str_the_guards_glare_at_you_and_you_know_better_than_to_ask_permission_to_enter_however_as_you_walk_back_towards_your_lodgings_an_elderly_lady_dressed_in_black_approaches_you_i_am_s11s_nurse_she_whispers_urgently_wait_for_a_while_by_the_spring_outside_the_walls_i_will_smuggle_her_ladyship_out_to_meet_you_dressed_in_the_guise_of_a_shepherdess_but_i_beg_you_for_all_of_our_sakes_be_discrete|守 卫 怒 视 着 你 ， 而 你 知 道 还 是 别 去 碰 钉 子 了 。 然 而 ， 当 你 往 回 走 向 你 的 寄 宿 处 的 时 候 ， 一 个 黑 衣 老 妇 人 走 近 了 你 。 “ 我 是 {s11}的 侍 女 ， ” 她 快 速 低 语 道 。 “ 在 墙 外 的 泉 水 边 等 一 会 儿 。 我 会 把 小 姐 阁 下 伪 装 成 牧 羊 女 偷 偷 带 出 来 见 你 。 但 是 我 请 求 你 ， 为 了 咱 们 的 好 处 ， 小 心 点 ！ 
str_the_guards_glare_at_you_and_you_know_better_than_to_ask_permission_to_enter_however_as_you_walk_back_towards_your_lodgings_an_elderly_lady_dressed_in_black_approaches_you_i_am_s11s_nurse_she_whispers_urgently_her_ladyship_asks_me_to_say_that_yearns_to_see_you_but_that_you_should_bide_your_time_a_bit_her_ladyship_says_that_to_arrange_a_clandestine_meeting_so_soon_after_your_last_encounter_would_be_too_dangerous|守 卫 怒 视 着 你 ， 你 也 知 道 还 是 别 去 碰 钉 子 了 。 然 而 ， 当 你 往 回 走 向 你 的 寄 宿 处 的 时 候 ， 一 个 黑 衣 老 妇 人 走 近 了 你 。 “ 我 是 {s11}的 侍 女 ， ” 她 快 速 低 语 道 。 “ 小 姐 阁 下 说 她 想 见 你 ， 但 是 你 得 忍 耐 一 段 时 间 。 小 姐 阁 下 说 距 离 上 次 碰 面 这 么 短 的 时 间 又 安 排 一 次 秘 密 会 面 太 危 险 了 。 ”
str_the_guards_glare_at_you_and_you_know_better_than_to_ask_permission_to_enter|守 卫 对 你 怒 目 而 视 ， 他 的 举 动 让 你 明 白 在 这 里 你 不 会 受 欢 迎 。 
str_party_with_commander_mismatch__check_log_for_details_|部 队 指 挥 官 匹 配 错 误 ， 查 看 日 志 文 件 以 获 得 详 细 情 况 
str_doing_political_calculations_for_s9|为 {s9}做 政 治 考 虑 
str_current_wealth_reg1|当 前 财 富 ， {reg1}文 钱 
str_wanted_bandits_spotted_by_s4|被 追 捕 的 强 盗 被 {s4}发 现 
str_s4_ready_to_voice_objection_to_s3s_mission_if_in_party|如 果 在 队 伍 中 ， {s4}准 备 表 示 反 对 {s3}的 任 务 
str_strange_that_one_didnt_seem_like_your_ordinary_troublemaker_he_didnt_drink_all_that_much__he_just_stood_there_quietly_and_watched_the_door_you_may_wish_to_consider_whether_you_have_any_enemies_who_know_you_are_in_town_a_pity_that_blood_had_to_be_spilled_in_my_establishment|奇 怪 。 这 似 乎 并 不 像 普 通 的 麻 烦 制 造 者 。 他 不 喝 酒 也 不 吃 任 何 的 东 西 ， 他 就 站 在 那 里 ， 静 静 地 ， 看 着 门 。 您 可 能 要 考 虑 是 否 有 任 何 敌 人 ， 谁 知 道 你 在 城 里 ... 比 较 可 惜 的 是 血 ， 洒 在 我 待 着 的 地 方 ...
str_you_never_let_him_draw_his_weapon_still_it_looked_like_he_was_going_to_kill_you_take_his_sword_and_purse_i_suppose_he_was_trouble_but_its_not_good_for_an_establishment_to_get_a_name_as_a_place_where_men_are_killed|你 没 有 给 他 拔 出 武 器 的 机 会 …… 他 看 起 来 确 实 是 来 刺 杀 你 的 ， 长 袍 下 藏 着 他 的 武 器 和 雇 主 用 来 交 换 你 性 命 的 钱 袋 。 他 是 个 麻 烦 ， 但 是 ， 还 不 至 于 要 让 你 的 地 产 被 扣 上 杀 人 凶 宅 的 恶 名 。 
str_well_id_say_that_he_started_it_that_entitles_you_to_his_sword_and_purse_i_suppose_have_a_drink_on_the_house_as_i_daresay_youve_saved_a_patron_or_two_a_broken_skull_still_i_hope_he_still_has_a_pulse_its_not_good_for_an_establishment_to_get_a_name_as_a_place_where_men_are_killed|好 了 …… 我 得 说 是 他 挑 起 事 端 的 。 我 觉 得 你 有 权 享 有 他 的 剑 和 钱 包 。 到 屋 子 里 来 喝 一 杯 ， 我 猜 想 你 救 了 这 里 的 一 两 个 顾 客 不 至 于 被 砍 开 脑 壳 。 但 是 ， 我 希 望 那 个 人 还 有 脉 搏 。 一 个 店 家 有 人 在 那 里 被 杀 的 名 声 可 不 好 。 
str_stop_no_shooting_no_shooting|住 手 ！ 不 要 射 击 ！ 不 要 射 击 ！ 
str_em_ill_stay_out_of_this|呃 …… 我 不 参 与 这 个 。 
str_the_s12_is_a_labyrinth_of_rivalries_and_grudges_lords_ignore_their_lieges_summons_and_many_are_ripe_to_defect|{s12}是 一 个 充 满 了 恶 意 和 争 夺 的 迷 宫 ， 领 主 们 将 君 主 的 召 唤 置 之 不 理 ， 并 且 做 好 了 随 时 改 换 门 庭 的 准 备 。 
str_the_s12_is_shaky_many_lords_do_not_cooperate_with_each_other_and_some_might_be_tempted_to_defect_to_a_liege_that_they_consider_more_worthy|{s12}十 分 脆 弱 ， 大 多 数 领 主 之 间 毫 无 团 结 可 言 ， 还 有 一 些 人 很 可 能 会 因 为 诱 惑 而 转 投 向 他 们 认 为 更 值 得 效 忠 的 君 主 。 
str_the_s12_is_fairly_solid_some_lords_bear_enmities_for_each_other_but_they_tend_to_stand_together_against_outside_enemies|{s12}非 常 稳 固 ， 一 些 领 主 间 可 能 互 相 怀 有 敌 意 ， 但 是 一 旦 有 外 敌 入 侵 ， 他 们 总 是 会 团 结 起 来 一 致 对 外 。 
str_the_s12_is_a_rock_of_stability_politically_speaking_whatever_the_lords_may_think_of_each_other_they_fight_as_one_against_the_common_foe|按 照 官 方 的 说 法 ， {s12}稳 如 磐 石 。 领 主 们 可 能 会 对 其 他 人 略 有 不 满 ， 但 是 在 共 同 的 敌 人 面 前 他 们 彼 此 团 结 的 紧 密 无 间 。 
str_tribune_s12|护 民 官 {s12}
str_lady_s12|{s12}小 姐 
str_lord_s12|{s12}领 主 
str_resolve_the_dispute_between_s11_and_s12|解 决 {s11}和 {s12}的 争 执 
str_in_doing_so_you_will_be_in_violation_of_your_truce_is_that_what_you_want|这 样 做 将 会 打 破 你 的 停 战 协 定 ， 你 确 定 要 这 么 做 吗 ？ 
str_if_you_attack_without_provocation_some_of_your_vassals_may_consider_you_to_be_too_warlike_is_that_what_you_want|如 果 你 毫 无 理 由 的 开 战 ， 你 的 一 些 领 主 们 会 认 为 你 好 战 如 狂 ， 你 确 定 要 这 么 做 吗 ？ 
str_our_men_are_ready_to_ride_forth_at_your_bidding_are_you_sure_this_is_what_you_want|我 们 的 部 队 已 经 整 装 待 发 ， 只 等 你 的 一 声 令 下 ， 你 确 定 要 这 么 做 吗 ？ 
str_seek_recognition|寻 求 赏 识 
str_seek_vassalhood|寻 求 作 为 封 臣 
str_seek_a_truce|寻 求 休 战 
str__promised_fief|( 许 诺 封 地 )
str_no_fiefss12|( 无 封 地 ) {s12}
str_fiefs_s0s12|( 封 地 ， {s0}{s12})
str_please_s65_|请 {s65}， 
str__s15_is_also_being_held_here_and_you_may_wish_to_see_if_reg4shehe_will_join_us|{s15}已 经 被 我 们 所 控 制 ， 你 想 试 着 说 服 {reg4?她 :他 }加 入 吗 ？ 
str_one_thing_in_our_favor_is_that_s12s_grip_is_very_shaky_he_rules_over_a_labyrinth_of_rivalries_and_grudges_lords_often_fail_to_cooperate_and_many_would_happily_seek_a_better_liege|{s12}的 统 治 非 常 脆 弱 ， 这 对 我 们 而 言 的 确 是 一 个 好 消 息 。 他 治 下 的 领 主 们 彼 此 猜 忌 ， 充 满 了 争 斗 和 敌 意 ， 而 且 很 多 人 会 很 高 兴 打 开 城 门 欢 迎 一 个 更 好 的 君 主 。 
str_thankfully_s12s_grip_is_fairly_shaky_many_lords_do_not_cooperate_with_each_other_and_some_might_be_tempted_to_seek_a_better_liege|幸 运 的 是 ， {s12}的 统 治 非 常 脆 弱 ， 领 主 们 缺 乏 合 作 ， 互 相 猜 忌 ， 而 且 很 多 人 会 很 高 兴 打 开 城 门 欢 迎 一 个 更 好 的 君 主 。 
str_unfortunately_s12s_grip_is_fairly_strong_until_we_can_shake_it_we_may_have_to_look_long_and_hard_for_allies|不 幸 的 是 ， {s12}的 统 治 非 常 稳 固 。 除 非 我 们 找 到 动 摇 其 统 治 的 手 段 ， 我 们 必 须 多 观 望 一 段 时 间 ， 努 力 找 到 在 他 内 部 的 盟 友 。 
str_unfortunately_s12s_grip_is_very_strong_unless_we_can_loosen_it_it_may_be_difficult_to_find_allies|不 幸 的 是 ， {s12}的 统 治 极 其 稳 固 。 除 非 我 们 能 想 办 法 让 他 们 产 生 动 摇 ， 否 则 我 们 很 难 找 到 内 部 的 盟 友 。 
str_playername_come_to_plague_me_some_more_have_you|{playername}…… 我 猜 你 是 来 给 我 更 多 麻 烦 和 痛 苦 的 ， 不 是 吗 ？ 
str_ah_it_is_you_again|啊 。 又 是 你 ……
str_well_playername|那 么 ， {playername}
str_flagon_of_mead|一 壶 蜂 蜜 
str_skin_of_kumis|一 囊 马 奶 酒 
str_mug_of_kvass|一 罐 淡 啤 酒 
str_cup_of_wine|一 杯 葡 萄 酒 
str_you_intend_to_challenge_s13_to_force_him_to_retract_an_insult|你 决 定 向 {s13}提 出 挑 战 以 使 他 收 回 他 的 侮 辱 。 
str_youll_have_to_speak_to_me_at_some_other_time_then|我 们 换 个 时 间 再 讨 论 这 个 话 题 吧 。 
str_this_is_no_time_for_words|没 时 间 废 话 了 ！ 
str_of_course_my_wife|当 然 ， 我 的 妻 子 。 
str_perhaps_not_our_marriage_has_become_a_bit_strained_dont_you_think|我 不 这 样 认 为 ， 我 们 的 婚 姻 关 系 变 得 有 点 紧 张 ， 你 不 觉 得 吗 ？ 
str_why_is_that_my_wife_actually_our_marriage_has_become_such_that_i_prefer_to_have_a_witness_for_all_of_our_converations|我 的 妻 子 ， 为 什 么 会 变 成 这 样 呢 ？ 当 然 ， 我 们 的 婚 姻 确 实 变 得 如 此 ， 以 至 于 我 选 择 找 一 个 证 人 见 证 我 们 所 有 的 谈 话 。 
str_all_right_then_what_do_you_have_to_say_out_with_it|好 吧 ， 除 了 这 个 ， 你 还 有 什 么 要 说 的 吗 ？ 
str_bah__im_in_no_mood_for_whispering_in_the_corner|呸 ， 我 对 在 角 落 里 的 窃 窃 私 语 和 密 谋 没 有 兴 趣 。 
str_bah_i_dont_like_you_that_much_im_not_going_to_go_plot_with_you_in_some_corner|呸 ， 我 对 你 厌 恶 至 极 ， 我 才 不 会 和 你 在 阴 暗 的 角 落 讨 论 肮 脏 的 阴 谋 ！ 
str_well__now_what_do_you_have_to_propose|好 吧 ， 你 的 计 划 是 什 么 ？ 
str_trying_our_hand_at_intrigue_are_we_i_think_not|我 们 要 一 起 为 这 个 阴 谋 冒 险 吗 ？ 我 才 不 会 呢 。 
str_hah_i_trust_you_as_a_i_would_a_serpent_i_think_not|哈 哈 ， 我 对 你 的 信 任 不 比 对 全 世 界 任 何 一 条 毒 蛇 更 高 ， 我 拒 绝 。 
str_i_do_not_like_to_conduct_my_business_in_the_shadows_but_sometimes_it_must_be_done_what_do_you_have_to_say|我 并 不 想 参 与 你 那 些 见 不 得 人 的 计 划 ， 但 是 有 时 这 也 是 无 可 奈 何 的 。 你 都 有 什 么 想 法 ？ 
str_i_would_prefer_to_conduct_our_affairs_out_in_the_open|我 更 希 望 把 我 们 的 事 务 公 之 于 众 。 
str_do_not_take_this_amiss_but_with_you_i_would_prefer_to_conduct_our_affairs_out_in_the_open|如 果 是 与 你 合 作 的 话 ， 我 更 希 望 把 我 们 的 事 务 公 开 。 
str_hmm_you_have_piqued_my_interest_what_do_you_have_to_say|嗯 …… 你 激 起 了 我 的 兴 趣 ， 说 说 你 的 想 法 吧 。 
str_em_lets_keep_our_affairs_out_in_the_open_for_the_time_being|呃 …… 至 少 在 眼 前 ， 还 是 继 续 让 我 们 的 事 务 秘 密 进 行 吧 。 
str_thats_sensible__the_world_is_full_of_churls_who_poke_their_noses_into_their_betters_business_now_tell_me_what_it_is_that_you_have_to_say|很 明 智 ， 这 个 世 界 上 到 处 都 是 些 成 事 不 足 败 事 有 余 的 家 伙 。 现 在 告 诉 我 你 都 有 什 么 想 法 。 
str_what_do_you_take_me_for_a_plotter|你 想 让 我 做 什 么 ？ 一 个 密 谋 者 ？ 
str_well_i_normally_like_to_keep_things_out_in_the_open_but_im_sure_someone_like_you_would_not_want_to_talk_in_private_unless_heshe_had_a_good_reason_what_is_it|一 般 情 况 下 ， 我 比 较 喜 欢 保 持 事 成 后 再 公 开 ， 但 是 我 知 道 你 是 那 种 不 愿 意 参 与 密 谋 的 人 ， 除 非 有 一 个 很 好 的 理 由 。 说 说 你 的 理 由 吧 ？ 
str_surely_we_can_discuss_whatever_you_want_to_discuss_out_here_in_the_open_cant_we|我 确 定 你 想 谈 论 的 事 情 我 们 可 以 另 选 一 个 地 方 光 明 正 大 的 谈 ， 不 是 吗 ？ 
str_im_a_simple__man_not_one_for_intrigue_but_id_guess_that_you_have_something_worthwhile_to_say_what_is_it|我 是 一 个 直 性 子 ， 不 擅 长 什 么 计 谋 。 但 是 我 确 定 你 有 一 些 非 常 有 价 值 的 事 情 要 和 我 谈 ， 不 是 吗 ？ 
str_forgive_me_but_im_not_one_for_going_off_in_corners_to_plot|请 你 原 谅 ， 但 我 可 不 是 一 个 愿 意 躲 在 角 落 里 做 什 么 密 谋 的 人 。 
str_please_do_not_take_this_amiss_but_i_do_not_trust_you|别 犯 这 种 错 误 ， 但 我 还 不 信 任 你 。 
str_certainly_playername_what_is_it|当 然 ， {playername}。 你 想 说 些 什 么 ？ 
str_forgive_me_but_id_prefer_to_keep_our_conversations_in_the_open|请 你 原 谅 ， 我 不 会 公 开 我 们 刚 才 的 谈 话 的 。 
str_please_do_not_take_this_amiss_but_im_not_sure_you_and_i_are_still_on_those_terms|别 犯 这 种 错 误 ， 否 则 我 不 确 定 你 我 之 间 是 否 还 能 保 持 这 样 的 友 谊 。 
str_really_well_this_is_the_first_i_have_heard_of_it_unless_you_build_up_support_for_that_claim_you_may_find_it_difficult_to_find_allies_however_whenever_you_see_fit_to_declare_yourself_publically_as_queen_i_should_be_honored_to_be_your_consort|真 的 吗 ？ 好 吧 ， 这 是 我 第 一 次 听 到 这 件 事 。 除 非 你 为 称 王 做 好 了 足 够 的 准 备 并 得 到 足 够 的 支 持 ， 否 则 你 将 会 发 现 你 很 难 找 到 同 盟 。 不 过 ， 当 你 准 备 好 公 开 宣 告 自 己 为 女 王 时 ， 我 会 很 荣 幸 成 为 你 的 配 偶 。 
str_yes_i_have_heard_such_talk_while_it_is_good_that_you_are_building_up_your_support_i_do_not_think_that_you_are_quite_ready_to_proclaim_yourself_yet_however_i_will_let_you_be_the_judge_of_that_and_when_you_decide_i_should_be_honored_to_be_your_consort|不 错 ， 我 已 经 听 说 过 这 类 谈 话 。 虽 然 你 正 在 争 取 对 你 的 支 持 ， 这 样 做 很 好 ， 但 是 我 认 为 你 还 不 足 以 称 王 。 不 过 ， 我 会 让 你 来 权 衡 这 件 事 ， 并 且 一 旦 你 做 出 决 断 ， 我 将 十 分 荣 幸 地 站 到 你 这 边 来 。 
str_yes_and_many_others_in_calradia_think_so_as_well_perhaps_it_is_time_that_you_declared_yourself_and_we_shall_ride_forth_together_to_claim_your_throne_i_should_be_honored_to_be_your_consort|是 的 ， 而 且 在 日 本 许 多 别 的 人 也 都 这 么 想 。 或 许 这 是 你 发 出 宣 告 的 时 候 了 ， 我 们 会 向 你 效 忠 ， 而 且 我 会 很 荣 幸 成 为 你 的 配 偶 。 
str_i_am_disturbed_about_my_lord_s15s_choice_of_companions|我 为 我 大 人 {s15}选 择 伙 伴 的 品 味 而 感 到 深 深 的 困 扰 。 
str_well_ill_be_honest_i_feel_that_sometimes_s15_overlooks_my_rights_and_extends_his_protection_to_the_unworthy|好 吧 ， 说 实 在 的 ， 我 觉 得 {s15}常 常 忽 视 我 的 权 益 ， 而 重 视 和 保 护 那 些 不 值 一 提 的 人 和 事 。 
str_heh_one_thing_that_ill_say_about_s15_is_that_he_has_a_ripe_batch_of_bastards_in_his_court|呃 ， 对 于 {s15}， 我 得 说 ， {reg15?她 :他 }在 {reg15?她 :他 }的 身 边 养 了 一 大 群 杂 种 。 
str_well_sometimes_i_have_to_say_that_i_question_s15s_judgment_regarding_those_who_he_keeps_in_his_court|嗯 ， 有 时 候 由 于 {reg15?她 :他 }留 在 身 边 的 那 些 人 ， 我 对 {s15}的 判 断 力 产 生 了 质 疑 。 
str_s15_is_a_weak_man_who_too_easily_lends_his_ear_to_evil_council_and_gives_his_protection_to_some_who_have_done_me_wrong|{s15}是 个 意 志 薄 弱 的 统 治 者 ， 他 很 容 易 相 信 那 些 邪 魔 歪 道 ， 并 给 予 那 些 带 给 我 痛 苦 和 伤 害 的 家 伙 们 保 护 。 
str_i_will_confess_that_sometimes_i_worry_about_s15s_judgment_particularly_in_the_matter_of_the_counsel_that_he_keeps|我 坦 白 有 时 我 对 {s15}的 判 断 力 感 到 忧 虑 ， 尤 其 在 {reg15?她 :他 }听 信 的 那 些 进 言 上 。 
str_what_do_i_think_i_think_that_s15_is_a_vile_pretender_a_friend_to_the_flatterer_and_the_hypocrite|我 是 怎 么 认 为 的 ？ 我 认 为 {s15}是 一 个 卑 劣 的 篡 权 者 ！ 他 的 身 边 尽 是 些 谗 言 媚 上 之 徒 和 伪 君 子 ！ 
str_well_s15_is_not_like_you_ill_say_that_much|好 吧 ， {s15}和 你 不 一 样 ， 我 不 想 多 说 了 。 
str_s15_long_may_he_live|{s15}？ 愿 {reg15?她 :他 }长 寿 ！ 
str_he_is_my_liege_that_is_all_that_i_will_say_on_this_matter|{s15}是 我 的 君 主 ， 在 这 个 问 题 上 我 只 能 说 这 么 多 。 
str_that_you_are_the_rightful_heir_to_the_throne_of_calradia|你 是 日 本 王 室 正 统 的 继 承 人 吗 ？ 
str_that_s14_is_the_rightful_ruler_of_calradia|{s14}是 日 本 合 法 的 统 治 者 吗 ？ 
str_that_s14_will_rule_this_land_justly|{s14}会 公 正 的 统 治 这 片 大 陆 吗 ？ 
str_that_s14_will_protect_our_rights_as_nobles|{s14}会 保 障 我 们 的 贵 族 权 利 吗 ？ 
str_that_s14_will_unify_this_land_and_end_this_war|{s14}能 够 终 止 战 争 ， 统 一 这 片 大 陆 吗 ？ 
str_that_s14_will_reward_me_with_a_fief|{s14}会 奖 励 我 一 块 封 地 吗 ？ 
str_king|国 王 
str_queen|王 后 
str_khan|可 汗 
str_i|我 
str_according_to_the_ancient_law_and_custom_of_the_calradians_s45_should_be_s47|按 照 神 圣 的 远 古 律 条 和 日 本 不 变 的 风 俗 ， {s45}应 该 成 为 {s47}
str_because_s44_is_the_rightful_s47_of_the_s46|因 为 {s44}正 是 {s46}合 法 的 {s47}
str_you_speak_of_claims_and_legalities_yet_to_others_you_talk_of_bringing_peace_by_force|你 口 中 的 王 权 和 律 令 在 其 他 人 听 来 就 是 在 用 暴 力 来 获 取 和 平 
str_you_speak_of_bringing_peace_by_force_yet_to_others_you_make_legal_claims|你 声 称 将 用 暴 力 终 结 暴 力 ， 获 取 和 平 ， 这 样 的 说 法 在 其 他 人 听 来 就 是 合 法 的 称 王 。 
str_you_speak_to_some_of_upholding_the_rights_of_the_commons_yet_you_speak_to_others_of_uphold_the_rights_of_nobles_what_if_those_rights_are_in_conflict|你 先 声 称 你 将 支 持 普 通 民 众 的 权 利 ， 然 后 又 告 诉 那 些 贵 族 他 们 的 财 富 和 权 益 将 会 秋 毫 无 犯 ， 那 么 当 这 些 权 利 彼 此 冲 突 时 你 将 怎 么 办 呢 ？ 
str_you_speak_to_me_of_upholding_my_rights_as_a_lord_but_to_others_you_talk_of_upholding_the_rights_of_all_commons_what_if_those_rights_come_into_conflict|你 声 称 将 会 支 持 我 作 为 一 个 领 主 的 权 利 不 受 损 害 ， 但 是 对 其 他 人 你 又 声 称 你 将 支 持 平 民 获 得 他 们 的 权 利 ， 那 么 当 这 些 权 利 产 生 冲 突 的 时 候 你 将 怎 么 办 呢 ？ 
str_a_claim_should_be_strong_indeed_before_one_starts_talking_about_it|只 有 当 你 足 够 强 大 后 ， 称 王 才 是 一 个 明 智 的 选 择 。 
str_a_king_should_prove_his_valor_beyond_any_doubt_before_he_starts_talking_about_a_claim_to_the_throne|一 位 真 正 的 王 者 会 在 称 王 前 向 所 有 人 证 实 他 的 勇 猛 和 强 大 是 无 可 置 疑 的 。 
str_you_must_prove_yourself_a_great_warrior_before_men_will_follow_you_as_king|在 四 方 的 人 们 奉 你 为 王 前 ， 你 必 须 先 证 明 自 己 是 一 位 伟 大 的 战 士 。 
str_a_claim_to_the_throne_should_be_strong_indeed_before_one_presses_it|在 你 昭 告 自 己 的 王 权 前 ， 一 定 要 确 保 你 的 实 力 非 常 强 大 。 
str_indeed_but_a_man_must_also_prove_himself_a_great_warrior_before_men_will_follow_you_as_king|那 当 然 ， 不 过 你 必 须 先 证 明 自 己 是 一 位 伟 大 的 战 士 才 能 赢 得 别 人 对 你 的 信 服 和 忠 诚 。 
str_my_pigherd_can_declare_himself_king_if_he_takes_he_fancy_i_think_you_need_to_break_a_few_more_heads_on_tbe_battlefield_before_men_will_follow_you|只 要 我 养 的 猪 能 相 像 得 到 ， 它 们 也 可 以 自 称 为 王 ， 如 果 你 希 望 赢 得 别 人 的 信 服 和 忠 诚 ， 你 需 要 在 战 场 上 取 得 更 多 的 胜 利 和 荣 誉 。 
str_if_you_do_not_wish_to_die_on_a_scaffold_like_so_many_failed_pretenders_before_you_i_would_suggest_that_you_to_build_your_claim_on_stronger_foundations_so_that_men_will_follow_you|如 果 你 不 打 算 象 你 之 前 众 多 的 夺 权 者 一 样 被 吊 死 在 绞 刑 架 上 ， 我 建 议 你 先 巩 固 壮 大 自 己 的 实 力 ， 这 样 一 来 ， 在 你 称 王 时 才 会 有 人 追 随 你 。 
str_if_you_do_not_wish_to_die_on_a_scaffold_like_so_many_failed_pretenders_before_you_i_would_advise_you_prove_yourself_on_the_field_of_battle_so_that_men_will_follow_you|如 果 你 不 打 算 象 你 之 前 众 多 的 夺 权 者 一 样 被 吊 死 在 绞 刑 架 上 ， 我 建 议 你 先 在 战 场 上 证 明 你 是 一 个 值 得 追 随 的 君 主 ， 这 样 才 会 有 人 在 你 称 王 时 追 随 你 。 
str_talk_is_for_heralds_and_lawyers_real_kings_prove_themselves_with_their_swords|只 有 使 者 和 律 师 才 会 夸 夸 其 谈 ， 而 一 位 真 正 的 王 者 则 是 用 手 中 的 剑 来 宣 告 自 己 的 至 高 无 上 。 
str_i_were_you_i_would_try_to_prove_myself_a_bit_more_before_i_went_about_pressing_my_claim|如 果 我 是 你 ， 我 会 在 称 王 之 前 多 证 实 一 些 自 己 的 能 力 。 
str_indeed_please_continue|确 实 。 请 继 续 。 
str_me|我 
str_i_worry_about_those_with_whom_you_have_chosen_to_surround_yourself|我 对 你 选 择 的 伙 伴 很 担 心 。 
str_there_are_some_outstanding_matters_between_me_and_some_of_your_vassals_|我 和 你 属 下 的 封 臣 间 有 一 些 很 严 重 的 问 题 。 
str_my_liege_has_his_faults_but_i_dont_care_for_your_toadies|我 的 君 主 确 实 有 他 的 缺 点 和 错 误 ， 但 是 我 对 你 的 谄 媚 和 笼 络 没 有 兴 趣 。 
str_i_think_youre_a_good_man_but_im_worried_that_you_might_be_pushed_in_the_wrong_direction_by_some_of_those_around_you|我 相 信 你 是 一 个 正 直 的 人 ， 但 我 担 心 你 身 边 的 人 会 将 你 引 向 邪 路 。 
str_i_am_loathe_to_fight_alongside_you_so_long_as_you_take_under_your_wing_varlots_and_base_men|看 看 你 挑 选 的 左 膀 右 臂 和 你 的 手 下 吧 ， 我 对 他 们 只 有 厌 恶 ， 绝 不 会 和 他 们 在 一 起 为 你 战 斗 。 
str_ill_be_honest__with_some_of_those_who_follow_you_i_think_id_be_more_comfortable_fighting_against_you_than_with_you|我 诚 实 的 告 诉 你 ， 就 因 为 你 身 边 的 那 些 家 伙 ， 我 更 愿 意 和 你 战 斗 而 不 是 为 你 战 斗 。 
str_i_say_that_you_can_judge_a_man_by_the_company_he_keeps_and_you_have_surrounded_yourself_with_vipers_and_vultures|我 一 直 认 为 ， 物 以 类 聚 ， 人 以 群 分 。 而 你 的 身 边 则 环 绕 着 毒 蛇 和 秃 鹫 。 
str_you_know_that_i_have_always_had_a_problem_with_some_of_our_companions|你 知 道 ， 我 总 是 很 厌 恶 我 们 的 某 些 盟 友 。 
str_politically_i_would_be_a_better_position_in_the_court_of_my_current_liege_than_in_yours|从 政 治 上 来 说 ， 比 起 效 忠 于 你 的 阵 营 ， 我 能 在 现 在 的 君 主 手 下 获 得 更 好 的 职 位 。 
str_i_am_more_comfortable_with_you_and_your_companions_than_with_my_current_liege|我 觉 得 ， 比 起 我 现 在 的 君 主 ， 还 是 跟 你 和 你 的 盟 友 相 处 更 舒 服 。 
str_militarily_youre_in_no_position_to_protect_me_should_i_be_attacked_id_be_reluctant_to_join_you_until_you_could|从 军 事 上 考 虑 ， 如 果 我 遭 受 攻 击 ， 以 你 的 实 力 并 不 能 保 护 我 。 在 你 有 能 力 保 护 我 之 前 ， 我 不 会 愿 意 加 入 你 的 。 
str_militarily_when_i_consider_the_lay_of_the_land_i_realize_that_to_pledge_myself_to_you_now_would_endanger_my_faithful_retainers_and_my_family|从 军 事 上 考 虑 ， 我 仔 细 琢 磨 了 当 下 的 形 势 ， 如 果 现 在 宣 誓 效 忠 于 你 ， 可 能 会 危 害 到 我 的 家 族 和 所 有 忠 实 的 扈 从 。 
str_militarily_youre_in_no_position_to_come_to_my_help_if_someone_attacked_me_i_dont_mind_a_good_fight_but_i_like_to_have_a_chance_of_winning|从 军 事 上 考 虑 ， 如 果 有 人 攻 击 我 ， 你 没 法 帮 得 上 忙 。 我 不 介 意 打 一 场 好 仗 ， 但 我 希 望 能 有 胜 算 。 
str_militarily_you_would_have_me_join_you_only_to_find_myself_isolated_amid_a_sea_of_enemies|从 军 事 上 考 虑 ， 你 要 我 加 入 你 ， 只 是 为 了 看 到 我 被 敌 军 的 汪 洋 吞 没 。 
str_militarily_youre_in_no_position_to_come_to_my_help_if_someone_attacked_me_youd_let_me_be_cut_down_like_a_dog_id_bet|从 军 事 上 考 虑 ， 如 果 有 人 攻 击 我 ， 你 没 法 帮 得 上 忙 。 我 敢 打 赌 ， 你 会 让 我 像 狗 一 样 被 敌 人 砍 翻 。 
str_militarily_i_wouldnt_be_any_safer_if_i_joined_you|从 军 事 上 考 虑 ， 加 入 你 并 不 会 使 我 更 安 全 。 
str_militarily_i_might_be_safer_if_i_joined_you|从 军 事 上 考 虑 ， 加 入 你 可 能 会 让 我 更 安 全 。 
str_finally_there_is_a_cost_to_ones_reputation_to_change_sides_in_this_case_the_cost_would_be_very_high|最 后 ， 在 任 何 时 候 ， 即 使 有 足 够 的 理 由 放 弃 对 某 人 的 效 忠 ， 也 应 该 慎 重 考 虑 ， 因 为 有 一 个 轻 率 易 主 的 名 声 很 不 好 。 假 若 如 此 ， 我 名 誉 的 代 价 将 相 当 高 昂 。 
str_finally_there_is_a_cost_to_ones_reputation_to_change_sides_in_this_case_the_cost_would_be_significant|最 后 ， 在 任 何 时 候 ， 即 使 有 足 够 的 理 由 放 弃 对 某 人 的 效 忠 ， 也 应 该 慎 重 考 虑 ， 因 为 有 一 个 轻 率 易 主 的 名 声 很 不 好 。 假 若 如 此 ， 我 名 誉 的 损 失 将 十 分 重 大 。 
str_finally_there_is_a_cost_to_ones_reputation_to_change_sides_in_this_case_however_many_men_would_understand|最 后 ， 在 任 何 时 候 ， 即 使 有 足 够 的 理 由 放 弃 对 某 人 的 效 忠 ， 也 应 该 慎 重 考 虑 ， 因 为 有 一 个 轻 率 易 主 的 名 声 很 不 好 。 不 过 ， 既 然 如 此 ， 想 必 也 会 有 不 少 人 能 够 理 解 吧 。 
str_i_will_not_have_it_be_said_about_me_that_i_am_a_traitor_that_is_my_final_decision_i_have_nothing_more_to_say_on_this_matter|我 不 会 让 别 人 说 我 是 一 个 叛 变 者 的 。 这 是 我 最 后 的 决 定 ， 关 于 这 件 事 ， 我 不 想 再 说 什 么 了 。 
str_i_am_pledged_to_defend_s14_i_am_sorry_though_we_may_meet_on_the_battlefield_i_hope_that_we_will_still_be_friends|我 宣 誓 要 保 卫 {s14}， 抱 歉 。 虽 然 我 们 可 能 在 战 场 上 相 遇 ， 但 希 望 我 们 仍 然 是 朋 友 。 
str_i_really_cannot_bring_myself_to_renounce_s14_i_am_sorry_please_lets_not_talk_about_this_any_more|我 真 的 不 能 背 弃 {s14}， 抱 歉 。 请 不 要 再 跟 我 谈 这 件 事 情 了 。 
str_however_i_have_decided_that_i_must_remain_loyal_to_s14_i_am_sorry|无 论 怎 样 ， 我 已 经 决 定 继 续 效 忠 {s14}了 ， 抱 歉 。 
str_however_i_will_not_let_you_lead_me_into_treason_do_not_talk_to_me_of_this_again|无 论 怎 样 ， 我 不 愿 听 从 你 的 怂 恿 而 去 叛 国 。 别 再 跟 我 说 这 个 事 了 。 
str_its_not_good_to_get_a_reputation_as_one_who_abandons_his_liege_that_is_my_decision_let_us_speak_no_more_of_this_matter|一 个 背 叛 自 己 君 主 的 人 ， 很 难 有 个 好 名 声 。 这 就 是 我 最 后 的 决 定 。 我 们 别 再 谈 论 这 个 了 。 
str_ive_decided_to_stick_with_s14_i_dont_want_to_talk_about_this_matter_any_more|我 已 经 决 定 继 续 跟 随 {s14}了 。 我 不 想 再 讨 论 这 种 事 情 了 。 
str_you_are_challenging_me_to_a_duel_how_droll_as_you_wish_playername_it_will_be_good_sport_to_bash_your_head_in|你 准 备 向 我 发 起 决 斗 ？ 开 什 么 玩 笑 ！ 如 你 所 愿 ， {playername}， 打 爆 你 的 头 将 会 是 非 常 有 意 思 的 事 情 。 
str_call_me_coward_very_well_you_leave_me_no_choice|说 我 是 懦 夫 ？ 很 好 ， 你 让 我 别 无 选 择 。 
str_reg3_hours|{reg3}小 时 。 
str_hour|小 时 。 
str_however_circumstances_have_changed_since_we_made_that_decision_and_i_may_reconsider_shortly_s16|然 而 ， 此 一 时 ， 彼 一 时 ， 我 也 许 会 重 新 考 虑 一 下 。 {s16}
str_i_wish_to_marry_your_s11_s10_i_ask_for_your_blessing|我 希 望 能 与 你 的 {s11}成 婚 ， {s10}。 我 期 盼 你 的 祝 福 。 
str_i_wish_to_marry_your_s11_s10_i_ask_for_your_help|我 希 望 能 与 你 的 {s11}成 婚 ， {s10}。 我 希 望 得 到 你 的 帮 助 。 
str_you_plan_to_marry_s3_at_a_feast_hosted_by_s4_in_s5_you_should_be_notifed_of_the_feast_as_soon_as_it_is_held|你 计 划 在 {s5}由 {s4}主 办 的 茶 会 上 与 {s3}结 婚 。 茶 会 举 办 前 会 通 知 你 。 
str_your_s11_|你 的 {s11}， 
str_i_ask_again_may|我 再 说 一 遍 ， 也 许 
str_may|也 许 
str_very_well_as_far_as_im_concerned_i_suppose_she_can_see_most_anyone_she_likes__within_reason_of_course|很 好 。 依 我 看 ， 她 可 以 见 任 何 她 想 见 的 人 ， 不 过 当 然 了 ， 那 必 须 是 合 乎 礼 数 的 。 
str_very_well_an_alliance_with_you_could_be_valuable_go_chat_with_her_and_see_if_you_can_get_her_to_take_a_fancy_to_you_if_she_doesnt_and_if_we_still_want_to_conclude_this_business_then_i_can_make_her_see_reason|很 好 。 跟 你 联 姻 很 有 价 值 。 去 跟 她 聊 聊 吧 ， 看 看 你 能 不 能 打 动 她 的 芳 心 。 如 果 你 没 能 成 功 ， 而 我 们 仍 想 跟 你 达 成 合 作 的 话 ， 我 会 去 跟 她 讲 道 理 的 。 
str_you_have_my_blessing_to_pay_suit_to_her__so_long_as_your_intentions_are_honorable_of_course_depending_on_how_things_proceed_between_you_two_we_may_have_more_to_discuss_at_a_later_date|你 对 她 的 求 婚 将 得 到 我 的 祝 福 ， 只 要 你 的 出 发 点 是 好 的 ， 等 你 们 两 人 的 关 系 有 了 进 一 步 的 发 展 ， 我 们 再 来 谈 其 他 更 多 的 事 情 吧 。 
str_the_war_has_barely_begun_so_and_it_is_too_early_to_say_who_is_winning_and_who_is_losing|战 争 几 乎 才 刚 开 始 ， 因 此 现 在 说 谁 输 谁 赢 ， 还 都 为 时 过 早 。 
str_we_have_been_hitting_them_very_hard_and_giving_them_little_chance_to_recover|我 们 给 予 了 他 们 沉 重 的 打 击 ， 他 们 很 难 有 机 会 东 山 再 起 了 。 
str_the_fighting_has_been_hard_but_we_have_definitely_been_getting_the_better_of_them|战 斗 打 得 很 艰 难 ， 不 过 相 比 于 敌 人 ， 我 们 明 显 占 了 上 风 。 
str_they_have_been_hitting_us_very_hard_and_causing_great_suffering|他 们 给 了 我 们 沉 重 的 打 击 ， 给 我 们 造 成 了 重 大 的 损 失 。 
str_the_fighting_has_been_hard_and_i_am_afraid_that_we_have_been_having_the_worst_of_it|战 斗 打 得 很 艰 难 ， 恐 怕 我 们 正 处 于 劣 势 。 
str_both_sides_have_suffered_in_the_fighting|双 方 在 战 斗 中 互 有 胜 负 。 
str_no_clear_winner_has_yet_emerged_in_the_fighting_but_i_think_we_are_getting_the_better_of_them|战 场 的 局 势 目 前 仍 不 明 朗 。 不 过 我 认 为 优 势 在 我 们 这 里 。 
str_no_clear_winner_has_yet_emerged_in_the_fighting_but_i_fear_they_may_be_getting_the_better_of_us|战 场 的 局 势 目 前 仍 不 明 朗 。 不 过 我 恐 怕 优 势 在 他 们 那 里 。 
str_no_clear_winner_has_yet_emerged_in_the_fighting|战 场 的 局 势 目 前 仍 不 明 朗 。 
str_there_is_no_campaign_currently_in_progress|目 前 没 有 正 在 进 行 中 的 战 役 。 
str_we_are_assembling_the_army|我 们 正 在 召 集 军 队 。 
str_we_aim_to_take_the_fortress_of_s8|我 们 的 目 标 是 攻 取 {s8}。 
str_we_are_on_a_raid_and_are_now_targeting_s8|我 们 正 在 四 处 劫 掠 ， 现 在 的 目 标 是 {s8}。 
str_we_are_trying_to_seek_out_and_defeat_s8|我 们 正 试 着 找 到 并 击 败 {s8}。 
str_we_are_riding_to_the_defense_of_s8|我 们 正 赶 去 守 卫 {s8}。 
str_we_are_gathering_for_a_feast_at_s8|我 们 正 前 往 参 加 在 {s8}举 行 的 茶 会 。 
str__however_that_may_change_shortly_s14|不 过 ， 那 可 能 很 快 就 会 改 变 ， {s14}。 
str_it_is_our_custom_to_seal_any_such_alliances_with_marriage_and_in_fact_we_have_been_looking_for_a_suitable_groom_for_my_s11_s14|用 联 姻 的 方 式 来 巩 固 同 盟 ， 是 我 们 的 传 统 。 实 际 上 ， 我 们 正 在 为 我 的 {s11}， {s14}， 寻 找 一 位 如 意 郎 君 。 
str_once_again_|再 一 次 
str_cheat__marriage_proposal|作 弊 ， 求 婚 
str_you_plan_to_marry_s4_as_you_have_no_family_in_calradia_he_will_organize_the_wedding_feast|你 打 算 嫁 给 {s4}。 鉴 于 你 在 日 本 并 没 有 家 人 ， 所 以 婚 宴 由 他 来 张 罗 。 
str_s43_just_so_you_know_if_you_attack_me_you_will_be_in_violation_of_the_truce_you_signed_with_the_s34|{s43}， 你 要 知 道 ， 如 果 你 攻 击 我 ， 这 将 会 破 坏 你 与 {s34}签 订 的 和 约 。 
str_very_well__you_are_now_my_liege_as_well_as_my_husband|我 们 可 以 暂 时 保 持 这 样 ， 现 在 你 是 我 的 君 主 ， 也 是 我 的 丈 夫 ， 我 们 共 同 承 担 所 有 的 职 责 。 
str_i_thank_you_reg39my_ladylord|谢 谢 你 ， {reg39?尊 敬 的 女 士 :大 人 }。 
str_now_some_might_say_that_women_have_no_business_leading_mercenary_companies_but_i_suspect_that_you_would_prove_them_wrong_what_do_you_say|现 在 ， 也 许 有 人 会 说 ， 女 人 跟 领 导 佣 兵 团 这 类 事 情 没 有 任 何 关 系 ， 不 过 我 认 为 ， 你 能 证 明 他 们 的 观 点 是 错 的 。 你 觉 得 呢 ？ 
str_what_do_you_say_to_entering_the_service_of_s9_as_a_mercenary_captain_i_have_no_doubt_that_you_would_be_up_to_the_task|你 觉 得 加 入 到 {s9}的 麾 下 当 一 个 佣 兵 队 长 如 何 ？ 我 坚 信 你 能 胜 任 这 个 职 务 。 
str_s9_asked_you_to_rescue_s13_who_is_prisoner_at_s24|{s9}要 你 去 营 救 被 关 押 在 {s24}的 {s13}。 
str_s9_asked_you_to_attack_a_village_or_some_caravans_as_to_provoke_a_war_with_s13|{s9}要 你 去 袭 击 村 庄 或 者 商 队 ， 以 挑 起 与 {s13}的 战 争 。 
str_s9_asked_you_to_catch_the_three_groups_of_runaway_serfs_and_bring_them_back_to_s4_alive_and_breathing_he_said_that_all_three_groups_are_heading_towards_s3|{s9}要 你 抓 捕 三 群 逃 跑 的 农 奴 到 {s4}。 他 说 那 三 群 农 奴 一 定 是 朝 着 {s3}的 方 向 逃 跑 的 。 
str_you_intend_to_bring_goods_to_s9_in_preparation_for_the_feast_which_will_be_held_as_soon_as_conditions_permit|你 打 算 把 货 物 带 去 {s9}， 用 以 准 备 茶 会 。 一 旦 条 件 允 许 ， 茶 会 就 会 马 上 举 行 。 
str_hello_playername|你 好 ， {playername}
str_ah_my_gentle_playername_how_much_good_it_does_my_heart_to_see_you_again|能 再 见 到 你 ， 我 的 心 里 是 多 么 的 高 兴 啊 ！ 有 时 候 ， 我 都 觉 得 冥 冥 中 有 无 形 的 羁 绊 把 我 们 相 连 。 
str_playername__i_am_so_glad_to_see_you_again_i_must_say_i_do_envy_your_freedom_to_ride_out_and_experience_the_world|不 得 不 说 ， 我 真 羡 慕 你 能 在 外 面 自 由 驰 骋 ， 尽 情 体 验 这 个 世 界 。 
str_playername__i_am_so_glad_to_see_you_i_trust_that_you_have_been_behaving_honorably_since_last_we_met|我 相 信 自 从 我 们 上 一 次 见 面 之 后 ， 你 的 举 止 已 经 非 常 令 人 尊 敬 了 。 
str_playername__i_am_so_glad_that_you_were_able_to_come|真 高 兴 你 能 来 。 
str_i_do_enjoy_speaking_to_you_but_i_am_sure_you_understand_that_our_people_cluck_their_tongues_at_a_woman_to_spend_too_long_conversing_with_a_man_outside_her_family__although_the_heavens_know_its_never_the_man_who_is_held_to_blame_|我 真 的 很 享 受 与 你 的 交 谈 。 不 过 ， 我 觉 得 你 应 该 明 白 ， 如 果 一 个 女 人 花 了 过 多 的 时 间 跟 一 个 本 家 族 以 外 的 男 性 交 谈 ， 人 们 便 会 对 她 议 论 纷 纷 ， 而 上 天 知 道 ， 男 人 是 从 来 不 会 被 责 备 的 。 
str_as_much_as_i_enjoy_speaking_to_you_i_do_not_care_to_be_gossiped_about_by_others_who_might_lack_my_grace_and_beauty_|就 像 我 很 享 受 与 你 交 谈 一 样 ， 我 并 不 介 意 被 那 些 缺 乏 如 我 这 般 优 雅 与 美 丽 的 人 议 论 。 
str_i_do_so_enjoy_speaking_to_you_but_as_a_daughter_of_one_of_the_great_families_of_this_land_i_must_set_an_example_of_propriety_|我 很 享 受 与 你 的 交 谈 。 但 是 作 为 这 个 大 陆 上 最 伟 大 的 家 族 之 一 的 女 儿 ， 我 必 须 在 礼 仪 上 树 立 榜 样 。 
str_i_do_so_enjoy_speaking_to_you_but_as_a_daughter_of_good_family_i_must_protect_my_reputation_|我 很 享 受 与 你 的 交 谈 。 不 过 作 为 一 个 名 门 世 家 的 女 儿 ， 我 必 须 维 护 我 的 声 誉 。 
str_although_it_is_kind_of_you_to_pay_me_such_attentions_i_suspect_that_you_might_find_other_ladies_who_may_be_more_inclined_to_return_your_affection|感 谢 你 如 此 青 睐 于 我 ， 不 过 我 觉 得 ， 你 也 许 能 找 到 会 更 热 切 地 回 应 你 爱 意 的 女 士 。 
str_as_flattered_as_i_am_by_your_attentions_perhaps_you_should_seek_out_another_lady_of_somewhat_shall_we_say_different_tastes|受 到 你 如 此 的 青 睐 是 我 的 荣 幸 ， 不 过 你 可 能 得 去 寻 找 另 外 一 位 … 这 么 说 吧 … 一 位 有 不 同 品 味 的 女 士 。 
str_as_flattered_as_i_am_by_your_attentions_i_am_a_daughter_of_good_family_and_must_be_aware_of_my_reputation_it_is_not_seemly_that_i_converse_too_much_at_one_time_with_one_man_i_am_sure_you_understand_now_if_you_will_excuse_me|受 到 你 的 青 睐 很 是 荣 幸 ， 不 过 我 出 身 名 门 ， 所 以 必 须 注 意 自 己 的 声 誉 。 跟 一 个 男 人 交 谈 太 久 是 不 合 礼 数 的 。 我 知 道 你 能 理 解 的 。 现 在 我 只 能 说 ， 很 抱 歉 …
str_very_well__i_will_let_you_choose_the_time|很 好 ， 时 间 由 你 来 定 。 
str_good_i_am_glad_that_you_have_abandoned_the_notion_of_pushing_me_into_marriage_before_i_was_ready|好 ！ 我 很 高 兴 ， 你 放 弃 了 那 个 在 我 准 备 好 之 前 就 把 我 推 向 婚 姻 的 念 头 。 
str_i_am|我 是 
str_s12_s11_to_s14|{s12}{s14}的 {s11}
str_s12_i_am_here_for_the_feast|{s12}。 我 在 这 里 参 加 茶 会 。 
str_another_tournament_dedication_oh_i_suppose_it_is_always_flattering|另 一 段 竞 技 比 赛 献 词 ？ 哦 ， 我 想 净 是 些 吹 捧 的 话 ……
str_do_you_why_what_a_most_gallant_thing_to_say|你 这 样 做 了 ？ 嗨 ， 说 这 样 的 话 还 真 是 讨 女 孩 子 喜 欢 呢 。 
str_hmm_i_cannot_say_that_i_altogether_approve_of_such_frivolity_but_i_must_confess_myself_a_bit_flattered|嗯 .. 虽 说 不 能 完 全 赞 同 这 种 轻 浮 的 言 行 ， 不 过 必 须 承 认 我 还 蛮 受 用 的 。 
str_why_thank_you_you_are_most_kind_to_do_so|是 吗 ， 谢 谢 你 。 你 能 这 样 做 真 是 太 好 了 。 
str_you_are_most_courteous_and_courtesy_is_a_fine_virtue_|你 太 客 气 了 ， 谦 恭 有 礼 真 是 一 种 美 德 。 
str_hmm_youre_a_bold_one_but_i_like_that_|嗯 ， 你 是 个 鲁 莽 大 胆 的 家 伙 ， 不 过 我 喜 欢 。 
str_ah_well_they_all_say_that_but_no_matter_a_compliment_well_delivered_is_at_least_a_good_start_|呃 ， 好 吧 ， 他 们 都 这 么 说 。 不 过 没 关 系 。 明 确 的 恭 维 最 起 码 是 个 好 的 开 始 。 
str_oh_do_you_mean_that_such_a_kind_thing_to_say|噢 ！ 你 真 是 那 个 意 思 ？ 你 能 这 么 说 真 是 太 好 了 。 
str_you_are_a_most_gallant_young_man_|你 是 最 会 献 殷 勤 的 一 个 。 
str__do_come_and_see_me_again_soon|请 一 定 尽 快 来 看 我 。 
str_you_intend_to_ask_s12_for_permission_to_marry_s15|你 打 算 就 与 {s15}成 婚 一 事 ， 征 求 {s12}的 同 意 。 
str_you_intend_to_ask_s12_to_pressure_s10_to_marry_you|你 打 算 请 求 {s12}帮 忙 劝 说 {s10}与 你 成 婚 。 
str_do_be_careful_i_am_so_much_endebted_to_you_for_this|请 务 必 小 心 ！ 在 这 件 事 情 上 ， 我 真 的 非 常 感 激 你 …
str_go_then__we_shall_see_which_of_you_triumphs|去 吧 ， 那 么 ， 让 我 们 看 看 你 们 当 中 谁 会 成 功 …
str_sigh_i_will_never_truly_understand_men_and_their_rash_actions|唉 … 我 永 远 不 能 真 正 理 解 男 人 ， 以 及 他 们 鲁 莽 的 行 为 …
str_you_intend_to_challenge_s13_to_force_him_to_relinquish_his_suit_of_s11|你 打 算 挑 战 {s13}， 强 迫 他 放 弃 对 {s11}的 求 婚 。 
str_farewell|再 会 。 
str_farewell_playername|再 见 ， {playername}。 
str___we_believe_that_there_is_money_to_be_made_selling_|我 们 认 为 ， 钱 能 生 钱 。 
str__we_carry_a_selection_of_goods_although_the_difference_in_prices_for_each_is_not_so_great_we_hope_to_make_a_profit_off_of_the_whole|我 们 有 选 择 性 地 运 送 货 物 。 尽 管 单 件 货 物 的 差 价 并 不 是 很 大 ， 但 我 们 期 望 从 全 部 货 物 里 谋 取 利 润 。 
str_s14and_other_goods|{s14}和 其 它 商 品 。 
str__have_you_not_signed_a_truce_with_our_lord|你 是 不 是 没 有 跟 我 们 的 领 主 签 订 协 议 ？ 
str_parole|释 放 
str_normal|普 通 
str__meanwhile_s51_reg2areis_being_held_in_the_castle_but_reg2havehas_made_pledges_not_to_escape_and_reg2areis_being_held_in_more_comfortable_quarters|与 此 同 时 ， {s51}被 关 在 城 堡 里 ， 但 因 为 已 经 承 诺 了 不 会 逃 跑 ， 所 以 被 安 置 到 了 更 舒 服 的 住 处 。 
str_you_may_be_aware_my_lord_of_the_quarrel_between_s4_and_s5_which_is_damaging_the_unity_of_this_realm_and_sapping_your_authority_if_you_could_persuade_the_lords_to_reconcile_it_would_boost_your_own_standing_however_in_taking_this_on_you_run_the_risk_of_one_the_lords_deciding_that_you_have_taken_the_rivals_side|你 可 能 已 经 留 意 到 了 ， 陛 下 ， 发 生 在 {s4}与 {s5}之 间 的 ， 正 在 破 坏 王 国 团 结 和 削 弱 你 权 威 的 争 执 。 如 果 你 能 劝 他 们 重 归 于 好 ， 那 一 定 会 提 高 你 的 威 望 。 不 过 ， 你 必 须 冒 着 被 他 们 认 为 失 之 偏 颇 的 风 险 。 
str_you_may_be_aware_my_lord_of_the_quarrel_between_s4_and_s5_which_is_damaging_the_unity_of_this_realm_and_sapping_your_authority_if_you_could_persuade_the_lords_to_reconcile_i_imagine_that_s7_would_be_most_pleased_however_in_taking_this_on_you_run_the_risk_of_one_the_lords_deciding_that_you_have_taken_the_rivals_side|你 可 能 已 经 留 意 到 了 ， {我 的 大 人 /尊 敬 的 女 士 }， 发 生 在 {s4}与 {s5}之 间 的 ， 正 在 破 坏 王 国 团 结 的 争 执 。 如 果 你 能 劝 他 们 重 归 于 好 ， 那 一 定 会 大 大 的 取 悦 {s7}。 不 过 ， 你 必 须 冒 着 被 他 们 认 为 你 失 之 偏 颇 的 风 险 。 
str__of_course_the_land_is_currently_at_peace_so_you_may_have_better_luck_in_other_realms|当 然 ， 这 个 地 方 目 前 处 于 和 平 之 中 ， 所 以 你 也 许 该 去 其 他 王 国 碰 碰 运 气 。 
str_here|这 儿 
str_over|那 里 
str_s8_in_s12|{s8}在 {s12}里 
str__has_put_together_a_bounty_on_some_bandits_who_have_been_attacking_travellers_in_the_area|已 经 凑 齐 了 一 笔 赏 金 ， 用 来 奖 励 那 些 干 掉 了 附 近 的 拦 路 强 盗 的 人 。 
str__is_looking_for_a_way_to_avoid_an_impending_war|正 在 寻 求 办 法 ， 阻 止 即 将 发 生 的 战 争 。 
str__may_need_help_rescuing_an_imprisoned_family_member|也 许 需 要 人 帮 忙 营 救 被 囚 禁 的 家 族 成 员 。 
str__has_been_asking_around_for_someone_who_might_want_work_id_watch_yourself_with_him_though|正 在 找 需 要 工 作 的 人 。 不 过 跟 他 做 事 你 得 当 心 。 
str_town|城 镇 
str_castle|城 堡 
str__but_he_is_holding_there_as_a_prisoner_at_dungeon_of_s13|但 是 {reg4?她 :他 }现 在 正 作 为 囚 犯 被 扣 押 在 {s13}的 地 牢 里 。 
str_they_say_that_s9_is_a_most_conventional_maiden__devoted_to_her_family_of_a_kind_and_gentle_temperament_a_lady_in_all_her_way|据 说 {s9}是 一 个 相 当 保 守 而 传 统 的 未 婚 女 子 ， 忠 实 地 为 家 族 奉 献 ， 性 格 友 善 ， 气 质 温 柔 ， 始 终 如 一 。 
str_they_say_that_s9_is_a_bit_of_a_romantic_a_dreamer__of_a_gentle_temperament_yet_unpredictable_she_is_likely_to_be_led_by_her_passions_and_will_be_trouble_for_her_family_ill_wager|据 说 {s9}是 个 有 点 感 性 而 喜 欢 幻 想 的 人 ， 气 质 温 柔 ， 然 而 又 让 人 捉 摸 不 定 。 她 很 容 易 受 到 自 己 热 情 的 驱 使 ， 我 敢 打 赌 ， 这 会 给 她 的 家 族 带 来 麻 烦 。 
str_they_say_that_s9_is_determined_to_marry_well_and_make_her_mark_in_the_world_she_may_be_a_tremendous_asset_for_her_husband__provided_he_can_satisfy_her_ambition|据 说 {s9}下 决 心 一 定 要 嫁 得 很 好 ， 并 且 让 自 己 名 满 天 下 。 她 也 许 会 是 她 丈 夫 的 一 笔 巨 大 财 富 ， 不 过 前 提 是 丈 夫 要 能 满 足 她 的 野 心 ！ 
str_they_say_that_s9_loves_to_hunt_and_ride_maybe_she_wishes_she_were_a_man_whoever_she_marries_will_have_a_tough_job_keeping_the_upper_hand_i_would_say|据 说 {s9}喜 欢 骑 马 打 猎 。 也 许 她 希 望 自 己 是 个 男 人 吧 ！ 谁 要 是 娶 了 她 ， 就 得 花 大 力 气 管 住 她 ， 反 正 我 是 这 么 认 为 的 。 
str_they_say_that_s9_is_a_lady_of_the_highest_moral_standards_very_admirable_very_admirable__and_very_hard_to_please_ill_warrant|据 说 {s9}是 一 个 有 着 很 高 的 道 德 标 准 的 女 士 。 令 人 钦 佩 ， 非 常 令 人 钦 佩 ， 同 时 也 非 常 难 以 取 悦 ， 我 保 证 。 
str_s9_is_now_betrothed_to_s11_soon_we_believe_there_shall_be_a_wedding|{s9}如 今 和 {s11}订 婚 了 。 我 们 相 信 不 久 这 里 将 会 有 一 场 婚 礼 ！ 
str_i_have_not_heard_any_news_about_her|我 还 没 听 到 关 于 她 的 任 何 消 息 。 
str_they_say_that_s9_has_shown_favor_to_s11_perhaps_it_will_not_be_long_until_they_are_betrothed__if_her_family_permits|据 说 {s9}已 经 对 {s11}表 示 过 好 感 。 也 许 不 久 之 后 他 们 就 会 订 婚 ， 如 果 她 的 家 族 允 许 的 话 。 
str_they_say_that_s9_has_been_forced_by_her_family_into_betrothal_with_s11|据 说 {s9}的 家 族 已 经 强 迫 她 与 {s11}订 婚 了 。 
str_they_say_that_s9_has_agreed_to_s11s_suit_and_the_two_are_now_betrothed|据 说 {s9}已 经 答 应 了 {s11}的 求 婚 ， 而 且 现 在 他 们 已 经 订 婚 了 。 
str_they_say_that_s9_under_pressure_from_her_family_has_agreed_to_betrothal_with_s11|据 说 {s9}迫 于 家 族 的 压 力 ， 答 应 与 {s11}订 婚 。 
str_they_say_that_s9_has_refused_s11s_suit|据 说 {s9}拒 绝 了 {s11}的 求 婚 。 
str_they_say_that_s11_has_tired_of_pursuing_s9|据 说 {s11}已 经 对 追 求 {s9}感 到 厌 倦 了 。 
str_they_say_that_s9s_family_has_forced_her_to_renounce_s11_whom_she_much_loved|据 说 {s9}受 家 族 所 迫 ， 与 深 爱 的 {s11}分 手 了 。 
str_they_say_that_s9_has_run_away_with_s11_causing_her_family_much_grievance|据 说 {s9}跟 {s11}私 奔 了 ， 这 让 她 的 家 族 非 常 不 满 。 
str_they_say_that_s9_and_s11_have_wed|据 说 {s9}和 {s11}已 经 结 婚 了 。 
str_they_say_that_s9_was_recently_visited_by_s11_who_knows_where_that_might_lead|据 说 {s11}最 近 拜 访 了 {s9}。 谁 知 道 接 下 来 会 怎 样 ！ 
str_there_is_not_much_to_tell_but_it_is_still_early_in_the_season|没 什 么 可 说 的 ， 不 过 现 在 离 本 季 结 束 还 早 。 
str_s12there_is_a_feast_of_the_s3_in_progress_at_s4_but_it_has_been_going_on_for_a_couple_of_days_and_is_about_to_end_|{s12}有 一 场 {s3}举 办 的 茶 会 正 在 {s4}进 行 ， 不 过 已 经 持 续 了 好 几 天 ， 现 在 快 要 结 束 了 。 
str_s12there_is_a_feast_of_the_s3_in_progress_at_s4_which_should_last_for_at_least_another_day_|{s12}有 一 场 {s3}举 办 的 茶 会 正 在 {s4}进 行 ， 而 且 至 少 将 持 续 到 明 天 。 
str_s12there_is_a_feast_of_the_s3_in_progress_at_s4_which_has_only_just_begun_|{s12}有 一 场 {s3}举 办 的 茶 会 正 在 {s4}进 行 ， 而 且 刚 开 始 不 久 。 
str_not_at_this_time_no|现 在 不 行 ， 不 可 以 。 
str_s12the_great_lords_bring_their_daughters_and_sisters_to_these_occasions_to_see_and_be_seen_so_they_represent_an_excellent_opportunity_to_make_a_ladys_acquaintance|{s12}大 贵 族 们 带 着 他 们 的 姐 妹 和 女 儿 ， 出 席 各 种 场 合 ， 抛 头 露 面 ， 因 此 有 极 好 的 机 会 结 识 某 位 小 姐 。 
str_you_will_not_be_disappointed_sirmadam_you_will_not_find_better_warriors_in_all_calradia|你 不 会 失 望 的 ， {先 生 /夫 人 }。 在 整 个 日 本 找 不 出 比 他 们 更 好 的 战 士 了 。 
str_your_excellency|阁 下 
str_s10_and_s11|{s10}和 {s11}
str_your_loyal_subjects|你 忠 实 的 臣 民 
str_loyal_subjects_of_s10|{s10}的 忠 实 臣 民 
str_the|那 个 
str_we|我 们 
str_track_down_s7_and_defeat_him_defusing_calls_for_war_within_the_s11|找 到 {s7}并 击 败 他 ， 以 解 除 {s11}的 战 事 。 
str_track_down_the_s9_who_attacked_travellers_near_s8_then_report_back_to_the_town|追 踪 袭 击 {s8}附 近 过 往 行 人 的 {s9}， 然 后 返 回 城 镇 报 告 。 
str_do_you_wish_to_award_it_to_one_of_your_vassals|你 打 算 把 它 授 予 你 的 某 个 封 臣 吗 ？ 
str_who_do_you_wish_to_give_it_to|你 打 算 把 它 授 予 谁 ？ 
str_sire_my_lady_we_have_taken_s1_s2|陛 下 ， 我 们 取 下 了 {s1}。 {s2}
str_s12i_want_to_have_s1_for_myself|{s12}我 打 算 保 留 {s1}给 我 自 己 。 {s2}
str_fiefs_s0|( 封 地 ， {s0})
str_production_setting_buy_from_market|我 们 正 在 从 集 市 上 购 买 原 材 料 。 
str_production_setting_buy_from_inventory|我 们 只 使 用 我 们 仓 库 里 的 原 料 。 
str_production_setting_produce_to_inventory|我 们 把 我 们 的 产 品 搬 到 仓 库 去 。 
str_production_setting_produce_to_market|我 们 把 我 们 的 产 品 直 接 卖 给 仓 库 。 
str_feast_quest_expired|你 没 能 按 照 计 划 举 办 茶 会 。 很 可 能 是 被 大 的 战 役 或 者 其 他 事 件 所 干 扰 。 只 要 你 愿 意 ， 你 可 以 试 着 再 次 举 办 茶 会 。 
str_whereabouts_unknown|下 落 不 明 
str_mulberry_groves|数 英 亩 的 桑 树 林 
str_olive_groves|数 英 亩 的 橄 榄 树 林 
str_acres_flax|数 英 亩 的 亚 麻 田 
str_enterprise_enemy_realm|{先 生 /夫 人 }， 你 是 这 个 国 家 的 敌 人 。 我 们 不 能 让 你 在 这 里 买 地 。 
str_you_intend_to_denounce_s14_to_s13_on_behalf_of_s12|你 打 算 代 表 {s12}向 {s13}偷 偷 揭 发 {s14}
str_you_intend_to_denounce_s14_to_his_face_on_behalf_of_s14|你 打 算 代 表 {s12}公 开 揭 发 {s14}。 
str_you_intend_to_bring_gift_for_s14|你 打 算 带 着 绸 缎 和 毛 皮 到 {s12}那 里 去 。 然 后 ， 和 {s14}谈 一 谈 , 看 看 {s12}能 否 安 排 一 次 和 解 。 
str_we_will_gather_the_army_but_not_ride_until_we_have_an_objective|我 们 将 集 合 军 队 ， 但 是 在 确 定 目 标 之 前 不 要 贸 然 行 动 。 
str_we_shall_lay_siege_to_an_easy_fortress_to_capture|我 们 正 在 向 他 们 防 守 最 薄 弱 的 堡 垒 集 结 部 队 。 
str_we_shall_strike_at_the_heart_of_our_foe_and_seize_the_fortress_of_s14|我 们 打 算 对 他 们 进 行 致 命 的 猛 烈 攻 击 。 
str_we_shall_take_the_fortress_of_s14_which_appears_easily_defensible|我 们 打 算 攻 占 一 座 对 我 们 来 说 易 于 防 守 的 堡 垒 。 
str_we_shall_cut_a_fiery_trail_through_their_richest_lands_to_draw_them_out_to_battle|我 们 将 他 们 最 富 庶 的 地 区 化 为 焦 土 ， 迫 使 他 们 前 来 应 战 。 
str_strategy_criticism_rash|我 认 为 这 个 策 略 太 草 率 ， 没 必 要 让 我 们 的 军 队 暴 露 在 危 险 之 下 。 
str_strategy_criticism_cautious|我 认 为 这 个 策 略 过 于 谨 慎 了 ， 会 让 我 们 因 为 没 有 任 何 胜 绩 而 导 致 军 心 涣 散 。 
str_tavernkeeper_invalid_quest|有 些 事 情 在 做 ， 但 是 我 想 不 起 来 详 细 的 内 容 了 。 
str_faction_title_male_player|{s0}
str_faction_title_male_1|{s0}
str_faction_title_male_2|{s0}
str_faction_title_male_3|{s0}
str_faction_title_male_4|{s0}
str_faction_title_male_5|{s0}
str_faction_title_male_6|{s0}
str_faction_title_male_7|{s0}
str_faction_title_male_8|{s0}
str_faction_title_male_9|{s0}
str_faction_title_male_10|{s0}
str_faction_title_male_11|{s0}
str_faction_title_male_12|{s0}
str_faction_title_male_13|{s0}
str_faction_title_male_14|{s0}
str_faction_title_male_15|{s0}
str_faction_title_male_16|{s0}
str_faction_title_male_17|{s0}
str_faction_title_male_18|{s0}
str_faction_title_male_19|{s0}
str_faction_title_male_20|{s0}
str_faction_title_male_21|General {s0}
str_faction_title_male_22|General {s0}
str_faction_title_male_23|General {s0}
str_faction_title_male_24|General {s0}
str_faction_title_male_25|General {s0}
str_faction_title_male_26|General {s0}
str_faction_title_female_6|{s0}
str_faction_title_female_7|{s0}
str_faction_title_female_8|{s0}
str_faction_title_female_9|{s0}
str_faction_title_female_10|{s0}
str_faction_title_female_11|{s0}
str_faction_title_female_12|{s0}
str_faction_title_female_13|{s0}
str_faction_title_female_14|{s0}
str_faction_title_female_15|{s0}
str_faction_title_female_16|{s0}
str_faction_title_female_17|{s0}
str_faction_title_female_18|{s0}
str_faction_title_female_20|{s0}
str_name_kingdom_text|你 的 家 族 的 名 字 ？ 
str_default_kingdom_name|{s0}
str_lord_defects_ordinary|领 主 背 叛 ^^{s1}已 经 放 弃 了 {reg4?她 :他 }对 {s3}的 效 忠 ， 加 入 了 {s2}
str_lord_defects_player|领 主 背 叛 ^^{s1}已 经 放 弃 了 {reg4?她 :他 }对 {s3}的 效 忠 。 他 已 经 暂 时 加 入 你 的 王 国 。 你 可 以 去 你 的 领 主 大 厅 接 受 宣 誓 ， 如 果 你 愿 意 的 话 。 
str_lord_defects_player_faction|领 主 背 叛 ^^{s1}已 经 放 弃 了 {reg4?她 :他 }对 {s3}的 效 忠 。 他 已 经 暂 时 加 入 你 的 王 国 。 你 可 以 去 你 的 领 主 大 厅 接 受 宣 誓 ， 如 果 你 愿 意 的 话 。 
str_lord_indicted_player_faction|根 据 {s6}的 命 令 ， {s5}的 {s4}被 指 控 叛 国 。 这 个 领 主 被 剥 夺 了 {reg4?她 :他 }的 所 有 财 产 ， 并 且 四 处 逃 命 。 他 想 加 入 你 的 王 国 。 你 可 以 去 你 的 领 主 大 厅 接 受 {reg?她 :他 }的 宣 誓 ， 如 果 你 愿 意 的 话 。 
str_lord_indicted_dialog_approach|你 好 ， {我 的 大 人 /尊 敬 的 女 士 }。 你 也 许 听 说 过 我 在 {s10}手 下 的 恶 劣 遭 遇 。 你 善 待 封 臣 ， 名 声 在 外 ， 如 果 你 愿 意 接 纳 我 ， 我 很 乐 意 对 你 效 忠 做 你 的 封 臣 。 
str_lord_indicted_dialog_approach_yes|我 很 乐 意 接 受 你 的 效 忠 。 
str_lord_indicted_dialog_approach_no|对 不 起 。 我 不 需 要 你 来 效 力 。 
str_lord_indicted_dialog_rejected|真 的 ？ 那 么 ， 也 许 你 那 名 声 是 一 种 谣 传 。 日 安 ， {我 的 大 人 /尊 敬 的 女 士 }， 我 去 看 看 日 本 是 否 有 别 的 统 治 者 更 赏 识 我 的 才 能 。 
str__has_been_worried_about_bandits_establishing_a_hideout_near_his_home|担 心 强 盗 在 他 的 领 地 建 立 了 一 个 藏 身 之 处 。 
str_bandit_lair_quest_description|找 到 并 摧 毁 {s9}， 然 后 向 {s11}汇 报 。 
str_bandit_hideout_preattack|你 靠 近 了 那 个 贼 窝 ， {s4}看 起 来 还 没 有 发 现 你 ， 而 你 可 以 继 续 悄 无 声 息 地 潜 行 。 靠 近 那 个 地 点 ， {s5}， 的 困 难 在 于 只 能 有 你 部 队 里 的 少 数 士 兵 可 以 参 与 进 攻 ， 而 且 还 不 能 骑 马 。 如 果 你 第 一 次 进 攻 失 败 了 ， 那 些 {s4}将 能 够 轻 易 地 逃 走 消 失 。 你 打 算 进 攻 这 个 隐 蔽 所 ， 还 是 等 待 下 次 的 机 会 ？ 
str_bandit_hideout_failure|那 些 {s4}击 退 了 你 的 进 攻 。 你 重 整 部 队 ， 再 次 进 发 却 发 现 他 们 四 散 而 去 ， 消 失 在 了 茫 茫 荒 野 之 中 ， 毫 无 疑 问 地 他 们 将 继 续 成 为 这 片 地 区 旅 行 者 们 的 威 胁 。 
str_bandit_hideout_success|随 着 他 们 的 退 路 被 切 断 ， 那 些 {s4}在 你 的 果 断 进 攻 下 一 个 接 着 一 个 倒 下 。 他 们 的 藏 身 之 所 ， 以 及 他 们 的 不 义 之 财 ， 现 在 是 你 的 了 。 
str_bandit_approach_defile|钻 入 一 条 狭 窄 的 隘 路 
str_bandit_approach_swamp|穿 过 一 片 树 林 沼 泽 
str_bandit_approach_thickets|穿 过 一 片 浓 密 的 灌 木 丛 
str_bandit_approach_cliffs|爬 上 一 条 悬 崖 上 的 小 道 
str_bandit_approach_cove|钻 进 一 个 穿 过 海 边 悬 崖 的 河 床 
str_political_explanation_lord_lacks_center|在 这 种 情 况 下 ， 领 地 应 该 封 给 一 个 既 没 有 土 地 又 没 有 收 入 的 领 主 。 
str_political_explanation_lord_took_center|在 这 种 情 况 下 ， 城 堡 应 该 归 属 于 攻 下 这 里 的 人 。 
str_political_explanation_most_deserving_friend|在 这 种 情 况 下 ， 我 会 考 虑 从 我 的 挚 友 和 心 腹 中 ， 选 出 一 个 最 值 得 奖 赏 的 人 ， 作 为 领 地 的 主 人 。 
str_political_explanation_most_deserving_in_faction|在 这 种 情 况 下 ， 我 会 考 虑 从 这 个 王 国 的 所 有 领 主 中 ， 挑 选 一 个 最 值 得 奖 赏 的 人 ， 作 为 领 地 的 主 人 。 
str_political_explanation_self|因 为 缺 少 其 他 显 见 的 候 选 人 ， 我 提 名 我 自 己 。 
str_political_explanation_marshal|我 选 择 我 们 的 贵 族 当 中 最 勇 敢 的 ， 我 所 信 任 的 ， 并 且 和 大 家 都 相 处 的 很 融 洽 的 那 个 人 。 
str_prisoner_at_large|大 的 ， 那 个 追 捕 者 在 战 斗 中 被 击 败 之 后 。 我 希 望 你 的 朋 友 马 上 重 新 露 面 。 
str_quick_battle_scene_1|农 舍 
str_quick_battle_scene_2|Snowy Forest
str_quick_battle_scene_3|An Open Field
str_quick_battle_scene_4|Castle 1
str_quick_battle_scene_5|Castle 2
str_quick_battle_troop_1|由 于 罗 得 里 格 ． 波 拉 冈 卡 的 存 在 ， 城 里 的 每 一 个 人 太 阳 下 山 以 后 出 门 都 得 带 上 武 装 警 卫 。 曾 经 有 个 野 心 勃 勃 的 商 人 来 到 提 哈 ， 带 着 一 小 笔 珠 宝 财 富 梦 想 着 能 垄 断 丝 绸 市 场 ， 他 很 快 就 成 了 叫 花 子 ， 在 和 串 通 一 气 的 罗 多 克 商 会 之 间 的 残 酷 竞 争 中 失 去 了 一 切 。 但 是 他 很 快 就 弃 商 从 武 ， 并 且 将 他 厉 害 的 生 意 技 能 投 入 到 了 打 造 维 鲁 加 最 亡 命 的 犯 罪 团 伙 之 中 ， 藏 匿 并 且 行 动 在 每 一 个 大 城 镇 里 。 他 达 到 了 自 己 的 目 的 ， 因 为 他 脑 袋 的 价 格 远 远 超 过 了 他 曾 经 追 求 的 财 富 。 现 在 他 很 乐 于 帮 他 以 前 竞 争 对 手 的 财 产 减 减 负 ， 还 有 他 的 勇 士 。 
str_quick_battle_troop_2|当 她 十 七 岁 时 ， 乌 塞 塔 尔 以 一 种 简 单 而 又 血 腥 的 风 格 ， 夺 取 了 一 群 强 盗 的 领 导 权 ， 而 他 们 占 据 着 日 本 王 国 以 南 沙 漠 中 的 一 个 乡 下 村 庄 西 里 。 在 她 的 指 挥 下 ， 这 群 恶 棍 很 快 在 整 个 南 方 扩 张 了 他 们 的 活 动 范 围 。 她 精 明 ， 性 格 果 断 ， 再 加 上 她 毫 无 怜 悯 的 野 心 ， 依 照 她 非 人 般 的 冷 静 和 残 忍 行 事 ， 不 断 赢 得 她 追 随 者 们 狂 热 的 敬 佩 。 同 样 地 ， 她 自 己 过 着 一 种 颓 废 ， 糟 糕 的 生 活 方 式 ， 建 立 在 她 旅 途 中 进 行 的 凶 暴 劫 掠 之 上 。 她 的 军 事 实 力 和 天 生 的 战 略 头 脑 让 她 在 她 的 家 乡 保 持 着 不 可 战 胜 的 地 位 ， 而 现 在 她 把 目 光 投 向 了 日 本 富 裕 的 领 土 上 来 维 持 她 的 战 团 。 
str_quick_battle_troop_3|作 为 一 个 生 活 在 乌 克 斯 豪 尔 附 近 的 小 贵 族 的 次 子 ， 荷 根 学 习 过 战 争 的 艺 术 和 单 打 独 斗 的 技 巧 。 受 封 为 骑 士 之 后 他 作 为 一 名 受 雇 用 的 骑 士 在 乌 克 斯 豪 尔 的 领 主 军 队 里 面 服 役 同 维 吉 亚 作 战 ， 直 到 有 一 天 领 导 一 群 骑 马 侍 从 击 败 了 一 次 库 吉 特 在 阿 密 尔 附 近 的 袭 击 。 继 而 进 行 的 反 击 以 及 随 后 的 两 次 战 役 带 给 了 他 勇 士 的 光 荣 和 名 声 。 不 幸 的 是 ， 当 和 平 到 来 他 就 被 解 雇 ， 失 去 了 名 扬 四 方 的 机 会 。 因 为 没 有 继 承 的 希 望 而 他 的 武 艺 又 在 和 平 时 期 日 渐 消 磨 ， 他 聚 集 其 他 年 轻 的 勇 士 组 成 了 一 支 佣 兵 团 。 好 在 日 本 从 来 不 缺 需 要 雇 佣 军 的 交 战 国 ， 他 现 在 就 寄 希 望 于 此 了 。 
str_quick_battle_troop_4|肯 拉 德 是 一 名 专 业 雇 佣 兵 ， 来 自 遥 远 的 巴 里 昂 大 陆 ， 远 在 辽 阔 的 大 洋 西 边 。 在 战 事 中 度 过 自 己 大 部 分 的 时 光 并 且 经 历 了 不 计 其 数 的 战 斗 之 后 ， 肯 拉 德 变 得 热 爱 上 了 他 那 赏 金 战 士 的 生 活 。 尽 管 他 的 鼻 子 曾 经 被 一 支 锤 子 砸 得 扁 平 还 遭 受 过 许 多 创 伤 ， 他 仍 然 靠 他 强 壮 的 体 格 ， 天 生 的 狡 猾 和 纯 粹 的 运 气 在 这 种 险 恶 的 生 活 中 存 活 了 下 来 。 听 说 在 日 本 有 利 于 事 业 的 机 会 等 待 着 有 才 能 的 人 ， 肯 拉 德 和 他 的 部 下 租 了 一 艘 船 越 洋 过 海 来 新 的 战 争 中 寻 找 机 会 。 一 个 和 日 本 诸 国 没 有 任 何 关 联 的 自 由 战 士 ， 他 非 常 乐 意 为 任 何 可 以 给 他 丰 厚 报 酬 的 领 主 效 力 。 
str_quick_battle_troop_5|瑟 沃 勒 是 一 名 所 谓 的 海 寇 ， 来 自 北 海 之 外 的 冰 雪 之 国 亚 穆 拿 的 海 盗 和 不 法 之 徒 ， 那 里 也 被 称 为 诺 德 人 的 本 土 故 乡 。 他 成 年 之 后 参 与 了 许 多 次 对 他 那 些 窝 车 则 地 区 的 远 亲 以 及 维 吉 亚 人 的 袭 击 。 可 是 ， 瑟 沃 勒 一 直 是 一 个 精 明 的 小 伙 子 ， 没 过 多 久 他 就 发 现 日 本 是 一 个 比 他 故 乡 繁 荣 的 多 的 大 陆 ， 他 在 这 里 可 以 过 上 比 他 那 些 同 胞 更 好 的 生 活 。 有 一 次 劫 掠 杰 耶 克 时 ， 瑟 沃 勒 乘 他 的 同 伴 们 忙 于 抢 劫 村 庄 掠 夺 俘 虏 的 时 候 偷 偷 溜 走 了 。 没 有 让 自 己 在 切 尔 贝 克 群 山 那 里 种 地 ， 瑟 沃 勒 很 快 作 为 一 名 凶 猛 的 斗 士 而 名 声 大 振 ， 而 现 在 他 作 为 一 名 雇 佣 军 团 的 首 领 来 寻 求 自 己 的 财 富 。 
str_quick_battle_troop_6|来 自 夏 洛 奈 ， 在 维 吉 亚 雪 原 的 远 方 ， 波 里 斯 拉 维 是 一 名 猎 人 。 他 一 生 都 在 追 踪 野 兽 来 获 取 它 们 肉 和 皮 毛 ， 就 像 他 的 祖 先 所 做 的 一 样 靠 这 片 土 地 过 着 快 乐 的 生 活 ， 直 到 无 尽 的 战 争 来 临 。 现 在 ， 猎 物 很 快 被 战 场 上 的 不 断 的 喊 杀 声 惊 吓 ， 而 士 兵 们 对 动 物 的 任 意 屠 杀 让 那 些 还 没 有 被 烧 为 平 地 的 森 林 也 空 荡 荡 的 了 。 面 对 着 可 能 被 饿 死 的 命 运 ， 波 里 斯 拉 维 选 择 把 他 从 猎 杀 牡 鹿 ， 狼 和 熊 中 所 学 到 的 高 超 箭 法 和 矛 术 ， 运 用 到 猎 杀 人 类 上 来 ， 而 他 稳 健 的 双 手 和 敏 锐 的 眼 睛 已 经 夺 走 了 许 多 生 命 。 波 里 斯 拉 维 不 是 很 关 心 王 国 之 间 的 纷 争 ， 真 正 有 兴 趣 的 只 是 养 活 他 和 他 的 手 下 。 
str_quick_battle_troop_7|斯 塔 罗 斯 出 生 在 中 立 城 邦 禅 达 ， 成 年 以 后 的 大 部 分 时 间 都 在 着 名 的 治 安 官 哈 瑞 克 手 下 做 城 镇 警 卫 。 斯 塔 罗 斯 的 领 导 能 力 和 威 力 对 于 驱 赶 那 个 地 方 讨 厌 的 水 贼 很 有 效 果 ， 但 就 算 是 他 对 于 降 临 到 那 个 城 市 的 灾 难 也 无 能 为 力 。 当 禅 达 被 一 大 群 海 寇 夷 为 平 地 的 时 候 ， 斯 塔 罗 斯 随 着 一 群 难 民 逃 离 了 燃 烧 着 的 城 市 。 经 过 了 一 段 短 暂 的 流 浪 和 零 工 生 活 之 后 ， 他 加 入 到 了 一 个 雇 佣 军 团 之 中 ， 最 终 因 为 他 的 贡 献 和 战 术 天 分 成 为 了 他 们 的 首 领 。 现 在 他 把 自 己 的 大 部 分 努 力 都 投 入 到 和 赏 金 猎 人 以 及 地 方 当 局 合 作 对 抗 海 寇 和 其 他 歹 徒 上 面 ， 努 力 为 旅 行 者 保 持 这 片 大 陆 的 安 全 。 
str_quick_battle_troop_8|加 玛 拉 在 萨 兰 德 疆 域 外 沙 漠 深 处 的 一 个 游 牧 部 落 长 大 ， 自 幼 便 学 会 了 用 投 石 索 和 长 矛 狩 猎 。 然 而 沙 漠 里 简 朴 的 生 活 与 严 酷 的 环 境 无 法 满 足 她 ， 关 于 远 方 世 界 的 奇 妙 传 说 让 她 内 心 燃 起 渴 望 ， 决 意 去 亲 眼 见 识 那 片 广 阔 的 天 地 。 一 位 年 轻 女 子 踏 上 冒 险 之 旅 并 不 容 易 ， 加 玛 拉 必 须 快 速 适 应 日 本 的 生 存 之 道 。 在 一 次 争 执 后 ， 她 夺 走 了 袭 击 者 的 武 器 铠 甲 ， 从 此 用 厚 实 的 萨 兰 迪 装 束 掩 藏 美 貌 ， 无 人 怀 疑 她 是 女 子 ， 当 然 在 战 场 上 ， 她 展 现 出 的 战 斗 力 丝 毫 不 逊 于 任 何 男 子 。 如 今 她 已 聚 集 起 一 群 追 随 者 ， 众 人 一 同 在 这 战 火 纷 飞 的 土 地 上 追 寻 荣 耀 。 
str_quick_battle_troop_9|埃 瑟 罗 德 不 是 个 贵 族 。 他 两 次 易 名 ， 并 且 对 发 生 在 维 吉 亚 领 土 上 的 大 部 分 犯 罪 都 负 有 责 任 。 是 真 是 假 ， 他 宣 称 从 未 取 走 过 无 辜 的 人 的 性 命 ， 并 且 认 为 自 己 是 一 个 爱 国 的 公 民 ， 数 次 带 领 他 的 军 团 或 者 叛 军 援 助 他 的 阵 营 ， 当 他 的 阵 营 受 到 威 胁 的 时 候 。 可 是 ， 在 和 平 时 期 ， 由 于 他 大 胆 的 个 性 并 且 愿 意 主 动 挑 战 那 些 领 主 ， 当 他 出 现 在 附 近 时 大 部 分 领 主 都 得 小 心 。 出 生 并 且 在 日 瓦 丁 的 贫 民 窟 中 长 大 ， 他 很 小 学 会 了 如 何 使 用 弓 箭 并 且 在 十 四 岁 时 离 开 了 家 。 现 在 他 已 经 三 十 二 岁 ， 他 的 弓 箭 技 术 近 乎 完 美 却 不 怎 么 会 骑 马 ， 他 可 以 击 中 极 远 距 离 外 的 目 标 。 像 钉 子 一 样 坚 强 像 老 鹰 一 样 犀 利 ， 他 真 正 是 当 地 的 传 奇 。 
str_quick_battle_troop_10|作 为 萨 兰 德 王 国 最 声 名 狼 藉 的 强 盗 首 领 之 一 的 女 儿 不 总 是 那 么 容 易 ， 塞 尔 拉 却 似 乎 应 付 自 如 。 不 像 大 多 数 的 女 人 那 样 ， 她 成 长 过 程 中 学 习 的 是 如 何 成 为 沙 漠 勇 士 ， 她 练 就 了 致 命 的 剑 术 和 弓 术 。 当 别 的 女 孩 子 在 她 那 个 年 纪 学 习 家 务 时 ， 塞 尔 拉 学 的 是 如 何 完 美 地 在 拿 走 一 个 商 人 的 钱 财 之 前 把 他 开 膛 破 肚 。 在 十 六 岁 时 塞 尔 拉 杀 的 人 比 苏 丹 军 队 里 面 的 资 深 士 兵 平 均 杀 的 人 还 多 。 就 在 她 二 十 岁 生 日 之 前 她 的 父 亲 在 和 另 一 个 强 盗 头 子 争 吵 的 时 候 被 杀 死 了 。 作 为 唯 一 的 孩 子 ， 塞 尔 拉 现 在 掌 控 了 她 父 亲 的 队 伍 。 为 她 父 亲 报 仇 之 后 ， 她 很 快 接 管 了 他 留 下 的 一 切 。 现 在 她 树 立 了 她 自 己 的 ， 作 为 强 盗 首 领 的 名 声 。 
str_quick_battle_troop_11|阿 罗 格 ． 森 德 纳 尔 拥 有 多 彩 的 一 生 。 当 他 来 到 日 本 ， 像 商 人 那 样 劳 作 ， 他 希 望 能 比 在 洛 克 提 获 得 更 多 的 收 入 。 他 所 不 知 的 是 ， 战 事 不 断 的 日 本 就 像 是 聚 集 了 强 盗 和 凶 手 们 的 蜂 巢 ， 做 生 意 要 比 洛 克 提 复 杂 的 多 。 在 生 意 对 手 的 经 济 打 压 之 下 ， 在 一 次 商 队 被 洗 劫 失 去 他 所 有 的 货 物 和 财 物 之 后 ， 他 被 迫 做 了 一 名 商 队 护 卫 来 谋 生 。 尽 管 他 武 艺 平 平 ， 他 很 快 找 到 了 一 个 要 穿 过 日 本 最 危 险 的 路 径 之 一 的 雇 主 。 纯 粹 是 运 气 帮 忙 他 命 大 到 积 累 了 足 够 的 战 斗 经 验 和 钱 让 自 己 做 了 一 名 商 队 首 领 开 始 了 自 己 的 生 意 ， 为 需 要 保 护 自 己 货 物 的 商 人 提 供 他 的 服 务 。 
str_tutorial_training_ground_intro_message|在 训 练 场 上 四 处 走 走 ， 那 些 斗 士 们 将 会 传 授 给 你 各 种 《 Mount&Blade 》 游 戏 中 有 用 的 格 斗 技 巧 ， 你 可 以 使 用 “ AWSD ” 四 个 按 键 来 控 制 人 物 的 移 动 ， 如 果 你 想 和 别 的 角 色 对 话 ， 走 近 他 们 ， 直 到 他 们 的 名 字 在 你 的 屏 幕 上 显 示 出 来 ， 然 后 按 下 “ F ” 键 ， 当 你 想 捡 起 某 件 道 具 ， 打 开 房 间 的 大 门 或 者 参 与 游 戏 中 的 其 他 互 动 时 ， 你 同 样 可 以 使 用 “ F ” 键 。 当 你 决 定 结 束 教 程 时 ， 请 按 下 “ Tab ” 键 离 开 。 
str_map_basic|地 图 
str_game_type_basic|游 戏 类 型 
str_battle|战 场 模 式 
str_siege_offense|围 城 ( 进 攻 )
str_siege_defense|围 城 ( 防 御 )
str_character|角 色 
str_biography|背 景 
str_player|玩 家 
str_enemy|敌 人 
str_faction|阵 营 
str_army_composition|部 队 成 份 
str_army_size|部 队 规 模 
str_reg0_men|{reg0}人 
str_start|开 始 
str_i_need_to_raise_some_men_before_attempting_anything_else|我 在 试 图 干 任 何 事 情 之 前 最 好 先 召 集 一 些 人 
str_we_are_currently_at_peace|我 们 现 在 保 持 和 平 
str_the_marshalship|元 帅 职 位 
str_you|你 
str_myself|我 自 己 
str_my_friend_s15|我 的 朋 友 {s15}
str_custom_battle|定 制 战 斗 
str_comment_intro_liege_affiliated_to_player|据 说 你 对 我 ， 日 本 大 名 的 权 力 和 地 位 提 出 了 质 疑 ？ 毫 无 疑 问 ， 我 对 此 极 为 不 快 ， 但 是 我 是 仁 慈 和 明 理 的 人 ， 我 们 仍 然 可 以 就 此 谈 谈 。 
str_s21_the_s8_declared_war_out_of_personal_enmity|{s8}{s21}由 于 个 人 恩 怨 而 宣 战 
str_s21_the_s8_declared_war_in_response_to_border_provocations|{s8}{s21}由 于 敌 人 针 对 边 境 的 挑 衅 而 宣 战 
str_s21_the_s8_declared_war_to_curb_the_other_realms_power|{s8}{s21}为 了 削 弱 其 他 国 家 的 实 力 而 宣 战 
str_s21_the_s8_declared_war_to_regain_lost_territory|{s8}{s21}为 了 收 复 失 地 而 宣 战 
str__family_|^ 家 族 ， 
str_we_are_conducting_recce|在 决 定 要 做 什 么 之 前 ， 我 们 必 须 先 仔 细 侦 查 这 个 地 区 。 
str_s49_s12_s11_end|{s49}{s12}( {s11}) 。 
str_center_party_not_active|并 不 是 我 们 的 目 标 ， 我 们 没 有 哪 位 领 主 曾 经 占 领 此 处 。 
str_center_is_friendly|不 是 我 们 的 敌 人 。 
str_center_is_already_besieged|正 遭 到 围 攻 。 
str_center_is_looted_or_raided_already|已 经 化 为 一 片 废 墟 。 
str_center_marshal_does_not_want_to_attack_innocents|如 果 被 化 为 一 片 废 墟 的 话 ， 承 受 最 多 痛 苦 的 就 是 那 些 住 在 这 里 的 村 民 们 。 
str_center_we_have_already_committed_too_much_time_to_our_present_siege_to_move_elsewhere|正 遭 到 围 攻 ， 此 时 赶 往 别 处 是 极 不 明 智 的 。 
str_center_we_are_already_here_we_should_at_least_loot_the_village|已 经 落 入 我 们 的 手 中 ， 我 们 应 该 掠 走 所 有 的 财 富 ， 然 后 把 身 下 的 一 切 都 化 为 灰 烬 。 
str_center_far_away_we_can_reconnoiter_but_will_delay_decision_until_we_get_close|NOT USED
str_center_far_away_our_cautious_marshal_does_not_wish_to_reconnoiter|距 离 太 远 了 ， 连 侦 察 都 很 困 难 。 
str_center_far_away_even_for_our_aggressive_marshal_to_reconnoiter|距 离 太 远 了 ， 连 侦 察 都 很 困 难 。 
str_center_far_away_reason|{s6}比 {s5}距 我 们 的 势 力 范 围 还 要 远 ， 这 样 一 来 ， 即 使 我 们 占 领 了 那 里 也 无 法 保 障 它 的 安 全 。 
str_center_closer_but_this_is_not_enought|{s6}比 {s5}距 我 们 的 国 境 近 多 了 ， 但 是 由 于 一 些 其 他 的 原 因 ， 我 们 此 时 无 法 对 {s6}展 开 进 攻 。 
str_center_protected_by_enemy_army_aggressive|正 被 一 支 实 力 毫 无 疑 问 比 我 们 强 大 的 敌 军 驻 守 。 
str_center_protected_by_enemy_army_cautious|正 被 一 支 强 大 的 敌 军 驻 守 ， 在 他 们 面 前 我 们 毫 无 胜 算 。 
str_center_cautious_marshal_believes_center_too_difficult_to_capture|将 会 是 一 场 惨 烈 且 风 险 很 高 的 战 斗 。 
str_center_even_aggressive_marshal_believes_center_too_difficult_to_capture|的 防 御 太 过 坚 固 ， 无 法 攻 占 。 
str_center_value_outweighed_by_difficulty_of_capture|那 里 不 值 得 我 们 冒 险 进 攻 。 
str_center_value_justifies_the_difficulty_of_capture|毫 无 疑 问 会 被 我 们 攻 占 ， 它 也 确 实 有 进 攻 的 价 值 。 
str_center_is_indefensible|距 我 们 的 另 一 座 城 堡 太 远 ， 难 以 防 守 。 
str_we_are_waiting_for_selection_of_marshal|我 们 正 等 候 元 帅 的 挑 选 。 
str_best_to_attack_the_enemy_lands|我 们 已 经 拥 有 了 如 此 规 模 的 部 队 ， 最 好 的 选 择 就 是 对 敌 人 的 领 地 展 开 进 攻 。 
str_we_believe_the_fortress_will_be_worth_the_effort_to_take_it|我 们 相 信 这 座 城 堡 值 得 进 攻 。 
str_we_will_gather_to_defend_the_beleaguered_fortress|我 们 将 集 结 力 量 防 守 这 座 被 围 攻 的 城 堡 。 
str_the_enemy_temporarily_has_the_field|敌 人 只 是 暂 时 占 领 了 这 里 ， 我 们 应 该 先 找 一 处 避 难 所 避 避 风 头 。 
str_center_has_not_been_scouted|仅 此 没 有 被 我 们 侦 察 ， 但 是 我 们 可 以 先 出 发 ， 等 接 近 那 里 之 后 再 作 进 一 步 的 打 算 。 
str_we_have_assembled_some_vassals|我 们 已 经 集 合 了 一 部 分 领 主 ， 但 是 在 我 们 进 入 敌 人 的 领 土 前 ， 仍 然 需 要 等 候 更 多 的 领 主 率 领 部 队 加 入 我 们 以 策 万 全 。 
str_we_are_waiting_here_for_vassals|我 们 正 在 等 待 一 位 领 主 的 加 入 。 
str_we_are_travelling_to_s11_for_vassals|我 们 正 赶 往 {s11}， 这 样 一 来 领 主 们 就 能 更 容 易 地 在 我 们 出 击 前 加 入 我 们 的 队 伍 了 。 
str_center_strength_not_scouted|我 们 最 近 没 有 进 行 侦 查 ， 所 以 对 那 里 的 防 御 力 量 一 无 所 知 
str_center_strength_strongly_defended|我 们 相 信 它 的 驻 军 数 量 非 常 庞 大 ， 防 守 十 分 坚 固 
str_center_strength_moderately_defended|我 们 相 信 它 的 驻 军 数 量 和 防 御 能 力 都 很 普 通 
str_center_strength_weakly_defended|我 们 相 信 它 的 驻 军 非 常 少 ， 防 守 力 量 不 堪 一 击 
str_center_distant_from_concentration|和 我 们 的 距 离 要 远 远 小 于 我 们 发 现 的 距 它 最 近 的 敌 军 部 队 ， 我 们 完 全 可 以 在 敌 人 的 部 队 赶 来 增 援 前 就 将 他 们 彻 底 消 灭 
str_plus|+
str_minus|-
str_tutorial_training_ground_warning_no_weapon|嗨 ， 你 不 觉 得 在 我 们 开 始 前 你 需 要 先 拿 一 把 武 器 吗 ？ 那 里 就 有 不 少 武 器 可 以 使 用 ， 赶 快 找 一 把 趁 手 的 。 
str_tutorial_training_ground_warning_shield|你 首 先 要 收 起 你 的 盾 牌 。 下 转 滑 鼠 滚 轮 来 收 起 你 的 盾 牌 。 
str_tutorial_training_ground_warning_melee_with_parry|在 这 个 练 习 里 你 需 要 掌 握 近 战 武 器 。 
str_tutorial_training_ground_warning_melee|上 转 你 的 滑 鼠 滚 轮 来 取 出 一 件 武 器 。 上 转 滚 轮 可 以 取 出 你 所 装 备 的 下 一 件 武 器 而 下 转 滚 轮 取 出 你 所 装 备 的 下 一 件 盾 牌 。 
str_tutorial_training_ground_attack_training|成 功 攻 击 次 数 ， {reg0}/5^ 失 败 攻 击 次 数 ， {reg1}^{s0}
str_tutorial_training_ground_attack_training_down|进 行 戳 刺 攻 击 ！ ( 按 下 滑 鼠 左 键 并 向 下 移 动 你 的 滑 鼠 )
str_tutorial_training_ground_attack_training_up|进 行 上 劈 攻 击 ！ ( 按 下 滑 鼠 左 键 并 向 上 移 动 你 的 滑 鼠 )
str_tutorial_training_ground_attack_training_left|左 砍 攻 击 ！ ( 按 下 滑 鼠 左 键 并 向 左 移 动 你 的 滑 鼠 )
str_tutorial_training_ground_attack_training_right|右 砍 攻 击 ！ ( 按 下 滑 鼠 左 键 并 向 右 移 动 你 的 滑 鼠 )
str_tutorial_training_ground_parry_training|成 功 躲 避 次 数 ， {reg0}/5
str_tutorial_training_ground_chamber_training|成 功 格 挡 次 数 ， {reg0}/5
str_tutorial_training_ground_archer_training|准 确 射 击 次 数 ， {reg0}/3^{s0}
str_tutorial_training_ground_ammo_refill|你 的 远 程 弹 药 在 教 程 中 重 新 装 满 。 
str_tutorial_training_ground_archer_text_1|靠 近 {s0}然 后 按 下 F 键 捡 起 它 。 
str_tutorial_training_ground_archer_text_2|现 在 射 击 目 标 。 
str_tutorial_training_ground_archer_text_3|准 心 的 大 小 代 表 了 你 的 射 击 精 度 。 按 下 滑 鼠 左 键 不 放 直 到 准 心 聚 拢 到 最 小 。 当 准 心 到 达 最 小 时 释 放 滑 鼠 左 键 。 如 果 你 瞄 准 的 时 间 过 长 准 心 会 再 次 放 大 。 
str_tutorial_training_ground_archer_text_4|按 下 R 键 切 换 到 第 一 人 称 视 角 。 第 一 人 称 视 角 更 易 于 远 程 武 器 的 瞄 准 。 
str_tutorial_training_ground_archer_text_5|你 已 击 中 了 所 有 目 标 。 现 在 再 去 和 教 练 交 谈 。 
str_tutorial_training_ground_horseman_text_1|走 近 {s0}然 后 按 下 F 键 捡 起 它 。 
str_tutorial_training_ground_horseman_text_2|靠 近 马 匹 然 后 按 F 键 骑 马 。 
str_tutorial_training_ground_horseman_text_3|骑 向 下 一 个 中 点 。 
str_tutorial_training_ground_horseman_text_4|击 打 下 一 个 上 面 有 箭 头 的 假 人 ！ 
str_tutorial_training_ground_horseman_text_5|射 击 上 面 有 箭 头 的 箭 靶 ！ 
str_tutorial_training_ground_horseman_text_6|你 成 功 地 完 成 了 练 习 。 现 在 回 到 教 练 那 儿 去 和 他 谈 谈 。 
str_the_great_lords_of_your_kingdom_plan_to_gather_at_your_hall_in_s10_for_a_feast|你 王 国 的 大 领 主 们 准 备 聚 集 在 你 {s10}的 大 厅 里 举 行 茶 会 
str_your_previous_court_some_time_ago|你 之 前 的 求 爱 过 了 一 段 时 间 ， 
str_awaiting_the_capture_of_a_fortress_which_can_serve_as_your_court|等 待 夺 回 一 座 要 塞 作 为 你 的 宫 殿 。 
str_but_if_this_goes_badly|我 会 重 视 你 的 建 议 。 但 如 果 搞 砸 了 ， 我 要 追 究 你 的 责 任 。 
str_i_realize_that_you_are_on_good_terms_with_s4_but_we_ask_you_to_do_this_for_the_good_of_the_realm|我 了 解 你 和 {s4}关 系 很 好 ， 但 这 都 是 为 了 国 家 的 利 益 
str_i_realize_that_you_are_on_good_terms_with_s4_but_the_blow_will_hurt_him_more|我 了 解 你 和 {s4}关 系 很 好 ， 但 这 仅 仅 意 味 着 你 对 他 的 打 击 将 更 大 ！ 
str_killed_bandit_at_alley_fight|这 个 商 人 带 你 进 入 了 他 的 房 子 。 刚 一 进 去 ， 他 就 倚 在 门 边 ， 朝 着 街 道 望 了 一 阵 子 。 在 确 认 没 有 被 人 跟 踪 之 后 ， 他 走 近 你 ， 说 道 ……
str_wounded_by_bandit_at_alley_fight|你 被 击 倒 了 。 可 是 ， 在 你 失 去 知 觉 之 前 ， 你 听 到 喊 叫 声 和 奔 跑 的 脚 步 声 …… 你 醒 过 来 发 现 自 己 在 室 内 ， 虚 弱 但 还 活 着 。 
str_cannot_leave_now|现 在 不 能 离 开 。 
str_press_tab_to_exit_from_town|按 下 Tab 键 马 上 离 开 。 游 戏 中 你 可 以 通 过 按 Tab 键 ， 快 速 离 开 任 何 地 方 。 
str_find_the_lair_near_s9_and_free_the_brother_of_the_prominent_s10_merchant|找 到 {s9}附 近 的 匪 巢 ， 解 救 {s10}的 商 人 的 兄 弟 。 
str_please_sir_my_lady_go_find_some_volunteers_i_do_not_know_how_much_time_we_have|{先 生 /尊 敬 的 女 士 }， 如 果 你 想 对 得 起 我 给 予 你 的 信 任 ， 那 么 请 快 一 点 行 动 。 赶 紧 去 找 些 帮 手 吧 ， 我 真 不 知 道 我 们 还 有 多 少 时 间 了 。 
str_you_need_more_men_sir_my_lady|看 吧 ， 你 需 要 更 多 的 人 手 。 目 前 你 的 队 伍 人 数 只 有 {reg0}。 如 果 你 带 领 太 少 的 人 去 进 攻 他 们 ， 也 许 会 被 困 在 他 们 的 老 巢 ， 这 不 在 我 们 的 计 划 之 中 ， 别 冒 险 。 去 那 些 村 庄 招 募 更 多 的 人 ， 然 后 以 其 人 之 道 还 治 其 人 之 身 。 
str_good_you_have_enough_men|好 ， 很 好 。 你 干 得 真 漂 亮 。 现 在 你 已 经 有 足 够 多 的 人 马 了 ， 去 给 那 些 强 盗 当 头 一 棒 ， 用 武 力 让 他 们 说 出 怎 样 才 能 找 到 他 们 的 老 巢 。 
str_do_not_waste_time_go_and_learn_where_my_brother_is|你 看 ， {先 生 /尊 敬 的 女 士 }。 时 间 有 点 紧 张 了 ， 现 在 ， 如 果 你 能 去 找 到 他 们 藏 匿 我 兄 弟 的 地 方 ， 我 会 很 感 激 的 。 
str_start_up_quest_message_1|{s9}希 望 你 在 周 边 的 村 庄 至 少 招 募 到 5 个 人 ， 完 成 之 后 ， 再 去 找 他 谈 谈 。 他 在 {s1}的 酒 馆 。 
str_start_up_quest_message_2|找 到 并 打 败 一 队 出 没 于 {s9}附 近 的 强 盗 ， 弄 清 楚 你 雇 主 的 兄 弟 被 关 在 哪 里 。 
str_start_up_quest_message_3|从 {s9}附 近 的 匪 巢 救 出 商 人 的 兄 弟 。 
str_start_up_first_quest|你 接 到 了 你 的 第 一 个 任 务 。 游 戏 中 ， 你 可 以 按 Q 键 随 时 查 看 任 务 日 志 。 
str_reason_1|我 们 现 在 的 目 标 拥 有 巨 大 的 价 值 。 
str_reason_2|对 {s8}的 攻 击 给 我 们 国 家 造 成 了 极 大 的 危 险 。 
str_reason_3|我 们 认 为 {s8}受 到 了 更 严 重 的 威 胁 
str_reason_4|也 许 是 因 为 该 区 域 敌 军 的 规 模 。 
str_reason_5|我 不 确 定 。 
str_reason_6|我 们 不 知 道 它 的 防 守 有 多 强 硬 。 
str_reason_7|我 们 认 为 它 的 防 守 很 强 硬 。 
str_reason_8|我 们 认 为 它 的 防 守 还 可 以 。 
str_reason_9|我 们 认 为 它 的 防 守 很 虚 弱 。 
str_has_decided_that_an_attack_on_|已 决 定 进 攻 
str_this_would_be_better_worth_the_effort|考 虑 到 它 的 价 值 ， 以 及 它 的 距 离 ， 还 有 可 能 的 防 守 人 数 ， 很 值 得 放 手 一 搏 。 
str_has_decided_to_defend_|已 决 定 防 守 
str_before_going_offensive_we_should_protect_our_lands_if_there_is_any_threat_so_this_can_be_reason_marshall_choosed_defending_s4|在 进 攻 之 前 我 们 应 该 保 护 我 们 的 领 地 不 受 任 何 威 胁 。 所 以 这 可 以 说 服 元 帅 选 择 防 守 {s4}。 
str_are_you_all_right|现 在 …… 让 我 给 你 说 说 我 的 麻 烦 事 儿 
str_you_are_awake|哈 ， 你 太 弱 了 。 看 到 你 还 能 走 路 真 是 太 好 了 。 你 真 走 运 我 们 还 能 接 着 前 进 。 我 那 时 正 在 和 哨 兵 说 话 ， 一 听 到 打 斗 声 就 跑 过 来 看 发 生 了 什 么 。 我 们 没 能 及 时 赶 到 让 你 不 被 打 倒 ， 但 是 我 们 也 许 救 了 你 的 性 命 …… 现 在 …… 也 许 你 能 帮 助 我 ……
str_save_town_from_bandits|从 强 盗 手 中 救 回 {s9}。 
str_you_fought_well_at_town_fight_survived|哈 ！ 干 得 好 ！ 我 看 见 你 至 少 干 掉 了 三 个 敌 人 。 保 持 这 样 的 表 现 ， 继 续 战 斗 下 去 ， 你 一 定 会 在 这 片 大 陆 上 扬 名 立 万 的 。 
str_you_fought_normal_at_town_fight_survived|干 得 好 ！ 我 听 说 你 干 掉 了 一 两 个 混 蛋 ， 而 自 己 却 毫 发 无 伤 。 对 于 一 场 战 斗 来 说 ， 没 有 什 么 比 这 样 的 结 果 更 好 了 ……
str_you_fought_bad_at_town_fight_survived|嗯 ， 敌 人 一 命 归 天 ， 而 你 看 上 去 没 什 么 问 题 。 当 你 考 虑 了 所 有 情 况 之 后 ， 这 才 是 战 斗 最 重 要 的 结 果 。 
str_you_fought_well_at_town_fight|啊 ！ 你 醒 了 。 你 被 狠 狠 地 打 了 一 下 ， 看 ， 打 在 了 这 个 部 位 。 不 过 我 还 有 个 好 消 息 ， 我 们 击 败 他 们 了 。 虽 然 你 倒 下 了 ， 可 在 此 之 前 ， 你 确 实 给 了 他 们 沉 重 的 打 击 。 要 是 你 没 能 活 过 来 ， 那 一 切 就 太 糟 糕 了 。 我 很 感 激 你 ……
str_you_wounded_at_town_fight|啊 ！ 你 活 过 来 了 。 这 下 我 们 能 宽 慰 一 点 了 。 你 被 狠 狠 地 打 了 一 下 ， 看 ， 打 在 了 这 个 部 位 。 我 不 知 道 你 到 底 干 掉 了 几 个 敌 人 ， 不 过 谢 天 谢 地 ， 其 余 的 人 最 终 把 他 们 打 败 了 。 我 们 得 为 你 安 排 进 一 步 的 治 疗 ……
str_you_fought_well_at_town_fight_survived_answer|让 所 有 恶 人 都 为 {playername}之 名 而 战 栗 吧 ！ 
str_you_fought_normal_at_town_fight_survived_answer|啊 ， 好 吧 ， 我 所 做 的 其 实 很 有 限 ， 能 够 跟 其 他 人 在 一 起 让 我 觉 得 很 自 豪 。 
str_you_fought_bad_at_town_fight_survived_answer|嗯 ， 我 正 准 备 干 掉 一 个 家 伙 ， 就 滑 倒 在 血 水 里 了 ， 你 懂 的 ……
str_you_fought_well_at_town_fight_answer|啊 ， 好 吧 。 我 想 我 不 会 介 意 因 为 正 当 理 由 而 挨 上 的 一 击 。 
str_you_wounded_at_town_fight_answer|对 。 我 是 应 该 更 小 心 些 。 
str_unfortunately_reg0_civilians_wounded_during_fight_more|不 幸 的 是 ， 我 手 下 的 小 伙 子 们 大 约 有 {reg0}个 人 受 伤 了 。 我 得 去 看 看 他 们 。 
str_unfortunately_reg0_civilians_wounded_during_fight|不 幸 的 是 ， 我 的 一 个 手 下 受 了 很 重 的 伤 。 我 得 去 看 看 他 怎 么 样 了 
str_also_one_another_good_news_is_any_civilians_did_not_wounded_during_fight|而 且 ， 我 们 这 边 没 有 任 何 人 伤 得 很 严 重 。 这 是 个 好 消 息 。 
str_merchant_and_you_call_some_townsmen_and_guards_to_get_ready_and_you_get_out_from_tavern|你 离 开 了 酒 馆 ， 来 到 大 街 上 。 在 每 一 个 街 角 ， 你 都 能 看 到 那 些 看 上 去 很 紧 张 的 年 轻 人 。 当 你 路 过 ， 你 能 发 现 藏 在 他 们 衣 服 下 的 匕 首 和 棍 棒 ， 以 及 他 们 那 种 混 杂 着 恐 惧 、 期 待 和 自 豪 的 目 光 。 真 希 望 你 的 敌 人 并 没 有 因 为 这 些 太 过 明 显 的 破 绽 而 引 起 警 惕 ， 你 最 后 检 查 了 一 下 自 己 的 武 器 ， 准 备 开 始 行 动 。 
str_town_fight_ended_you_and_citizens_cleaned_town_from_bandits|残 余 的 匪 徒 四 散 逃 亡 ， 躲 进 了 城 镇 里 那 些 狭 窄 的 巷 子 ， 结 果 只 能 是 被 愤 怒 的 居 民 们 一 个 一 个 地 捉 住 。 你 已 经 取 得 了 完 全 的 胜 利 ， 而 受 伤 的 人 也 都 得 到 了 治 疗 。 确 认 完 这 些 事 之 后 ， 你 和 商 人 回 到 他 的 房 子 里 ， 回 顾 起 发 生 的 所 有 事 情 。 
str_town_fight_ended_you_and_citizens_cleaned_town_from_bandits_you_wounded|随 着 最 后 一 击 ， 你 倒 下 了 ， 无 法 动 弹 ， 顽 强 的 意 志 使 你 拼 命 阻 止 自 己 昏 过 去 。 不 久 ， 街 道 上 打 斗 的 声 响 变 成 了 城 镇 居 民 们 的 欢 呼 声 ， 你 知 道 你 们 这 边 获 胜 了 。 不 一 会 儿 ， 友 好 的 双 臂 把 你 从 地 上 抬 了 起 来 ， 你 安 心 地 渐 渐 入 睡 。 几 个 小 时 过 去 ， 苏 醒 后 的 你 发 现 自 己 正 躺 在 商 人 的 房 子 里 。 
str_journey_to_hirosaki|您 已 经 抵 达 弘 前 ， 这 是 陆 奥 ， 不 ， 全 日 本 最 北 的 城 市 。 
str_journey_to_tsu|您 已 经 抵 达 伊 势 的 津 ， 京 都 东 边 的 小 城 。 
str_journey_to_osaka|您 已 经 抵 达 大 阪 的 濑 户 内 海 ， 主 要 港 口 
str_journey_to_edo|你 已 经 到 了 江 户 时 代 ， 在 日 本 最 大 的 城 市 。 
str_journey_to_niigata|您 已 经 抵 达 新 泻 的 北 端 的 细 川 路 。 
str_journey_to_hakata|你 已 经 到 达 博 多 町 ， 九 州 北 部 的 主 要 港 口 。 
str_lost_tavern_duel_ordinary|你 猛 地 跌 倒 在 地 板 上 ， 你 被 醉 汉 打 倒 了 。 攻 击 你 的 人 的 怒 气 烟 消 云 散 ， 他 坐 在 椅 子 上 望 着 你 ， 嘴 里 小 声 抱 怨 着 ， 看 起 来 很 懊 悔 。 一 些 酒 馆 熟 客 把 他 哄 了 起 来 ， 然 后 把 他 推 出 门 去 。 其 中 一 个 人 来 照 料 了 你 受 的 伤 ， 不 一 会 儿 你 也 能 站 起 来 了 ， 虽 然 站 不 太 稳 ， 不 过 命 算 是 保 住 了 。 
str_lost_tavern_duel_assassin|袭 击 你 的 人 最 后 给 了 你 一 击 ， 你 猛 地 跌 倒 在 地 板 上 。 只 见 他 慢 慢 地 跪 在 你 旁 边 ， 从 衣 服 下 面 抽 出 了 一 把 长 匕 首 。 但 是 ， 就 在 他 准 备 了 结 你 的 时 候 ， 酒 馆 老 板 似 乎 重 拾 勇 气 ， 从 后 面 给 了 那 家 伙 一 记 重 击 ， 打 在 了 头 上 。 那 家 伙 失 去 了 平 衡 ， 眼 看 没 机 会 干 掉 你 ， 于 是 急 匆 匆 地 夺 门 而 去 。 他 逃 了 。 与 此 同 时 ， 一 些 酒 馆 的 熟 客 帮 你 把 伤 处 包 扎 了 起 来 ， 并 把 你 抬 到 一 间 隐 秘 的 房 间 ， 好 让 你 安 全 地 休 养 。 
str_lost_startup_hideout_attack|不 一 会 儿 ， 你 恢 复 了 意 识 ， 看 见 绑 匪 正 在 开 一 桶 酒 来 庆 祝 胜 利 ， 浑 然 忘 却 了 基 本 的 戒 备 ， 比 如 把 你 的 手 脚 绑 起 来 。 你 准 备 逃 跑 。 借 着 喧 闹 的 环 境 的 掩 护 ， 你 觉 得 也 许 有 机 会 组 织 一 些 人 反 击 。 
str_as_you_no_longer_maintain_an_independent_kingdom_you_no_longer_maintain_a_court|既 然 你 已 经 不 再 统 治 着 一 个 独 立 的 王 国 ， 你 也 不 再 有 能 力 保 留 一 个 宫 廷 。 
str_rents_from_s0|{s0}的 段 钱 与 别 栋 钱 :
str_tariffs_from_s0|{s0}的 德 钱 与 市 场 钱 :
str_general_quarrel|我 们 都 发 现 对 方 身 处 敌 对 的 阵 营 ， 彼 此 矛 盾 重 重 也 非 止 一 日 ， 早 已 怨 隙 丛 生 。 
str_the_steppes|草 原 
str_the_deserts|沙 漠 
str_the_tundra|雪 原 
str_the_forests|森 林 
str_the_highlands|高 地 
str_the_coast|海 岸 
str_my_lady_not_sufficient_chemistry|尊 敬 的 女 士 ， 我 的 心 已 另 有 所 属 。 
str_my_lady_engaged_to_another|尊 敬 的 女 士 ， 我 明 白 ， 你 已 别 有 怀 抱 。 
str_attempting_to_rejoin_party|试 图 重 新 归 队 ， 
str_separated_from_party|离 开 队 伍 ， 
str_leading_party|率 领 着 一 支 队 伍 
str_court_disbanded|既 然 你 已 经 不 再 统 治 着 一 个 独 立 的 王 国 ， 你 的 宫 廷 被 解 散 了 。 
str_i_am_not_accompanying_the_marshal_because_will_be_reappointment|我 没 有 去 追 随 元 帅 ， 因 为 我 怀 疑 我 们 的 君 主 很 快 就 会 指 派 一 个 新 的 来 取 而 代 之 了 。 
str_persuasion_opportunity|劝 说 机 会 ^保 证 成 功 所 需 关 系 ， {reg4}^当 前 关 系 ， {reg5}^成 功 几 率 ， {reg7}^损 失 {reg8}点 关 系 几 率 ， {reg9}
str_marshal_warning|你 没 在 跟 随 {s1}。 不 过 ， 你 不 会 因 此 受 到 任 何 处 罚 。 
str_follow_army_quest_brief_2|你 的 任 务 完 成 了 。 你 应 该 继 续 跟 随 {s9}的 军 队 ， 如 果 你 希 望 接 受 进 一 步 的 指 令 的 话 。 
str_greetings_playername__it_is_good_to_see_you_i_hope_that_you_have_had_success_in_your_efforts_to_make_your_name_in_the_world|我 很 高 兴 见 到 你 。 我 相 信 你 正 在 那 里 获 得 成 功 ， 让 你 自 己 名 满 天 下 。 
str_minister_advice_select_fief|也 许 我 该 建 议 你 选 择 {s4}， 就 像 封 臣 们 所 猜 测 的 那 样 。 
str_minister_advice_select_fief_wait|也 许 我 该 建 议 你 等 到 指 定 了 元 帅 之 后 再 做 决 定 ， 这 样 就 会 给 封 臣 们 一 些 时 间 来 决 定 所 要 支 持 的 对 象 。 
str_minister_advice_fief_leading_vassal|顺 便 说 一 句 ， {s4}已 经 获 得 了 你 封 臣 中 {reg4}的 支 持 。 
str_unassigned_center|( 未 分 封 )
str_s43_also_you_should_know_that_an_unprovoked_assault_is_declaration_of_war|{s43}同 时 ， 作 为 你 王 国 的 统 治 者 ， 你 应 当 知 道 这 次 突 袭 将 会 引 起 一 场 战 争 。 
str_missing_after_battle|战 斗 后 失 踪 
str_retrieve_garrison_warning|( 如 果 要 塞 判 定 给 别 人 部 队 也 许 就 救 不 回 来 )
str_s12s15_declared_war_to_control_calradia|作 为 其 在 日 本 开 疆 扩 土 的 一 点 代 价 ， {s12}{s15}也 许 会 对 {s16}不 宣 而 战 。 
str_offer_gift_description|献 上 一 件 礼 物 来 提 高 我 的 名 望 。 
str_resolve_dispute_description|解 决 一 起 争 端 来 提 高 我 的 名 望 。 
str_feast_wedding_opportunity|如 果 你 已 订 婚 而 且 女 方 的 家 人 出 席 了 ， 那 么 这 个 办 法 也 许 是 你 举 办 婚 礼 的 一 个 机 会 。 
str_s21_the_s8_declared_war_as_part_of_a_bid_to_conquer_all_calradia|{s21}。 作 为 其 征 服 日 本 开 的 一 点 代 价 ， {s8}因 为 一 点 琐 事 就 宣 战 。 
str_master_vinter|酿 酒 大 师 
str_s54_has_left_the_realm|{s54}已 经 离 开 了 这 个 国 家 。 
str_enterprise_s5_at_s0|在 {s0}的 {s5}收 入 
str_bread_site|磨 坊 
str_ale_site|酿 酒 厂 
str_oil_site|榨 油 机 
str_wine_site|榨 酒 机 
str_tool_site|炼 铁 厂 
str_leather_site|制 革 厂 
str_linen_site|亚 麻 布 织 机 
str_wool_cloth_site|羊 毛 织 机 
str_velvet_site|染 厂 
str_under_sequestration|边 境 封 锁 ， 资 金 被 没 收 
str_describe_secondary_input|另 外 ， 你 还 需 要 采 购 价 值 {reg10}文 钱 的 {s11}。 
str_profit|收 益 
str_loss|损 失 
str_server_name_s0|服 务 器 名 ， {s0}
str_map_name_s0|地 图 名 ， {s0}
str_game_type_s0|游 戏 类 型 ， {s0}
str_remaining_time_s0reg0_s1reg1|剩 余 时 间 ， {s0}{reg0}， {s1}{reg1}
str_you_are_a_lord_lady_of_s8_s9|你 是 {s8}的 {领 主 /夫 人 }。 ^{s9}
str_you_are_king_queen_of_s8_s9|你 是 {s8}的 {国 王 /女 王 }。 ^{s9}
str_for_s4|{s4}的 
str_cancel_fiancee_quest|同 样 ， 也 请 你 考 虑 其 它 我 交 给 你 的 任 务 已 经 顺 利 完 成 了 。 对 我 来 说 把 任 务 委 托 给 你 并 不 合 适 。 
str_a_duel_request_is_sent_to_s0|发 送 决 斗 邀 请 给 {s0}。 
str_s0_offers_a_duel_with_you|{s0}发 送 了 一 次 决 斗 邀 请 给 你 。 
str_your_duel_with_s0_is_cancelled|你 和 {s0}的 决 斗 已 取 消 。 
str_a_duel_between_you_and_s0_will_start_in_3_seconds|你 和 {s0}的 决 斗 将 于 3 秒 内 开 始 。 
str_you_have_lost_a_duel|你 输 掉 了 决 斗 。 
str_you_have_won_a_duel|你 在 决 斗 中 获 胜 ！ 
str_server_s0|[ 服 务 器 ]， {s0}
str_disallow_ranged_weapons|禁 止 远 程 武 器 
str_ranged_weapons_are_disallowed|远 程 武 器 被 禁 止 。 
str_ranged_weapons_are_allowed|远 程 武 器 被 允 许 。 
str_duel_starts_in_reg0_seconds|决 斗 将 在 {reg0}秒 钟 内 开 始 ……
str_dplmc_none|无 。 
str_dplmc_item_pool_no_items|没 有 战 利 品 在 战 利 品 堆 里 了 。 
str_dplmc_item_pool_one_item|有 一 个 战 利 品 在 战 利 品 堆 里 。 
str_dplmc_item_pool_many_items|有 {reg20} 个 战 利 品 在 战 利 品 堆 里 。 
str_dplmc_item_pool_abandon|将 战 利 品 留 在 战 利 品 堆 中 并 离 开 
str_dplmc_item_pool_leave|完 毕 。 
str_dplmc_hero_not_upgrading_armor|不 升 级 我 的 甲 胄 
str_dplmc_hero_upgrading_armor|升 级 我 自 己 的 甲 胄 
str_dplmc_hero_not_upgrading_horse|不 升 级 我 的 坐 骑 
str_dplmc_hero_upgrading_horse|升 级 我 自 己 的 坐 骑 
str_dplmc_hero_wpn_slot_none|保 持 现 状 ( {s10})
str_dplmc_hero_wpn_slot_horse|坐 骑 
str_dplmc_hero_wpn_slot_one_handed|单 手 武 器 
str_dplmc_hero_wpn_slot_two_handed|双 手 武 器 
str_dplmc_hero_wpn_slot_polearm_all|长 杆 武 器 
str_dplmc_hero_wpn_slot_arrows|弓 箭 
str_dplmc_hero_wpn_slot_bolts|弩 箭 
str_dplmc_hero_wpn_slot_shield|盾 
str_dplmc_hero_wpn_slot_bow|弓 
str_dplmc_hero_wpn_slot_crossbow|弩 
str_dplmc_hero_wpn_slot_throwing|投 掷 武 器 
str_dplmc_hero_wpn_slot_goods|商 品 
str_dplmc_hero_wpn_slot_head_armor|头 盔 
str_dplmc_hero_wpn_slot_body_armor|身 体 护 甲 
str_dplmc_hero_wpn_slot_foot_armor|脚 部 护 甲 
str_dplmc_hero_wpn_slot_hand_armor|手 部 护 甲 
str_dplmc_hero_wpn_slot_pistol|手 铳 
str_dplmc_hero_wpn_slot_musket|步 枪 
str_dplmc_hero_wpn_slot_bullets|子 弹 
str_dplmc_hero_wpn_slot_animal|牲 畜 
str_dplmc_hero_wpn_slot_book|书 籍 
str_dplmc_hero_wpn_slot_two_handed_one_handed|双 手 /单 手 
str_dplmc_gather_information|探 听 消 息 
str_dplmc_conclude_non_agression|缔 结 和 约 
str_dplmc_nearly_no|以 后 再 说 。 
str_dplmc_less_than_one_hundred|少 于 一 百 
str_dplmc_more_than_one_hundred|多 于 一 百 
str_dplmc_more_than_two_hundred|多 于 两 百 
str_dplmc_more_than_five_hundred|多 于 五 百 
str_dplmc_bring_gift|送 礼 
str_dplmc_exchange_prisoner|用 {s10}换 {s11}
str_dplmc_has_been_set_free|{s7}被 释 放 了 
str_dplmc_tax_very_low|很 低 
str_dplmc_tax_low|低 
str_dplmc_tax_normal|正 常 
str_dplmc_tax_high|高 
str_dplmc_tax_very_high|很 高 
str_dplmc_place_is_occupied_by_insurgents|此 地 由 叛 军 把 守 
str_dplmc_relation_mnus_100_ns|{reg4?她 :他 }似 乎 想 报 复 {s59}。 
str_dplmc_relation_mnus_90_ns|{reg4?她 :他 }似 乎 想 报 复 {s59}。 
str_dplmc_relation_mnus_80_ns|{reg4?她 :他 }似 乎 想 报 复 {s59}。 
str_dplmc_relation_mnus_70_ns|{reg4?她 :他 }似 乎 憎 恶 {s59}。 
str_dplmc_relation_mnus_60_ns|{reg4?她 :他 }似 乎 恨 恶 {s59}。 
str_dplmc_relation_mnus_50_ns|{reg4?她 :他 }似 乎 敌 对 于 {s59}。 
str_dplmc_relation_mnus_40_ns|{reg4?她 :他 }似 乎 生 气 于 {s59}。 
str_dplmc_relation_mnus_30_ns|{reg4?她 :他 }似 乎 愤 慨 于 {s59}。 
str_dplmc_relation_mnus_20_ns|{reg4?她 :他 }似 乎 发 牢 骚 于 {s59}。 
str_dplmc_relation_mnus_10_ns|{reg4?她 :他 }似 乎 怀 疑 {s59}。 
str_dplmc_relation_plus_0_ns|{reg4?她 :他 }似 乎 冷 淡 于 {s59}。 
str_dplmc_relation_plus_10_ns|{reg4?她 :他 }似 乎 携 手 于 {s59}。 
str_dplmc_relation_plus_20_ns|{reg4?她 :他 }似 乎 欢 迎 {s59}。 
str_dplmc_relation_plus_30_ns|{reg4?她 :他 }似 乎 很 愿 意 帮 助 {s59}。 
str_dplmc_relation_plus_40_ns|{reg4?她 :他 }似 乎 支 持 {s59}。 
str_dplmc_relation_plus_50_ns|{reg4?她 :他 }似 乎 友 善 于 {s59}。 
str_dplmc_relation_plus_60_ns|{reg4?她 :他 }似 乎 和 蔼 于 {s59}。 
str_dplmc_relation_plus_70_ns|{reg4?她 :他 }似 乎 喜 欢 {s59}。 
str_dplmc_relation_plus_80_ns|{reg4?她 :他 }似 乎 忠 诚 于 {s59}。 
str_dplmc_relation_plus_90_ns|{reg4?她 :他 }似 乎 一 心 一 意 于 {s59}。 
str_dplmc_s39_rival|{reg4?她 :他 } 与 {s39}竞 争 
str_dplmc_s41_s39_rival|{s41}, {s39}
str_dplmc_s40_love_interest_s39|{s40}.除 此 之 外 {reg4？ 她 的 :他 的 } 恋 爱 对 象 是 {s39}
str_dplmc_s40_betrothed_s39|{s40}。 除 此 之 外 ， {reg4？ 她 ， 他 } 和 {s39} 订 婚 了 。 
str_dplmc_reputation_martial|据 说 {s46}好 战 。 
str_dplmc_reputation_debauched|据 说 {s46}道 德 败 坏 。 
str_dplmc_reputation_pitiless|据 说 {s46}冷 血 无 情 。 
str_dplmc_reputation_calculating|据 说 {s46}精 于 算 计 。 
str_dplmc_reputation_quarrelsome|据 说 {s46}好 口 角 。 
str_dplmc_reputation_goodnatured|据 说 {s46}为 人 和 善 。 
str_dplmc_reputation_upstanding|据 说 {s46}为 人 正 直 。 
str_dplmc_reputation_conventional|据 说 {s46}墨 守 成 规 。 
str_dplmc_reputation_adventurous|据 说 {s46}热 爱 冒 险 。 
str_dplmc_reputation_romantic|据 说 {s46}浪 漫 多 情 。 
str_dplmc_reputation_moralist|据 说 {s46}是 个 守 道 德 的 人 。 
str_dplmc_reputation_ambitious|据 说 {s46}是 个 野 心 家 。 
str_dplmc_reputation_unknown|{s46}性 格 未 知 
str_dplmc_s21__the_s5_is_bound_by_alliance_not_to_attack_the_s14s18_it_will_expire_in_reg1_days|{s21}^*{s5}与 {s14}达 成 同 盟 协 议 。 {s18}有 效 期 是 {reg1}天 。 
str_dplmc_s21__the_s5_is_bound_by_defensive_not_to_attack_the_s14s18_it_will_expire_in_reg1_days|{s21}^*{s5}与 {s14}达 成 防 御 协 议 。 {s18}有 效 期 是 {reg1}天 。 
str_dplmc_s21__the_s5_is_bound_by_trade_not_to_attack_the_s14s18_it_will_expire_in_reg1_days|{s21}^*{s5}与 {s14}达 成 贸 易 协 议 。 {s18}有 效 期 是 {reg1}天 。 
str_dplmc_small|小 
str_dplmc_medium|中 
str_dplmc_big|大 
str_dplmc_elite|精 
str_dplmc_very_decentralized|大 部 分 权 力 下 放 
str_dplmc_quite_decentralized|相 当 一 部 分 权 力 下 放 
str_dplmc_little_decentralized|一 部 分 权 力 下 放 
str_dplmc_neither_centralize_nor_decentralized|常 规 的 权 力 分 配 。 
str_dplmc_little_centralized|一 部 分 的 权 力 集 中 
str_dplmc_quite_centralized|比 较 多 的 权 力 集 中 
str_dplmc_very_centralized|几 乎 是 完 全 集 权 
str_dplmc_very_plutocratic|几 乎 都 是 农 民 出 身 
str_dplmc_quite_plutocratic|大 部 分 是 农 民 出 身 
str_dplmc_little_plutocratic|比 较 多 是 农 民 出 身 
str_dplmc_neither_aristocratic_nor_plutocratic|武 家 出 身 与 农 民 出 身 共 存 
str_dplmc_little_aristocratic|比 较 多 是 武 家 出 身 
str_dplmc_quite_aristocratic|大 部 分 是 武 家 出 身 
str_dplmc_very_aristocratic|几 乎 都 是 武 家 出 身 
str_dplmc_all_free|几 乎 全 是 武 士 
str_dplmc_mostly_free|很 大 部 分 是 武 士 
str_dplmc_usually_free|比 较 多 武 士 
str_dplmc_mixture_serfs|农 民 和 武 士 的 比 例 平 均 
str_dplmc_usually_serfs|比 较 多 农 民 
str_dplmc_mostly_serfs|很 大 部 分 是 农 民 
str_dplmc_all_serfs|大 规 模 的 农 民 
str_dplmc_very_quantity|庞 大 规 模 的 士 兵 
str_dplmc_great_quantity|数 量 很 多 士 兵 
str_dplmc_good_quantity|数 量 偏 多 的 士 兵 
str_dplmc_mediocre_quality|一 般 水 平 数 量 的 士 兵 
str_dplmc_good_quality|高 素 质 的 
str_dplmc_great_quality|素 质 很 强 
str_dplmc_very_quality|素 质 优 秀 
str_dplmc_s21_the_s8_declared_war_to_fulfil_pact|{s8}向 {s21}宣 布 开 战 ， 以 履 行 条 约 
str_dplmc_very_laissez_faire|放 任 自 流 程 度 :高 
str_dplmc_quite_laissez_faire|放 任 自 流 程 度 :中 
str_dplmc_little_laissez_faire|放 任 自 流 程 度 :低 
str_dplmc_neither_mercantilist_nor_laissez_faire|既 不 是 特 别 的 重 商 主 义 ， 也 不 是 完 全 放 任 自 流 
str_dplmc_little_mercantilist|重 商 主 义 程 度 :低 
str_dplmc_quite_mercantilist|重 商 主 义 程 度 :中 
str_dplmc_very_mercantilist|重 商 主 义 程 度 :高 
str_dplmc_how_will_your_male_vassals_be_known|你 的 男 封 臣 们 知 道 了 吗 ？ 
str_dplmc_how_will_your_female_vassals_be_known|你 的 女 封 臣 们 知 道 了 吗 ？ 
str_dplmc_s40_married_s39|{s40}除 此 之 外 ， {reg4?她 :他 }和 {s39}结 婚 了 。 
str_dplmc_fief_exchange_ask_interest|您 对 交 换 封 地 有 兴 趣 吗 ？ 
str_dplmc_fief_exchange_not_interested|不 ， 我 对 此 不 感 兴 趣 
str_dplmc_fief_exchange_listen|这 个 提 议 听 起 来 挺 怪 的 ， 但 并 非 没 有 先 例 。 我 会 考 虑 的 ， 你 想 到 了 我 的 哪 一 个 封 地 ？ 
str_dplmc_fief_exchange_listen_player_approval|这 有 些 让 人 为 难 ， 但 是 由 于 您 是 {大 名 / 大 名 }， 因 此 不 会 有 人 反 对 。 您 想 要 我 的 哪 一 个 封 地 ？ 
str_dplmc_fief_exchange_listen_s10_approval|这 有 点 不 寻 常 ， 但 除 非 {s10} 反 对 ， 否 则 我 们 没 有 理 由 反 驳 。 你 心 里 想 的 是 哪 个 封 地 ？ 
str_dplmc_fief_exchange_listen_2|你 拿 哪 块 地 换 ？ 
str_dplmc_fief_exchange_refuse_home|我 无 意 放 弃 {s14}。 
str_dplmc_fief_exchange_refuse_town|我 不 想 将 城 镇 换 成 城 堡 或 村 庄 。 
str_dplmc_fief_exchange_refuse_castle|我 不 想 将 城 堡 换 成 一 个 单 纯 的 村 庄 。 
str_dplmc_fief_exchange_refuse_rich|我 不 想 用 一 个 富 裕 的 封 地 换 成 一 个 穷 得 多 的 封 地 。 
str_dplmc_fief_exchange_refuse_s14_attack|等 {s14}没 有 受 到 攻 击 时 再 与 我 谈 谈 。 
str_dplmc_fief_exchange_accept|交 换 提 议 我 可 以 接 受 。 
str_dplmc_fief_exchange_accept_reg3_denars|如 果 您 愿 意 提 供 {reg3}文 钱 来 支 付 我 因 搬 迁 而 产 生 的 费 用 ， 那 么 这 种 兑 换 对 我 来 说 是 可 以 接 受 的 。 
str_dplmc_fief_exchange_confirm|那 就 定 了 。 
str_dplmc_fief_exchange_confirm_reg3_denars|稍 后 解 决 。 这 是 您 的 {reg3}文 钱 。 
str_dplmc_your_s11_s10|你 的 {s11}， {s10}
str_dplmc_reg6my_reg7spouse|{reg6?M:m}y {reg7?亲 爱 的 :{老 公 /老 婆 }}
str_dplmc_refuse_support_s43_named_s4|支 持 像 {s4}这 样 的 {s43}?我 不 同 意 。 
str_dplmc_comment_you_enfiefed_a_commoner_supportive|我 理 解 你 为 什 么 要 把 {s51}给 {s54}。 其 他 人 或 许 会 觉 得 这 有 争 议 ， 但 是 我 相 信 {s54}会 是 一 个 称 职 的 领 主 ， {reg4?她 :他 }不 会 让 你 失 望 。 
str_dplmc_sirmadame|{大 人 /夫 人 }
str_dplmc_sirmadam|{大 人 /夫 人 }
str_dplmc_my_lordlady|我 的 {大 人 /夫 人 }
str_dplmc_your_highness|大 人 ！ 
str_dplmc_grandfather|祖 父 
str_dplmc_grandmother|祖 母 
str_dplmc_grandson|孙 子 
str_dplmc_granddaughter|孙 女 
str_dplmc_half_brother|同 父 异 母 的 兄 弟 
str_dplmc_half_sister|同 父 异 母 的 姐 妹 
str_dplmc_sister_wife|同 妻 
str_dplmc_co_husband|同 夫 
str_dplmc_co_spouse|共 同 配 偶 
str_dplmc_friend|朋 友 
str_dplmc_ally|盟 友 
str_s54_is_deceased|{s54}去 世 了 。 
str_dplmc_political_explanation_original_lord|在 这 种 情 况 下 ， 封 地 将 物 归 原 主 。 
str_dplmc_s0_and_s1|{s0}和 {s1}
str_gekokujo_encounter_intro1_single_1|你 独 身 一 人 漫 步 在 乡 间 小 路 ， 欣 赏 道 旁 风 景 。 
str_gekokujo_encounter_intro1_single_2|你 保 持 步 调 的 向 目 的 地 前 进 。 
str_gekokujo_encounter_intro1_single_3|一 想 到 在 这 样 的 小 路 上 独 行 ， 你 就 觉 得 寂 寞 。 
str_gekokujo_encounter_intro1_single_4|当 你 想 到 战 乱 的 时 局 就 觉 得 后 背 发 凉 。 
str_gekokujo_encounter_intro1_party_1|你 在 团 队 其 他 成 员 之 前 进 行 侦 察 。 
str_gekokujo_encounter_intro1_party_2|你 已 经 被 拉 在 了 队 伍 后 面 。 
str_gekokujo_encounter_intro1_party_3|在 处 理 个 人 “事 务 ” 时 ， 你 让 你 的 团 队 走 在 了 你 前 面 。 
str_gekokujo_encounter_intro1_party_4|为 了 防 御 侧 翼 的 袭 击 ， 你 让 大 部 队 先 走 另 一 边 。 
str_gekokujo_encounter_intro1_army_1|你 想 抓 住 探 子 ， 但 跑 的 太 远 ， 脱 离 了 部 队 。 
str_gekokujo_encounter_intro1_army_2|为 了 等 粮 车 ， 你 让 你 的 主 体 部 队 后 撤 休 息 。 
str_gekokujo_encounter_intro1_army_3|当 你 决 定 离 开 并 返 回 主 体 时 ， 你 一 直 在 和 探 子 一 起 走 。 
str_gekokujo_encounter_intro1_army_4|当 你 决 定 奔 向 大 部 队 时 ， 你 已 经 在 坐 在 了 粮 车 上 。 
str_gekokujo_encounter_intro2_1|突 然 
str_gekokujo_encounter_intro2_2|不 知 道 从 哪 冒 出 来 
str_gekokujo_encounter_intro2_3|仿 佛 在 暗 示 
str_gekokujo_encounter_intro2_4|出 乎 意 料 
str_gekokujo_encounter_intro3_1|你 听 到 一 种 奇 怪 的 声 音 。 。 。 
str_gekokujo_encounter_intro3_2|你 会 听 到 怪 诞 的 吟 唱 。 。 。 
str_gekokujo_encounter_intro3_3|你 听 到 树 叶 沙 沙 作 响 。 。 。 
str_gekokujo_encounter_intro3_4|一 个 声 音 似 乎 在 呼 唤 你 。 。 。 
str_gekokujo_encounter_intro3_5|你 感 觉 到 你 周 围 的 动 静 。 。 。 
str_gekokujo_encounter_intro3_6|你 看 到 附 近 一 个 人 的 身 影 。 。 。 
str_gekokujo_encounter_intro3_7|你 察 觉 到 了 一 些 人 类 活 动 的 踪 迹 。 。 。 
str_gekokujo_encounter_intro3_8|你 会 清 楚 地 听 到 一 些 金 属 碰 撞 的 声 音 ...
str_gekokujo_encounter_intro3_9|你 听 到 一 种 噪 音 。 。 。 
str_gekokujo_encounter_intro3_10|你 听 到 一 种 刺 耳 的 声 音 。 。 。 
str_gekokujo_encounter_intro3_11|你 认 为 你 听 到 是 动 物 的 声 音 。 。 。 
str_gekokujo_encounter_intro3_12|你 听 到 树 枝 折 断 的 声 音 。 。 。 
str_gekokujo_encounter_intro_accept_1|我 得 看 看 是 怎 么 回 事 
str_gekokujo_encounter_intro_accept_2|我 得 弄 明 白 怎 么 回 事 
str_gekokujo_encounter_intro_accept_3|我 得 调 查 一 下 
str_gekokujo_encounter_intro_accept_4|我 得 去 看 看 
str_gekokujo_encounter_intro_accept_5|外 面 有 人 吗 ？ 
str_gekokujo_encounter_intro_accept_6|我 想 知 道 那 是 不 是 一 个 人 。 。 。 
str_gekokujo_encounter_intro_reject_1|算 了 
str_gekokujo_encounter_intro_reject_2|不 去 
str_gekokujo_encounter_intro_reject_3|我 不 应 该 去 。 。 。 
str_gekokujo_encounter_intro_reject_4|关 我 屁 事 
str_gekokujo_encounter_intro_reject_5|不 关 我 的 事 
str_gekokujo_encounter_intro_reject_6|我 得 赶 紧 溜 
str_gekokujo_encounter_description_find_1|你 碰 巧 
str_gekokujo_encounter_description_find_2|原 来 是 
str_gekokujo_encounter_description_find_3|你 发 现 
str_gekokujo_encounter_description_find_4|你 遇 到 
str_gekokujo_encounter_description_circumstance_1|和 
str_gekokujo_encounter_description_circumstance_2|与 
str_gekokujo_encounter_description_circumstance_3|和 ...一 起 
str_gekokujo_encounter_description_circumstance_4|与 一 起 旅 行 
str_gekokujo_encounter_description_circumstance_5|领 先 
str_gekokujo_encounter_description_circumstance_6|与 ......交 谈 
str_gekokujo_encounter_description_circumstance_7|与 聊 天 
str_gekokujo_encounter_description_circumstance_8|和 。 。 。 探 讨 
str_gekokujo_encounter_description_circumstance_9|在 谈 论 事 情 和 
str_gekokujo_encounter_description_circumstance_10|一 起 吃 饭 与 
str_gekokujo_encounter_description_circumstance_11|稍 作 等 待 与 
str_gekokujo_encounter_description_circumstance_12|休 息 与 
str_gekokujo_encounter_description_circumstance_13|吼 叫 
str_gekokujo_encounter_description_circumstance_14|警 告 
str_gekokujo_encounter_description_circumstance_15|大 笑 
str_gekokujo_encounter_description_circumstance_16|与 躲 藏 
str_gekokujo_encounter_description_circumstance_17|潜 伏 着 
str_gekokujo_encounter_description_circumstance_18|和 。 。 。 做 一 些 猥 亵 的 事 
str_gekokujo_encounter_description_circumstance_19|和 。 。 。 做 一 些 亲 密 的 事 
str_gekokujo_encounter_description_circumstance_20|处 理 与 。 。 。 相 隔 一 段 距 离 的 “业 务 ”
str_gekokujo_encounter_dialogue_1|万 岁 ！ 杀 啊 ！ 
str_gekokujo_encounter_dialogue_2|被 发 现 了 ！ 
str_gekokujo_encounter_dialogue_3|跟 踪 者 ！ 
str_gekokujo_encounter_dialogue_4|别 看 了 ！ 
str_gekokujo_encounter_dialogue_5|你 想 死 吗 ！ 
str_gekokujo_encounter_dialogue_6|不 好 了 ！ 伏 击 ！ 
str_gekokujo_encounter_dialogue_7|你 在 做 什 么 ！ 
str_gekokujo_encounter_dialogue_8|你 看 到 的 太 多 了 ！ 
str_gekokujo_encounter_dialogue_9|啊 ， 我 们 被 发 现 了 ！ 
str_gekokujo_encounter_dialogue_10|你 ！ 我 们 正 找 你 呢 ！ 
str_gekokujo_encounter_dialogue_11|你 真 是 个 傻 瓜 来 这 里 。 
str_gekokujo_encounter_dialogue_12|你 一 直 跟 着 我 们 吗 ？ 准 备 去 死 ！ 
str_gekokujo_encounter_dialogue_13|天 堂 有 路 你 不 走 ， 地 狱 无 门 你 自 来 投 ！ 
str_gekokujo_encounter_dialogue_14|管 你 谁 是 ， 挡 我 者 死 ！ 
str_gekokujo_encounter_dialogue_15|你 听 到 了 多 少 ？ 算 了 ， 宰 了 算 ！ 
str_gekokujo_encounter_dialogue_16|你 竟 然 发 现 了 我 们 ！ 死 期 到 了 。 
str_gekokujo_encounter_dialogue_17|什 么 ？ 你 被 派 来 杀 了 我 ？ 哈 哈 哈 哈 ， 先 死 的 是 你 ！ 
str_gekokujo_encounter_dialogue_18|既 然 你 看 到 我 了 ， 我 就 不 能 让 你 活 下 去 了 
str_gekokujo_encounter_dialogue_19|您 怎 么 知 道 我 们 是 基 督 徒 ？ 上 帝 ， 我 必 须 杀 生 了 。 
str_gekokujo_encounter_dialogue_20|我 不 知 道 你 是 谁 ， 但 我 不 能 放 你 一 马 ， 我 不 客 气 了 ！ 
str_gekokujo_encounter_choice_1|随 他 吧 ， ， ， 
str_gekokujo_encounter_choice_2|好 极 了 。 
str_gekokujo_encounter_choice_3|无 所 谓 
str_gekokujo_encounter_choice_4|( 拔 刀 )
str_gekokujo_encounter_choice_5|你 过 来 呀 
str_gekokujo_encounter_choice_6|你 吓 不 倒 我 。 
str_gekokujo_encounter_choice_7|哎 呀 ， 我 好 怕 怕 。 
str_gekokujo_encounter_choice_8|这 个 笑 话 不 赖 。 
str_gekokujo_encounter_choice_9|我 不 得 不 杀 了 你 ， 得 罪 了 ！ 
str_gekokujo_encounter_choice_10|我 不 知 道 你 在 胡 言 乱 语 什 么 
str_gekokujo_encounter_reply_1|万 岁 ！ 杀 啊 ！ 
str_gekokujo_encounter_reply_2|我 准 备 好 了 。 
str_gekokujo_encounter_reply_3|什 么 时 候 受 死 ！ 
str_gekokujo_encounter_reply_4|动 手 吧 ！ 
str_gekokujo_encounter_reply_5|你 一 直 在 那 儿 吗 ？ 
str_gekokujo_encounter_reply_6|死 亡 ...动 动 手 指 罢 了 
str_gekokujo_encounter_reply_7|不 要 怪 我 ， 我 也 是 不 得 不 杀 了 你 ...
str_gekokujo_encounter_reply_8|我 想 没 有 办 法 让 你 摆 脱 困 境 
str_gekokujo_encounter_reply_9|我 没 有 办 法 说 服 自 己 。 
str_gekokujo_encounter_reply_10|这 都 是 一 个 误 会 ， 但 我 可 以 理 解 时 候 为 时 已 晚 。 
str_gekokujo_encounter_win1_1|这 毫 无 意 义 。 
str_gekokujo_encounter_win1_2|他 们 比 你 强 。 
str_gekokujo_encounter_win1_3|你 赢 了 ， 他 们 输 了 
str_gekokujo_encounter_win1_4|这 一 切 必 要 吗 ？ 
str_gekokujo_encounter_win1_5|他 们 成 佛 了 ， 而 你 活 下 去 。 
str_gekokujo_encounter_win1_6|就 是 这 样 。 
str_gekokujo_encounter_win1_7|您 还 活 着 ， 为 未 来 的 战 斗 而 前 进 。 
str_gekokujo_encounter_win1_8|您 仍 然 没 搞 明 白 发 生 了 什 么 。 
str_gekokujo_encounter_win1_9|您 休 息 了 几 分 钟 ， 以 缓 解 刚 刚 爆 发 的 情 绪 。 一 切 都 结 束 了 ...
str_gekokujo_encounter_win1_10|在 另 一 个 世 界 中 ， 他 们 本 可 以 成 为 您 的 朋 友 。 然 而 ， 它 们 已 经 死 了 。 
str_gekokujo_encounter_win2_1|那 好 吧 。 但 是 有 {s11}和 {reg32}文 钱 ？ 真 不 错 ！ 
str_gekokujo_encounter_win2_2|您 从 他 们 的 尸 体 中 取 出 了 {s11}和 {reg32}文 钱 。 
str_gekokujo_encounter_win2_3|您 拿 走 了 他 们 的 {s11}和 {reg32}文 钱 作 为 应 得 的 战 利 品 。 
str_gekokujo_encounter_win2_4|某 人 的 {s11}和 {reg32}文 钱 被 混 乱 中 拿 走 。 
str_gekokujo_encounter_win2_5|他 们 不 再 需 要 他 们 的 {s11}， 因 此 您 将 拿 走 了 并 与 {reg32}文 钱 一 起 收 入 囊 中 。 
str_gekokujo_encounter_win2_6|您 问 自 己 ， 您 捡 到 的 {s11}和 {reg32}文 钱 是 否 值 刚 才 那 些 事 。 
str_gekokujo_encounter_lose1_1|死 ？ 今 天 ？ 那 就 来 吧 。 
str_gekokujo_encounter_lose1_2|您 本 可 以 做 得 更 好 。 
str_gekokujo_encounter_lose1_3|这 不 是 您 最 好 的 表 现 
str_gekokujo_encounter_lose1_4|啊 您 是 如 何 做 到 这 一 点 的 ？ 
str_gekokujo_encounter_lose1_5|您 根 本 不 可 能 赢 。 
str_gekokujo_encounter_lose1_6|您 可 能 做 得 更 好 。 
str_gekokujo_encounter_lose1_7|你 被 打 败 了 ， 对 手 开 始 从 你 身 上 抢 夺 财 物 。 
str_gekokujo_encounter_lose1_8|在 发 生 了 这 些 事 之 后 ， 您 觉 得 自 己 应 该 剖 腹 。 
str_gekokujo_encounter_lose1_9|您 会 听 到 有 人 说 要 将 您 斩 首 ， 并 且 您 没 法 改 变 什 么 。 
str_gekokujo_encounter_lose1_10|您 会 听 到 敌 人 争 论 如 何 对 付 您 。 斩 首 似 乎 是 共 识 。 
str_gekokujo_encounter_lose2_1|但 是 有 些 事 情 使 您 的 行 凶 者 感 到 恐 惧 ， 在 迅 速 拿 走 {s11}之 后 ， 他 们 就 让 您 一 个 人 呆 着 。 
str_gekokujo_encounter_lose2_2|但 是 他 们 听 起 来 好 像 他 们 甚 至 不 想 和 你 打 架 。 他 们 拿 走 了 {s11}离 开 。 
str_gekokujo_encounter_lose2_3|你 输 了 ， 但 却 没 能 被 他 们 杀 死 ， 甚 至 没 有 剖 腹 的 机 会 ， 他 们 从 您 的 包 袱 中 夺 走 {s11}。 
str_gekokujo_encounter_lose2_4|在 他 们 将 您 斩 首 之 前 ， 灌 木 丛 中 传 来 沙 沙 声 ， 他 们 以 为 有 人 ， 匆 忙 离 开 ， 并 且 它 们 从 您 的 身 体 中 夺 走 {s11}。 
str_gekokujo_encounter_lose2_5|但 是 ， 他 们 没 有 杀 死 您 ， 只 是 从 您 身 上 上 夺 走 了 {s11}而 走 开 了 。 您 想 知 道 这 是 怎 么 回 事 。 
str_gekokujo_encounter_lose2_6|但 是 ， 他 们 以 为 您 已 经 死 了 。 他 们 在 混 乱 中 拿 走 {s11}， 消 失 在 乡 间 。 
str_gekokujo_encounter_log|{playername}遇 到 了 一 个 {s13}和 {reg14} {s15}和 {s16}
str_gekokujo_encounter_log_won|制 服 了 他 们 
str_gekokujo_encounter_log_lost|被 击 败 了 
str_gekokujo_encounter_greeting1_1|你 ！ 
str_gekokujo_encounter_greeting1_2|oh!
str_gekokujo_encounter_greeting1_3|你 好 啊 
str_gekokujo_encounter_greeting1_4|你 好 ！ 
str_gekokujo_encounter_greeting1_5|你 好 ， 陌 生 人 。 
str_gekokujo_encounter_greeting1_6|举 起 手 来 
str_gekokujo_encounter_greeting1_7|哦 很 高 兴 见 到 你 。 
str_gekokujo_encounter_greeting1_8|你 今 天 好 吗 ？ 
str_gekokujo_encounter_greeting2_1|您 不 会 是 一 个 坏 人 吧 ？ 
str_gekokujo_encounter_greeting2_2|放 心 ， 我 是 好 人 。 
str_gekokujo_encounter_greeting2_3|我 相 信 您 是 我 要 找 的 人 。 
str_gekokujo_encounter_greeting2_4|没 关 系 ， 您 不 是 我 要 找 的 人 。 
str_gekokujo_encounter_greeting2_5|不 用 担 心 ， 我 不 是 强 盗 。 
str_gekokujo_encounter_greeting2_6|哈 哈 ， 希 望 您 不 是 强 盗 ！ 
str_gekokujo_encounter_greeting2_7|我 想 知 道 我 们 是 否 有 相 同 的 目 的 地 。 
str_gekokujo_encounter_greeting2_8|我 认 为 您 看 起 来 有 点 面 熟 。 
str_gekokujo_encounter_greetback|你 好 。 有 什 么 新 的 消 息 ？ 
str_gekokujo_encounter_greetignore|抱 歉 。 我 得 走 了 。 
str_gekokujo_encounter_greetattack|( 攻 击 ) ！ 
str_gekokujo_encounter_offer_1|怎 么 说 呢 ， 要 是 拿 {s12}和 我 交 换 我 愿 意 考 虑 把 {s11}给 你 
str_gekokujo_encounter_offer_2|唔 。 您 要 {s11}吗 ？ 我 想 要 {s12}。 
str_gekokujo_encounter_offer_3|您 对 {s11}感 兴 趣 吗 ？ 只 要 给 我 {s12}。 
str_gekokujo_encounter_offer_4|好 吧 ， 我 正 在 尝 试 出 手 {s11}。 我 想 要 {s12}作 为 交 换 。 
str_gekokujo_encounter_offer_5|您 对 交 易 感 兴 趣 吗 ？ 我 要 用 {s12}来 交 换 {s11}。 
str_gekokujo_encounter_offer_6|请 问 您 有 {s12}吗 ？ 我 可 以 给 你 {s11}。 
str_gekokujo_encounter_offer_7|等 等 ， 您 有 {s12}！ 请 让 我 拿 来 {s11}！ 
str_gekokujo_encounter_offer_8|哦 ， 原 来 你 有 {s12}吗 ？ 那 您 想 要 {s11}吗 ？ 
str_gekokujo_labor_town_ask_1|镇 上 有 人 招 帮 工 吗 ？ 
str_gekokujo_labor_town_ask_2|镇 上 有 人 需 要 帮 工 吗 ？ 
str_gekokujo_labor_village_ask_1|村 里 有 人 需 要 工 作 上 的 帮 助 吗 ？ 
str_gekokujo_labor_village_ask_2|村 庄 需 要 任 何 帮 工 吗 ？ 
str_gekokujo_labor_town_answer_normal|当 然 ！ 奉 行 和 熟 练 的 匠 人 总 是 需 要 人 们 打 扫 他 们 的 商 店 ， 举 起 沉 重 的 东 西 ， 进 行 送 货 ， 挖 沟 等 等 。 为 每 个 人 找 到 帮 工 实 际 上 是 我 最 重 要 的 任 务 之 一 。 
str_gekokujo_labor_town_answer_renowned|当 然 ， {阁 下 /夫 人 }。 即 使 在 最 繁 盛 的 都 城 里 ， 他 们 也 总 是 缺 人 手 。 听 到 像 您 这 样 魁 梧 的 人 愿 意 做 一 点 杂 活 ， 我 感 觉 有 点 惊 讶 
str_gekokujo_labor_town_answer_lord|{playername}阁 下 ？ 您 实 际 上 是 愿 意 做 点 普 通 老 百 姓 的 工 作 吗 ？ 
str_gekokujo_labor_village_answer_normal|当 然 ！ 即 使 我 们 不 缺 人 手 做 点 农 活 ， 我 们 也 总 是 需 要 一 些 短 工 来 收 集 柴 火 ， 碾 米 ， 抬 高 堤 防 ， 建 造 仓 库 等 。 地 方 可 能 会 有 点 偏 僻 ， 但 帮 工 们 一 定 会 拿 到 应 有 的 份 额 。 
str_gekokujo_labor_village_answer_renowned|当 然 ， {阁 下 /夫 人 }。 您 是 说 可 以 为 我 们 找 到 一 些 帮 工 吗 ？ 因 为 您 这 样 一 个 魁 梧 的 人 愿 意 做 一 些 脏 活 累 活 是 很 少 见 的 。 
str_gekokujo_labor_village_answer_lord|{playername}阁 下 ？ 您 实 际 上 是 愿 意 从 事 低 等 农 民 的 工 作 吗 ？ 
str_gekokujo_labor_town_notes|^^您 将 工 作 8个 小 时 ， 一 天 结 束 时 ， 您 将 获 得 {reg31}文 钱 。 在 那 之 后 ， 您 不 必 干 其 他 事 情 了 。 
str_gekokujo_labor_village_notes|^^在 村 民 的 全 力 照 顾 下 ， 您 将 工 作 3天 ， 他 们 将 为 您 提 供 食 物 和 住 宿 。 他 们 没 有 钱 来 支 付 你 的 工 作 ， 但 是 ， 在 3天 后 ， 您 将 获 得 一 些 简 单 的 农 产 品 。 
str_gekokujo_labor_availability|{s24} ^^您 正 在 带 动 {reg32}个 帮 工 与 您 一 起 工 作 。 雇 主 承 诺 将 指 派 您 担 任 他 们 的 领 班 。 
str_gekokujo_labor_samurai|{s24}您 的 队 伍 中 有 {reg33}个 武 士 拒 绝 加 入 。 不 过 ， 他 们 保 证 会 在 旁 边 站 岗 。 
str_gekokujo_labor_town_employer_1|一 个 木 匠 
str_gekokujo_labor_town_employer_2|一 个 造 船 师 傅 
str_gekokujo_labor_town_employer_3|一 个 灯 笼 匠 人 
str_gekokujo_labor_town_employer_4|一 个 修 盖 屋 顶 师 傅 
str_gekokujo_labor_town_employer_5|一 个 石 匠 
str_gekokujo_labor_town_employer_6|一 个 编 织 者 
str_gekokujo_labor_town_employer_7|一 个 染 工 
str_gekokujo_labor_town_employer_8|一 位 和 服 裁 缝 
str_gekokujo_labor_town_employer_9|一 位 印 刷 纸 张 师 傅 
str_gekokujo_labor_town_employer_10|一 位 造 纸 师 傅 
str_gekokujo_labor_town_employer_11|一 位 榻 榻 米 垫 子 制 造 者 
str_gekokujo_labor_town_employer_12|一 位 漆 匠 
str_gekokujo_labor_town_employer_13|一 位 清 酒 酿 造 师 傅 
str_gekokujo_labor_town_employer_14|一 位 酱 油 酿 造 者 
str_gekokujo_labor_town_employer_15|一 个 客 栈 老 板 
str_gekokujo_labor_town_employer_16|一 位 汤 屋 老 板 
str_gekokujo_labor_town_employer_17|一 位 茶 馆 老 板 
str_gekokujo_labor_town_employer_18|一 位 面 馆 老 板 
str_gekokujo_labor_town_employer_19|一 个 小 戏 剧 院 老 板 
str_gekokujo_labor_town_employer_20|一 个 棋 牌 室 老 板 
str_gekokujo_labor_town_employer_21|一 名 丝 绸 商 人 
str_gekokujo_labor_town_employer_22|大 米 商 人 
str_gekokujo_labor_town_employer_23|马 商 
str_gekokujo_labor_town_employer_24|木 材 商 人 
str_gekokujo_labor_town_employer_25|中 国 商 人 
str_gekokujo_labor_town_employer_26|一 个 南 蛮 商 人 
str_gekokujo_labor_town_employer_27|锻 刀 师 
str_gekokujo_labor_town_employer_28|制 弓 匠 
str_gekokujo_labor_town_employer_29|洋 枪 制 造 匠 
str_gekokujo_labor_town_employer_30|造 箭 者 
str_gekokujo_labor_town_employer_31|一 名 武 器 师 傅 
str_gekokujo_labor_town_employer_32|工 具 铁 匠 
str_gekokujo_labor_town_employer_33|银 匠 
str_gekokujo_labor_town_employer_34|造 笛 师 
str_gekokujo_labor_town_employer_35|神 社 成 员 
str_gekokujo_labor_town_employer_36|一 个 僧 人 
str_gekokujo_labor_town_employer_37|一 名 南 蛮 教 牧 师 
str_gekokujo_labor_town_employer_38|木 雕 师 
str_gekokujo_labor_town_employer_39|雕 塑 师 
str_gekokujo_labor_town_employer_40|山 水 画 师 
str_gekokujo_labor_town_site_1|店 铺 
str_gekokujo_labor_town_site_2|店 铺 
str_gekokujo_labor_town_site_3|店 铺 
str_gekokujo_labor_town_site_4|店 铺 
str_gekokujo_labor_town_site_5|店 铺 
str_gekokujo_labor_town_site_6|weavery
str_gekokujo_labor_town_site_7|染 厂 
str_gekokujo_labor_town_site_8|商 铺 
str_gekokujo_labor_town_site_9|印 刷 商 铺 
str_gekokujo_labor_town_site_10|商 铺 
str_gekokujo_labor_town_site_11|商 铺 
str_gekokujo_labor_town_site_12|商 铺 
str_gekokujo_labor_town_site_13|啤 酒 厂 
str_gekokujo_labor_town_site_14|啤 酒 厂 
str_gekokujo_labor_town_site_15|客 栈 
str_gekokujo_labor_town_site_16|汤 屋 
str_gekokujo_labor_town_site_17|茶 馆 
str_gekokujo_labor_town_site_18|面 馆 
str_gekokujo_labor_town_site_19|戏 剧 院 
str_gekokujo_labor_town_site_20|棋 牌 室 
str_gekokujo_labor_town_site_21|店 铺 
str_gekokujo_labor_town_site_22|店 铺 
str_gekokujo_labor_town_site_23|店 铺 
str_gekokujo_labor_town_site_24|店 铺 
str_gekokujo_labor_town_site_25|店 铺 
str_gekokujo_labor_town_site_26|店 铺 
str_gekokujo_labor_town_site_27|铁 匠 铺 
str_gekokujo_labor_town_site_28|店 铺 
str_gekokujo_labor_town_site_29|店 铺 
str_gekokujo_labor_town_site_30|店 铺 
str_gekokujo_labor_town_site_31|店 铺 
str_gekokujo_labor_town_site_32|铁 匠 铺 
str_gekokujo_labor_town_site_33|铁 匠 铺 
str_gekokujo_labor_town_site_34|店 铺 
str_gekokujo_labor_town_site_35|神 社 
str_gekokujo_labor_town_site_36|寺 庙 
str_gekokujo_labor_town_site_37|教 会 
str_gekokujo_labor_town_site_38|店 铺 
str_gekokujo_labor_town_site_39|店 铺 
str_gekokujo_labor_town_site_40|店 铺 
str_gekokujo_labor_town_need_1|需 要 拆 除 {s21}的 屋 顶 。 
str_gekokujo_labor_town_need_2|在 重 大 火 灾 损 坏 后 需 要 帮 助 重 建 他 们 的 {s21}。 
str_gekokujo_labor_town_need_3|需 要 帮 助 来 建 立 他 们 计 划 的 新 仓 库 。 
str_gekokujo_labor_town_need_4|正 在 迁 移 到 新 的 {s21}， 需 要 搬 运 工 。 
str_gekokujo_labor_town_need_5|在 他 们 的 {s21}收 到 大 量 交 货 ， 需 要 将 其 移 至 他 们 的 仓 库 。 
str_gekokujo_labor_town_need_6|需 要 将 一 些 重 物 从 仓 库 转 移 到 {s21}。 
str_gekokujo_labor_town_need_7|需 要 在 全 镇 范 围 内 派 送 一 些 搬 运 工 。 
str_gekokujo_labor_town_need_8|需 要 帮 助 运 送 大 量 物 品 到 他 们 的 {s21}。 
str_gekokujo_labor_town_need_9|解 雇 了 所 有 的 固 定 帮 工 ， 今 天 需 要 临 时 替 代 。 
str_gekokujo_labor_town_need_10|在 他 们 的 {s21}上 需 要 一 些 帮 助 。 
str_gekokujo_labor_town_skill_1|这 项 工 作 很 简 单 。 
str_gekokujo_labor_town_skill_2|这 项 工 作 耗 费 力 气 。 ( 铁 骨 )
str_gekokujo_labor_town_skill_3|这 项 工 作 是 重 复 的 。 ( 强 击 )
str_gekokujo_labor_town_skill_4|这 项 工 作 需 要 大 量 的 投 掷 力 量 。 ( 强 掷 )
str_gekokujo_labor_town_skill_5|这 项 工 作 需 要 臂 力 。 ( 强 弓 )
str_gekokujo_labor_town_skill_6|您 将 被 雇 用 来 当 守 卫 而 不 是 帮 助 工 作 。 ( 武 器 熟 练 )
str_gekokujo_labor_town_skill_7|这 项 工 作 需 要 在 镇 上 四 处 走 走 。 ( 跑 动 )
str_gekokujo_labor_town_skill_8|这 项 工 作 涉 及 马 匹 。 ( 骑 术 )
str_gekokujo_labor_town_skill_9|这 项 工 作 需 要 大 量 的 非 技 术 工 人 团 队 。 ( 教 练 )
str_gekokujo_labor_town_skill_10|雇 主 的 仓 库 杂 乱 无 章 ， 难 以 分 类 。 ( 物 品 管 理 )
str_gekokujo_labor_village_employer_1|整 个 村 庄 
str_gekokujo_labor_village_employer_2|其 中 一 个 家 庭 
str_gekokujo_labor_village_employer_3|一 个 现 在 生 病 的 农 民 ， 
str_gekokujo_labor_village_employer_4|一 个 当 前 受 伤 的 农 民 ， 
str_gekokujo_labor_village_employer_5|一 个 老 农 民 
str_gekokujo_labor_village_employer_6|一 个 年 轻 农 家 小 伙 子 
str_gekokujo_labor_village_employer_7|一 个 老 鳏 夫 
str_gekokujo_labor_village_employer_8|一 个 老 寡 妇 
str_gekokujo_labor_village_employer_9|一 位 富 有 的 农 民 
str_gekokujo_labor_village_employer_10|一 些 丧 父 的 人 继 承 的 农 场 
str_gekokujo_labor_village_need_1|在 收 割 水 稻 方 面 需 要 帮 助 。 
str_gekokujo_labor_village_need_2|需 要 帮 助 来 筹 集 一 些 堤 坝 。 
str_gekokujo_labor_village_need_3|需 要 挖 一 些 沟 渠 。 
str_gekokujo_labor_village_need_4|需 要 帮 助 来 收 集 柴 火 。 
str_gekokujo_labor_village_need_5|需 要 人 们 从 树 上 采 摘 水 果 。 
str_gekokujo_labor_village_need_6|需 要 很 多 人 来 帮 助 收 割 水 稻 。 
str_gekokujo_labor_village_need_7|需 要 帮 助 将 大 米 运 送 到 主 人 的 仓 库 。 
str_gekokujo_labor_village_need_8|需 要 帮 助 来 建 立 新 的 仓 库 。 
str_gekokujo_labor_village_need_9|需 要 帮 助 来 建 造 新 的 农 舍 。 
str_gekokujo_labor_village_need_10|需 要 帮 助 为 他 们 的 田 地 除 草 。 
str_gekokujo_labor_village_skill_1|这 项 工 作 很 简 单 。 
str_gekokujo_labor_village_skill_2|这 项 工 作 是 比 较 吃 苦 力 。 ( 铁 骨 )
str_gekokujo_labor_village_skill_3|这 项 工 作 是 重 复 的 。 ( 强 击 )
str_gekokujo_labor_village_skill_4|这 项 工 作 需 要 大 量 的 投 掷 力 量 。 ( 强 掷 )
str_gekokujo_labor_village_skill_5|这 项 工 作 需 要 臂 力 。 ( 强 弓 )
str_gekokujo_labor_village_skill_6|这 项 工 作 需 要 在 森 林 中 四 处 走 走 。 ( 觅 食 )
str_gekokujo_labor_village_skill_7|这 项 工 作 需 要 在 田 间 走 动 很 多 。 ( 跑 动 )
str_gekokujo_labor_village_skill_8|这 项 工 作 涉 及 训 马 。 ( 骑 术 )
str_gekokujo_labor_village_skill_9|这 项 工 作 需 要 大 量 的 非 技 术 工 人 团 队 。 ( 教 练 )
str_gekokujo_labor_village_skill_10|雇 主 的 防 洪 基 础 设 施 已 经 破 旧 。 ( 工 程 学 )
str_gekokujo_labor_town_complete|轮 班 结 束 时 ， 感 激 不 已 的 雇 主 给 您 {reg31}文 钱 ， 并 祝 您 明 天 能 找 到 新 的 工 作 。 
str_gekokujo_labor_village_complete|感 激 的 村 民 虽 然 缺 少 文 钱 ， 但 他 们 用 {s11}来 补 偿 您 。 他 们 欢 迎 您 随 时 回 来 。 
str_gekokujo_labor_village_reward_1_singular|一 袋 米 
str_gekokujo_labor_village_reward_2_singular|一 袋 大 豆 
str_gekokujo_labor_village_reward_3_singular|一 篮 子 蔬 菜 
str_gekokujo_labor_village_reward_4_singular|一 篮 水 果 
str_gekokujo_labor_village_reward_1_plural|{reg31}袋 米 饭 
str_gekokujo_labor_village_reward_2_plural|{reg31}袋 大 豆 
str_gekokujo_labor_village_reward_3_plural|{reg31}篮 蔬 菜 
str_gekokujo_labor_village_reward_4_plural|{reg31}篮 水 果 
str_gekokujo_beg_success|您 会 得 到 {reg10}文 钱 的 施 舍 。 
str_gekokujo_beg_fail|愤 怒 的 当 地 人 将 您 赶 走 。 
str_gekokujo_beg_success_reply_1|天 啊 ！ 让 我 来 帮 忙 ！ 
str_gekokujo_beg_success_reply_2|请 准 许 我 来 帮 忙 
str_gekokujo_beg_success_reply_3|该 死 的 乞 丐 ！ 无 论 如 何 ， 您 都 可 以 拥 有 这 个 。 
str_gekokujo_beg_success_reply_4|这 就 是 我 现 在 拥 有 的 一 切 ， 拿 去 吧 。 
str_gekokujo_beg_success_reply_5|在 这 里 ， 请 接 受 此 令 牌 。 这 是 我 能 做 的 最 好 的 事 情 。 
str_gekokujo_beg_fail_reply_1|令 人 恶 心 ！ 
str_gekokujo_beg_fail_reply_2|白 痴 ， 走 开 。 
str_gekokujo_beg_fail_reply_3|我 不 在 乎 
str_gekokujo_beg_fail_reply_4|{阁 下 /夫 人 }， 您 喝 醉 了 吗 ？ 
str_gekokujo_beg_fail_reply_5|您 认 为 自 己 在 做 什 么 ？ 
str_gekokujo_crime_success|您 拿 走 了 {reg10}文 钱 。 
str_gekokujo_crime_fail|您 没 能 取 得 任 何 收 益 。 
str_gekokujo_getaway_success|{6}怎 么 说 呢 ， 您 只 要 走 开 就 不 会 立 即 发 出 警 报 。 
str_gekokujo_getaway_fail|{s6}发 出 警 报 了 ， 但 最 终 您 被 {s7}所 困 。 
str_gekokujo_mug_success_reply_1|oh 不 ！ 
str_gekokujo_mug_success_reply_2|请 绕 我 一 命 ！ 
str_gekokujo_mug_success_reply_3|来 ， 把 所 有 东 西 都 拿 走 ！ 
str_gekokujo_mug_success_reply_4|去 你 妈 的 ！ 好 吧 ， 全 拿 走 吧 。 
str_gekokujo_mug_success_reply_5|这 是 我 的 一 切 ， 请 饶 了 我 一 命 ！ 
str_gekokujo_mug_fail_reply_1|来 人 ！ 就 命 ！ 
str_gekokujo_mug_fail_reply_2|滚 开 ， 白 痴 ！ 
str_gekokujo_mug_fail_reply_3|你 不 会 是 认 真 的 。 
str_gekokujo_mug_fail_reply_4|{阁 下 /夫 人 }， 您 喝 醉 了 吗 ？ 
str_gekokujo_mug_fail_reply_5|您 认 为 这 足 以 吓 到 我 吗 ？ 
str_gekokujo_pickpocket_success_reply_1|？ ？ 它 是 什 么 ？ 
str_gekokujo_pickpocket_success_reply_2|打 扰 一 下 
str_gekokujo_pickpocket_success_reply_3|啊 ， 我 很 抱 歉 打 扰 了 您 。 
str_gekokujo_pickpocket_success_reply_4|奇 怪 ， 我 以 为 我 感 觉 到 有 东 西 掠 过 我 。 
str_gekokujo_pickpocket_success_reply_5|小 心 点 有 小 偷 。 
str_gekokujo_pickpocket_fail_reply_1|来 人 ！ 救 命 ！ 
str_gekokujo_pickpocket_fail_reply_2|住 手 ！ 小 偷 ！ 
str_gekokujo_pickpocket_fail_reply_3|我 被 抢 劫 了 ！ 
str_gekokujo_pickpocket_fail_reply_4|你 个 傻 冒 ！ 您 想 干 什 么 ？ 
str_gekokujo_pickpocket_fail_reply_5|{阁 下 / 夫 人 }， 您 犯 了 一 个 非 常 愚 蠢 的 错 误 。 
str_gekokujo_crime_fight_town_type|城 镇 卫 队 
str_gekokujo_crime_fight_town_success|您 甩 掉 了 追 赶 您 的 警 卫 。 在 他 们 会 和 之 后 ， 镇 守 的 其 余 部 分 认 为 ， 追 随 您 可 能 不 值 得 。 您 现 在 所 要 做 的 就 是 等 待 事 情 冷 却 下 来 ， 然 后 您 就 可 以 干 其 他 事 情 了 … …
str_gekokujo_crime_fight_town_fail|你 摔 倒 了 。 警 卫 们 并 没 有 把 你 斩 首 ， 而 是 在 进 一 步 粗 暴 对 待 您 并 拿 走 可 以 从 您 的 身 上 找 到 的 硬 币 时 在 彼 此 之 间 大 笑 。 他 们 在 离 开 前 为 您 做 了 最 后 一 击 。 至 少 您 还 活 着 ， 甚 至 勉 强 活 着 。 
str_gekokujo_crime_fight_village_type|一 群 愤 怒 的 村 民 
str_gekokujo_crime_fight_village_success|您 可 以 打 败 村 民 。 尽 管 他 们 的 人 数 众 多 ， 但 他 们 的 邻 居 却 犹 豫 不 决 地 追 随 您 。 您 已 经 走 了 。 
str_gekokujo_crime_fight_village_fail|你 跌 倒 了 。 村 民 们 会 迅 速 在 您 的 尸 体 中 搜 寻 他 们 能 找 到 的 所 有 硬 币 ， 然 后 将 您 的 尸 体 留 在 原 地 。 他 们 可 能 希 望 您 会 死 。 
str_gekokujo_stalking_reply_1|？ 它 是 什 么 ？ 
str_gekokujo_stalking_reply_2|打 扰 一 下 
str_gekokujo_stalking_reply_3|啊 ， 我 为 冲 撞 到 您 感 到 抱 歉 。 
str_gekokujo_stalking_reply_4|奇 怪 的 。 我 以 为 有 人 在 跟 着 我 。 
str_gekokujo_stalking_reply_5|小 心 点 有 一 些 陌 生 的 人 。 
str_gekokujo_stalking_success|您 成 功 地 遵 循 了 自 己 的 要 求 
str_gekokujo_stalking_fail|您 无 法 跟 上 目 标 。 哦 ， 好 ， 只 要 没 有 人 报 警 ...
str_gekokujo_burglary_town_1|{s6}走 向 他 们 那 间 寒 酸 的 四 叠 半 出 租 屋 。 ^^难 不 成 你 连 他 们 仅 有 的 这 点 家 当 也 要 夺 走 ？ 
str_gekokujo_burglary_town_2|{s6}到 他 们 的 房 子 。 在 里 面 做 完 事 之 后 ， 他 们 迅 速 离 开 并 走 回 了 你 们 俩 的 来 路 。 ^^你 会 闯 入 并 进 入 吗 ？ 
str_gekokujo_burglary_town_3|{s6}到 奉 行 的 府 邸 ， 并 且 成 为 他 们 的 仆 人 。 ^^这 是 一 个 相 当 大 的 地 方 ， 您 可 能 会 从 另 一 侧 偷 东 西 ， 而 您 永 远 不 会 注 意 到 。 
str_gekokujo_burglary_town_4|{s6}到 一 个 武 士 的 宅 邸 ， 在 那 里 作 为 仆 人 工 作 。 ^^这 是 一 个 相 当 大 的 地 方 -您 可 能 会 从 另 一 侧 偷 东 西 ， 而 您 永 远 不 会 注 意 到 。 
str_gekokujo_burglary_village_1|{s6}到 村 郊 的 农 场 。 ^^他 们 很 快 就 进 出 农 舍 ， 以 你 们 俩 都 来 的 方 式 回 到 村 子 里 。 
str_gekokujo_burglary_village_2|{s6}走 在 一 条 空 旷 的 道 路 上 。 他 们 停 下 来 吃 饭 ... ^^他 们 扔 下 一 些 拿 着 的 东 西 。 您 可 以 在 没 有 他 们 注 意 的 情 况 下 抓 住 它 。 
str_gekokujo_burglary_village_3|{s6}当 他 们 走 进 树 林 时 。 他 们 开 始 收 集 柴 火 … … ^^他 们 在 工 作 时 将 一 个 袋 子 扔 到 一 边 。 您 可 以 在 没 有 他 们 注 意 的 情 况 下 拿 走 他 。 
str_gekokujo_burglary_village_4|{s6}， 因 为 他 们 在 远 离 村 庄 的 河 岸 上 远 足 。 他 们 开 始 钓 鱼 ... ^^他 们 在 工 作 时 将 一 个 袋 子 扔 到 一 边 。 您 可 以 在 没 有 他 们 注 意 的 情 况 下 拿 走 。 
str_gekokujo_burglary_odds|{s6} ^^ {reg12}％ 可 以 窃 取 成 功 ， {reg13}％ 可 以 避 免 被 发 现 
str_gekokujo_burglary_success|您 从 中 拿 走 了 价 值 {reg10}文 钱 的 物 品 和 硬 币 。 
str_gekokujo_burglary_fail|您 无 法 从 目 标 中 获 取 任 何 东 西 。 也 许 您 得 快 速 离 开 。 也 许 没 有 什 么 东 西 可 以 悄 悄 带 走 。 
str_gekokujo_burglary_fight_town_1_easy|碰 巧 到 达 的 家 族 成 员 。 
str_gekokujo_burglary_fight_town_2_easy|碰 巧 到 达 的 家 族 成 员 。 
str_gekokujo_burglary_fight_town_3_easy|您 没 有 注 意 到 的 家 族 成 员 和 仆 人 。 
str_gekokujo_burglary_fight_town_4_easy|你 没 注 意 到 的 仆 人 。 
str_gekokujo_burglary_fight_town_1_hard|家 人 和 邻 居 出 现 并 提 供 帮 助 。 
str_gekokujo_burglary_fight_town_2_hard|家 人 和 邻 居 出 现 并 提 供 帮 助 。 
str_gekokujo_burglary_fight_town_3_hard|豪 宅 的 雇 佣 警 卫 。 
str_gekokujo_burglary_fight_town_4_hard|守 卫 豪 宅 的 人 。 
str_gekokujo_burglary_fight_village_1_easy|您 没 有 注 意 到 农 场 中 的 某 人 。 
str_gekokujo_burglary_fight_village_2_easy|一 些 白 日 梦 想 家 走 在 路 上 。 
str_gekokujo_burglary_fight_village_3_easy|在 树 林 里 也 有 一 些 白 日 梦 想 家 。 
str_gekokujo_burglary_fight_village_4_easy|一 些 白 日 梦 想 家 在 河 岸 边 钓 鱼 。 
str_gekokujo_burglary_fight_village_1_hard|碰 巧 到 达 的 家 族 成 员 。 
str_gekokujo_burglary_fight_village_2_hard|一 群 碰 巧 在 路 上 的 村 民 。 
str_gekokujo_burglary_fight_village_3_hard|一 群 刚 好 在 树 林 里 的 村 民 。 
str_gekokujo_burglary_fight_village_4_hard|一 群 恰 巧 正 在 分 河 的 村 民 暴 民 。 
str_gekokujo_burglary_fight_town_success|您 可 以 与 城 镇 居 民 抗 争 并 逃 脱 ， 而 无 需 进 一 步 对 抗 。 
str_gekokujo_burglary_fight_town_fail|你 跌 倒 了 。 镇 上 的 人 很 快 就 会 在 你 身 上 搜 到 他 们 能 找 到 的 每 一 枚 硬 币 ， 然 后 再 对 你 进 行 搜 身 。 在 把 你 扔 进 黑 暗 的 仓 库 之 前 ， 他 们 会 给 你 最 后 一 脚 。 然 而 ， 你 还 没 有 完 全 出 局 ， 你 还 没 来 得 及 有 人 回 来 就 爬 走 了 
str_gekokujo_burglary_fight_guards_success|你 让 面 对 你 的 卫 兵 倒 下 ， 让 你 逃 出 豪 宅 。 你 现 在 所 要 做 的 就 是 等 待 事 情 冷 却 下 来 ， 然 后 你 就 可 以 … …
str_gekokujo_burglary_fight_guards_fail|你 跌 倒 了 。 守 卫 们 没 有 砍 你 的 头 ， 而 是 笑 着 把 你 弄 得 更 惨 ， 从 你 身 上 拿 走 他 们 能 找 到 的 硬 币 。 在 把 你 扔 进 黑 暗 的 仓 库 之 前 ， 他 们 会 给 你 最 后 一 脚 。 然 而 ， 你 还 没 有 完 全 出 局 ， 你 还 没 来 得 及 有 人 回 来 就 爬 走 了 
str_gekokujo_burglary_fight_village_success|你 能 击 退 村 民 。 周 围 没 有 其 他 人 去 看 发 生 了 什 么 事 或 向 村 子 报 告 。 你 已 经 逃 走 了 。 
str_gekokujo_burglary_fight_village_fail|你 跌 倒 了 。 村 民 们 迅 速 地 在 你 的 身 体 里 搜 寻 他 们 能 找 到 的 每 一 枚 硬 币 ， 然 后 把 你 遗 弃 在 这 里 。 他 们 可 能 希 望 你 死 
str_gekokujo_fort_1_guard_talk|感 谢 你 的 仁 慈 , {playername}大 。 人 
str_gekokujo_fort_2_guard_talk|这 就 算 了 ？ 
str_gekokujo_fort_3_guard_talk|我 祈 求 一 切 平 安 ， {方 丈 /太 师 }
str_gekokujo_fort_4_guard_talk|{方 丈 /太 师 }？ 
str_gekokujo_fort_5_guard_talk|{酋 长 /女 祭 } {playername}?
str_gekokujo_fort_6_guard_talk|{酋 长 /女 祭 } {playername}!
str_gekokujo_fort_1_deputy_conquer|你 想 从 我 们 这 里 得 到 什 么 ？ 这 是 一 座 关 押 不 良 分 子 的 监 狱 。 我 们 要 陪 你 回 本 土 吗 ？ 
str_gekokujo_fort_2_deputy_conquer|停 下 ！ 我 们 投 降 ！ 今 天 对 宗 氏 来 说 是 个 不 好 的 日 子 。 请 宽 恕 我 们 ， 我 们 将 为 您 尽 忠 。 
str_gekokujo_fort_3_deputy_conquer|显 然 ， 西 行 方 丈 没 能 力 保 护 我 们 这 里 的 兄 弟 姐 妹 。 。 。 欢 迎 回 家 {方 丈 /师 太 } {playername}.
str_gekokujo_fort_4_deputy_conquer|我 们 不 会 假 装 我 们 是 一 个 广 结 善 缘 的 教 派 ， 但 我 们 可 以 保 证 ， 因 我 们 的 刀 下 而 产 生 的 业 力 ， 可 以 让 你 免 受 十 八 层 地 狱 疾 苦 ， 便 往 生 轮 回 。 
str_gekokujo_fort_5_deputy_conquer|很 好 ， 我 们 被 打 败 了 。 我 并 不 喜 欢 你 ， 但 我 的 职 责 是 让 我 的 村 庄 和 人 民 活 下 来 。 如 果 您 帮 助 我 们 恢 复 村 庄 ， 我 将 接 受 您 为 我 们 新 的 最 高 领 袖 。 
str_gekokujo_fort_6_deputy_conquer|啊 ! 我 不 敢 相 信 你 击 败 了 我 们 ！ 我 们 将 从 现 在 开 始 为 您 服 务 ， 但 这 将 是 双 向 的 关 系 。 善 待 我 们 ， 我 们 将 助 您 一 臂 之 力 。 不 公 正 地 对 待 我 们 ， 我 们 将 离 开 ， 除 了 这 些 废 墟 ， 你 什 么 也 得 不 到 。 
str_gekokujo_fort_1_deputy_conquer_response|我 声 明 自 己 拥 有 这 个 岛 屿 。 对 于 偏 僻 的 百 姓 来 说 ， 这 会 做 得 很 好 ， 并 且 您 将 以 其 守 护 者 的 身 份 去 做 。 
str_gekokujo_fort_2_deputy_conquer_response|非 常 好 。 为 我 创 造 财 富 ， 我 将 保 护 你 创 造 自 己 财 富 的 权 利 。 
str_gekokujo_fort_3_deputy_conquer_response|我 在 家 。 
str_gekokujo_fort_4_deputy_conquer_response|我 不 太 确 定 ...但 是 我 将 研 究 相 关 的 经 文 ， 以 找 出 您 是 否 愿 意 与 我 携 手 共 进 ...
str_gekokujo_fort_5_deputy_conquer_response|等 等 。 借 给 我 你 的 力 量 ， 我 们 就 可 以 战 胜 南 方 的 倭 人 ， 建 立 一 个 伟 大 的 国 家 。 
str_gekokujo_fort_6_deputy_conquer_response|我 曾 经 战 胜 你 的 力 量 也 可 以 用 来 保 护 你 。 好 吧 ， 把 我 当 作 你 的 新 头 儿 ， 我 就 把 你 当 作 我 的 新 副 手 。 
str_gekokujo_fort_1_deputy_intro|是 吗 ， {大 人 /大 人 }？ 
str_gekokujo_fort_2_deputy_intro|今 天 我 们 要 讨 论 什 么 ， {playername}阁 下 ？ 
str_gekokujo_fort_3_deputy_intro|欢 迎 回 家 ， {方 丈 /师 太 }{playername}。 
str_gekokujo_fort_4_deputy_intro|您 是 否 还 想 了 解 更 多 经 文 ， {playername}阁 下 ？ 
str_gekokujo_fort_5_deputy_intro|欢 迎 回 到 这 里 ， {酋 长 /女 祭 }{playername}
str_gekokujo_fort_6_deputy_intro|您 是 否 需 要 更 多 战 士 为 即 将 到 来 的 战 争 做 准 备 ？ 
str_gekokujo_fort_1_deputy_ask_specialty|我 们 流 亡 的 武 士 渴 望 加 入 您 的 军 队 ， 但 如 果 你 没 有 空 间 容 纳 他 们 ， 他 们 还 是 会 有 雇 主 。 
str_gekokujo_fort_2_deputy_ask_specialty|多 亏 了 南 蛮 ， 我 们 拥 有 出 色 的 铁 炮 部 队 供 您 使 用 。 南 蛮 人 还 从 远 方 国 家 慷 慨 地 向 我 们 交 易 香 料 。 
str_gekokujo_fort_3_deputy_ask_specialty|我 们 的 战 士 专 门 研 究 枪 支 。 我 们 还 从 漆 树 的 树 汁 中 制 成 最 好 的 漆 器 。 
str_gekokujo_fort_4_deputy_ask_specialty|我 们 的 勇 士 们 擅 长 于 长 枪 ， 但 我 们 也 为 衣 服 和 旗 帜 编 织 亚 麻 。 
str_gekokujo_fort_5_deputy_ask_specialty|我 们 的 矿 山 生 产 铁 ， 铁 使 我 们 为 战 士 生 产 剑 。 
str_gekokujo_fort_6_deputy_ask_specialty|我 们 的 猎 人 为 我 们 提 供 了 很 多 可 以 交 易 的 毛 皮 ， 他 们 也 可 以 与 您 一 起 参 战 。 
str_gekokujo_fort_1_deputy_ask_companion|我 的 女 儿 ？ 我 希 望 她 没 有 给 我 添 麻 烦 ...
str_gekokujo_fort_2_deputy_ask_companion|正 恩 是 釜 山 金 家 的 儿 子 。 他 们 是 我 — — 对 不 起 — — 我 们 最 信 任 的 合 作 伙 伴 
str_gekokujo_fort_3_deputy_ask_companion|他 在 哪 里 ？ 他 只 是 在 四 处 游 荡 吗 ？ 元 弘 真 是 个 懒 散 的 人 ！ 
str_gekokujo_fort_4_deputy_ask_companion|那 寿 桂 尼 去 哪 了 ？ 丈 夫 去 世 后 ， 她 去 年 出 了 家 。 她 是 一 个 很 好 的 学 生 ， 也 是 一 个 贤 良 的 人 ， 但 是 她 似 乎 在 这 里 不 喜 欢 它 。 我 想 她 更 不 喜 欢 丈 夫 家 的 房 子 。 
str_gekokujo_fort_5_deputy_ask_companion|我 看 到 您 已 经 和 我 姐 姐 的 女 儿 Chufsanma进 行 过 交 谈 。 {我 希 望 您 对 她 /她 只 有 最 崇 高 的 意 图 /我 知 道 您 会 喜 欢 她 }， {酋 长 / 女 祭 } {playername}
str_gekokujo_fort_6_deputy_ask_companion|啊 ， 我 见 到 你 认 识 了 Bafunkei。 他 是 我 女 儿 的 丈 夫 表 弟 的 朋 友 。 他 是 向 您 建 议 一 个 方 案 ， 还 是 吹 嘘 自 己 的 才 能 ？ 
str_gekokujo_fort_1_deputy_ask_companion_recruit|我 不 想 看 到 她 走 ， 但 也 不 想 不 让 她 看 到 世 界 。 很 好 。 请 照 顾 好 她 。 
str_gekokujo_fort_2_deputy_ask_companion_recruit|你 是 认 真 的 吗 ？ 我 该 怎 么 告 诉 他 的 父 母 ？ 啊 ， 我 明 白 了 ， 他 开 始 联 系 ， 寻 找 新 的 贸 易 机 会 。 。 。 但 请 务 必 保 护 他 的 安 全 ， {playername}大 人 。 
str_gekokujo_fort_3_deputy_ask_companion_recruit|你 确 定 吗 ？ 元 弘 能 在 外 面 生 存 吗 ？ 现 在 把 他 交 给 你 了 。 
str_gekokujo_fort_4_deputy_ask_companion_recruit|她 正 在 想 尽 办 法 离 开 ， 而 你 已 经 为 她 找 到 了 理 由 。 很 好 。 我 希 望 她 能 找 到 她 想 要 的 东 西 。 
str_gekokujo_fort_5_deputy_ask_companion_recruit|哦 不 。 。 。 我 相 信 Chufsanma 能 照 顾 好 自 己 ， 但 我 妹 妹 会 伤 心 至 极 的 。 我 会 告 诉 她 这 个 消 息 的 ， 别 担 心 ， 我 的 {酋 长 /女 祭 }。 
str_gekokujo_fort_6_deputy_ask_companion_recruit|看 在 上 帝 的 份 上 ， 请 尽 快 把 他 从 这 个 村 子 里 赶 走 。 
str_gekokujo_fort_deputy_ask_companion_returned|{s3} 实 际 上 一 直 在 等 你 回 来 。 
str_gekokujo_fort_1_deputy_ask_companion_recruited|{playername}大 人 。 桃 子 过 的 怎 么 样 ？ 我 很 高 兴 她 能 看 到 世 界 的 其 他 地 方 ， 但 我 非 常 想 念 她 
str_gekokujo_fort_2_deputy_ask_companion_recruited|正 恩 怎 么 样 ， 我 的 {大 人 /夫 人 }？ 金 家 一 家 一 直 在 信 中 询 问 他 的 情 况 。 
str_gekokujo_fort_3_deputy_ask_companion_recruited|我 希 望 元 弘 在 您 的 照 料 下 会 比 在 我 的 照 护 下 做 得 更 好 。 
str_gekokujo_fort_4_deputy_ask_companion_recruited|她 怎 么 样 ？ {playername} 大 人 。 我 希 望 她 在 外 面 没 有 给 您 添 乱 。 
str_gekokujo_fort_5_deputy_ask_companion_recruited|请 向 Chufsanma 致 以 最 美 好 的 祝 愿 。 我 希 望 倭 人 的 土 地 一 直 对 她 很 好 。 我 希 望 你 一 直 对 她 很 好 。 
str_gekokujo_fort_6_deputy_ask_companion_recruited|奇 怪 的 是 ， 整 个 村 子 都 在 打 听 他 。 他 出 名 了 ？ 还 是 被 杀 了 ？ 
str_gekokujo_fort_1_deputy_ask_companion_promoted|你 让 桃 子 成 为 你 的 领 主 之 一 ？ ！ 我 知 道 她 待 在 这 里 是 屈 才 ， 但 我 不 知 道 她 有 那 么 大 的 能 力 。 
str_gekokujo_fort_2_deputy_ask_companion_promoted|正 恩 成 为 了 一 名 有 封 地 的 武 士 ?不 ,他 的 父 母 。 。 。 他 们 会 气 的 脸 发 青 的 ！ 
str_gekokujo_fort_3_deputy_ask_companion_promoted|元 弘 当 藩 主 ？ 呸 。 我 知 道 他 生 来 不 是 好 好 修 行 那 种 人 。 
str_gekokujo_fort_4_deputy_ask_companion_promoted|她 现 在 是 寿 桂 尼 夫 人 吗 ？ {playername} 阁 下 ， 当 您 照 顾 她 时 ， 我 感 到 很 高 兴 ， 因 为 我 相 信 您 会 带 领 她 迈 向 内 心 的 和 平 。 但 现 在 你 让 她 陷 入 了 更 糟 糕 的 内 心 混 乱 。 我 会 为 她 的 灵 魂 祈 祷 。 
str_gekokujo_fort_5_deputy_ask_companion_promoted|极 好 的 ！ 我 的 小 楚 夫 桑 玛 现 在 是 倭 人 中 的 高 级 酋 长 了 吗 ？ 我 以 前 对 与 您 携 手 共 存 存 有 疑 问 ， 但 是 在 您 接 受 了 我 们 的 治 疗 后 ， 一 切 都 烟 消 云 散 了 。 
str_gekokujo_fort_6_deputy_ask_companion_promoted|呸 ！ 难 以 置 信 的 但 是 那 男 孩 怎 么 样 ？ 他 快 乐 吗 ？ 
str_gekokujo_fort_1_companion_meet|我 明 白 了 。 你 一 定 是 {playername} 大 人 。 我 从 我 父 亲 那 里 听 说 你 来 自 大 陆 。 那 里 一 定 很 刺 激 。 至 于 我 ， 我 从 未 离 开 过 佐 渡 岛 。 
str_gekokujo_fort_2_companion_meet|你 好 ！ 我 是 正 恩 ， 苏 大 人 在 仓 库 的 学 徒 之 一 。 我 的 名 字 听 起 来 很 奇 怪 ， 不 是 吗 ？ 那 是 因 为 我 来 自 釜 山 ， 那 是 朝 鲜 的 一 个 城 市 。 
str_gekokujo_fort_3_companion_meet|{方 丈 / 师 太 } {playername}！ 我 没 想 到 你 会 谈 到 这 部 分 。 我 知 道 我 现 在 应 该 练 习 我 的 佛 经 ， 但 是 ， 哦 ， 你 真 的 不 在 乎 吗 ？ 好 吧 ， 太 好 了 ！ 您 不 会 告 诉 堂 安 大 师 ， 对 吗 ？ 
str_gekokujo_fort_4_companion_meet|{方 丈 /师 太 }。 你 是 来 调 查 你 的 战 利 品 的 吗 ？ 
str_gekokujo_fort_5_companion_meet|嗨 ， {酋 长 /女 祭 } {playername}? 很 高 兴 见 到 你 。 我 是 酒 三 麻 。 
str_gekokujo_fort_6_companion_meet|哦 ! {酋 长 /女 祭 }!很 高 兴 在 这 里 见 到 你 。 我 是 马 分 系 ， 村 里 最 能 打 的 战 士 。 
str_gekokujo_fort_1_companion_intro|{playername}大 人 
str_gekokujo_fort_2_companion_intro|欢 迎 回 到 庄 园 ， {阁 下 /夫 人 }。 
str_gekokujo_fort_3_companion_intro|{方 丈 / 师 太 } {playername}！ 你 有 外 界 的 消 息 吗 ？ 
str_gekokujo_fort_4_companion_intro|{方 丈 / 师 太 }。 
str_gekokujo_fort_5_companion_intro|是 ， 大 {酋 长 /女 祭 }
str_gekokujo_fort_6_companion_intro|欢 迎 回 家 ， {酋 长 /女 祭 }！ 
str_gekokujo_fort_1_companion_about|我 是 您 的 行 政 官 本 间 大 人 的 女 儿 。 
str_gekokujo_fort_2_companion_about|我 是 仓 库 的 职 员 。 我 的 家 族 几 代 人 都 和 宗 氏 做 买 卖 ， 所 以 他 们 把 我 送 到 这 里 来 维 持 我 们 的 关 系 。 
str_gekokujo_fort_3_companion_about|我 是 元 弘 ， 一 个 新 手 。 堂 安 大 师 说 我 不 是 很 勤 奋 ， 但 这 没 办 法 ， 我 是 新 来 的 ！ 我 来 这 里 才 五 年 。 或 者 六 年 。 
str_gekokujo_fort_4_companion_about|我 是 寿 桂 尼 。 我 丈 夫 23 岁 去 世 后 ， 我 以 尼 姑 的 身 份 加 入 了 这 座 寺 庙 。 
str_gekokujo_fort_5_companion_about|我 是 Aterui酋 长 的 侄 女 酒 三 麻 
str_gekokujo_fort_6_companion_about|我 是 Banfunkei， 只 要 有 机 会 ， 我 随 时 都 会 成 名 。 
str_gekokujo_fort_1_companion_recruit|加 ... 加 ... 加 ... 入 你 ？ 莫 非 要 去 大 陆 吗 ？ 真 ... 真 ... 真 的 吗 ？ 天 啊 
str_gekokujo_fort_2_companion_recruit|我 承 认 我 一 直 想 去 看 看 日 本 的 其 他 地 方 … … 对 马 与 釜 山 没 有 什 么 不 同 。 
str_gekokujo_fort_3_companion_recruit|你 确 定 吗 ？ 那 太 棒 了 ！ 我 的 意 思 是 , 哇 ， 我 其 实 很 不 舍 告 别 堂 安 法 师 
str_gekokujo_fort_4_companion_recruit|是 ...是 真 的 ？ 你 对 像 我 这 样 的 人 没 事 吗 ？ 
str_gekokujo_fort_5_companion_recruit|您 想 带 我 到 倭 人 的 土 地 吗 ？ 有 趣 
str_gekokujo_fort_6_companion_recruit|感 谢 您 给 我 此 机 会 ， {酋 长 / 女 祭 }！ 我 不 会 让 您 不 会 后 悔 的 ！ 
str_gekokujo_fort_companion_promote|多 谢 {playername}阁 下 ！ 
str_key_0|0
str_key_1|1
str_key_2|2
str_key_3|3
str_key_4|4
str_key_5|5
str_key_6|6
str_key_7|7
str_key_8|8
str_key_9|9
str_key_a|A
str_key_b|B
str_key_c|C
str_key_d|D
str_key_e|E
str_key_f|F
str_lcn_faction|他 忠 于 {s41}
str_lcn_stats|名 声 ， {reg60}。 争 议 ， {reg61}。 
str_lcn_prompt|在 {s41} 上 输 入 您 的 个 人 笔 记 ， 
str_lack_money|你 没 有 足 够 的 钱 。
