trp_multiplayer_profile_troop_male|联 机 男 性 玩 家 角 色 
trp_multiplayer_profile_troop_male_pl|联 机 男 性 玩 家 角 色 
trp_multiplayer_profile_troop_female|联 机 女 性 玩 家 角 色 
trp_multiplayer_profile_troop_female_pl|联 机 女 性 玩 家 角 色 
trp_temp_troop|Temp Troop
trp_temp_troop_pl|Temp Troop
trp_find_item_cheat|find item cheat
trp_find_item_cheat_pl|find item cheat
trp_random_town_sequence|Random Town Sequence
trp_random_town_sequence_pl|Random Town Sequence
trp_tournament_participants|竞 技 场 选 手 
trp_tournament_participants_pl|竞 技 场 选 手 
trp_tutorial_maceman|大 棒 勇 士 
trp_tutorial_maceman_pl|大 棒 勇 士 
trp_tutorial_archer|弓 手 
trp_tutorial_archer_pl|弓 手 
trp_tutorial_swordsman|剑 士 
trp_tutorial_swordsman_pl|剑 士 
trp_novice_fighter|初 心 者 
trp_novice_fighter_pl|初 心 者 
trp_regular_fighter|教 士 
trp_regular_fighter_pl|教 士 
trp_veteran_fighter|练 士 
trp_veteran_fighter_pl|练 士 
trp_champion_fighter|范 士 
trp_champion_fighter_pl|范 士 
trp_arena_training_fighter_1|初 心 者 
trp_arena_training_fighter_1_pl|初 心 者 
trp_arena_training_fighter_2|初 心 者 
trp_arena_training_fighter_2_pl|初 心 者 
trp_arena_training_fighter_3|教 士 
trp_arena_training_fighter_3_pl|教 士 
trp_arena_training_fighter_4|教 士 
trp_arena_training_fighter_4_pl|教 士 
trp_arena_training_fighter_5|教 士 
trp_arena_training_fighter_5_pl|教 士 
trp_arena_training_fighter_6|练 士 
trp_arena_training_fighter_6_pl|练 士 
trp_arena_training_fighter_7|练 士 
trp_arena_training_fighter_7_pl|练 士 
trp_arena_training_fighter_8|练 士 
trp_arena_training_fighter_8_pl|练 士 
trp_arena_training_fighter_9|范 士 
trp_arena_training_fighter_9_pl|范 士 
trp_arena_training_fighter_10|范 士 
trp_arena_training_fighter_10_pl|范 士 
trp_cattle|牛 
trp_cattle_pl|牛 
trp_farmer|农 民 
trp_farmer_pl|农 民 
trp_townsman|町 人 
trp_townsman_pl|町 人 
trp_hired_guard|雇 佣 杂 众 
trp_hired_guard_pl|雇 佣 杂 众 
trp_yojimbo|雇 佣 相 棒 
trp_yojimbo_pl|雇 佣 相 棒 
trp_hired_warrior|恶 党 浪 人 
trp_hired_warrior_pl|恶 党 浪 人 
trp_hired_warrior_veteran|雇 佣 浪 人 
trp_hired_warrior_veteran_pl|雇 佣 浪 人 
trp_hired_gunner|雇 佣 散 兵 
trp_hired_gunner_pl|雇 佣 散 兵 
trp_hired_agent|忍 者 
trp_hired_agent_pl|忍 者 
trp_Hired_Rifleman|雇 佣 步 枪 兵 
trp_Hired_Rifleman_pl|雇 佣 步 枪 兵 
trp_mercenaries_end|mercenaries end
trp_mercenaries_end_pl|mercenaries end
trp_gekokujo_uesugi_villager|越 后 新 兵 
trp_gekokujo_uesugi_villager_pl|越 后 新 兵 
trp_gekokujo_uesugi_spearman|越 后 步 兵 
trp_gekokujo_uesugi_spearman_pl|越 后 步 兵 
trp_gekokujo_uesugi_skirmisher|越 后 散 兵 
trp_gekokujo_uesugi_skirmisher_pl|越 后 散 兵 
trp_gekokujo_uesugi_trained_spearman|熟 练 越 后 步 兵 
trp_gekokujo_uesugi_trained_spearman_pl|熟 练 越 后 步 兵 
trp_gekokujo_uesugi_trained_skirmisher|熟 练 越 后 散 兵 
trp_gekokujo_uesugi_trained_skirmisher_pl|熟 练 越 后 散 兵 
trp_gekokujo_uesugi_veteran_spearman|资 深 越 后 步 兵 
trp_gekokujo_uesugi_veteran_spearman_pl|资 深 越 后 步 兵 
trp_gekokujo_uesugi_veteran_skirmisher|资 深 越 后 散 兵 
trp_gekokujo_uesugi_veteran_skirmisher_pl|资 深 越 后 散 兵 
trp_gekokujo_uesugi_elite_skirmisher|精 锐 越 后 散 兵 
trp_gekokujo_uesugi_elite_skirmisher_pl|精 锐 越 后 散 兵 
trp_gekokujo_date_villager|仙 台 新 兵 
trp_gekokujo_date_villager_pl|仙 台 新 兵 
trp_gekokujo_date_spearman|仙 台 步 兵 
trp_gekokujo_date_spearman_pl|仙 台 步 兵 
trp_gekokujo_date_skirmisher|仙 台 散 兵 
trp_gekokujo_date_skirmisher_pl|仙 台 散 兵 
trp_gekokujo_date_trained_spearman|熟 练 仙 台 步 兵 
trp_gekokujo_date_trained_spearman_pl|熟 练 仙 台 步 兵 
trp_gekokujo_date_trained_skirmisher|熟 练 仙 台 散 兵 
trp_gekokujo_date_trained_skirmisher_pl|熟 练 仙 台 散 兵 
trp_gekokujo_date_veteran_spearman|资 深 仙 台 步 兵 
trp_gekokujo_date_veteran_spearman_pl|资 深 仙 台 步 兵 
trp_gekokujo_date_veteran_skirmisher|资 深 仙 台 散 兵 
trp_gekokujo_date_veteran_skirmisher_pl|资 深 仙 台 散 兵 
trp_gekokujo_date_elite_spearman|精 锐 仙 台 步 兵 
trp_gekokujo_date_elite_spearman_pl|精 锐 仙 台 步 兵 
trp_gekokujo_oda_villager|伊 势 新 兵 
trp_gekokujo_oda_villager_pl|伊 势 新 兵 
trp_gekokujo_oda_spearman|伊 势 步 兵 
trp_gekokujo_oda_spearman_pl|伊 势 步 兵 
trp_gekokujo_oda_skirmisher|伊 势 散 兵 
trp_gekokujo_oda_skirmisher_pl|伊 势 散 兵 
trp_gekokujo_oda_trained_spearman|熟 练 伊 势 步 兵 
trp_gekokujo_oda_trained_spearman_pl|熟 练 伊 势 步 兵 
trp_gekokujo_oda_trained_skirmisher|熟 练 伊 势 散 兵 
trp_gekokujo_oda_trained_skirmisher_pl|熟 练 伊 势 散 兵 
trp_gekokujo_oda_veteran_spearman|资 深 伊 势 步 兵 
trp_gekokujo_oda_veteran_spearman_pl|资 深 伊 势 步 兵 
trp_gekokujo_oda_veteran_skirmisher|资 深 伊 势 散 兵 
trp_gekokujo_oda_veteran_skirmisher_pl|资 深 伊 势 散 兵 
trp_gekokujo_oda_elite_skirmisher|精 锐 伊 势 散 兵 
trp_gekokujo_oda_elite_skirmisher_pl|精 锐 伊 势 散 兵 
trp_gekokujo_mori_villager|长 州 新 兵 
trp_gekokujo_mori_villager_pl|长 州 新 兵 
trp_gekokujo_mori_spearman|长 州 步 兵 
trp_gekokujo_mori_spearman_pl|长 州 步 兵 
trp_gekokujo_mori_skirmisher|长 州 散 兵 
trp_gekokujo_mori_skirmisher_pl|长 州 散 兵 
trp_gekokujo_mori_trained_spearman|熟 练 长 州 步 兵 
trp_gekokujo_mori_trained_spearman_pl|熟 练 长 州 步 兵 
trp_gekokujo_mori_trained_skirmisher|熟 练 长 州 散 兵 
trp_gekokujo_mori_trained_skirmisher_pl|熟 练 长 州 散 兵 
trp_gekokujo_mori_veteran_spearman|长 州 资 深 步 兵 
trp_gekokujo_mori_veteran_spearman_pl|长 州 资 深 步 兵 
trp_gekokujo_mori_veteran_skirmisher|长 州 资 深 散 兵 
trp_gekokujo_mori_veteran_skirmisher_pl|长 州 资 深 散 兵 
trp_gekokujo_mori_elite_spearman|精 锐 长 州 步 兵 
trp_gekokujo_mori_elite_spearman_pl|精 锐 长 州 步 兵 
trp_gekokujo_takeda_villager|会 津 新 兵 
trp_gekokujo_takeda_villager_pl|会 津 新 兵 
trp_gekokujo_takeda_spearman|会 津 步 兵 
trp_gekokujo_takeda_spearman_pl|会 津 步 兵 
trp_gekokujo_takeda_skirmisher|会 津 散 兵 
trp_gekokujo_takeda_skirmisher_pl|会 津 散 兵 
trp_gekokujo_takeda_trained_spearman|熟 练 会 津 步 兵 
trp_gekokujo_takeda_trained_spearman_pl|熟 练 会 津 步 兵 
trp_gekokujo_takeda_trained_skirmisher|熟 练 会 津 散 兵 
trp_gekokujo_takeda_trained_skirmisher_pl|熟 练 会 津 散 兵 
trp_gekokujo_takeda_veteran_spearman|资 深 会 津 步 兵 
trp_gekokujo_takeda_veteran_spearman_pl|资 深 会 津 步 兵 
trp_gekokujo_takeda_veteran_skirmisher|资 深 会 津 散 兵 
trp_gekokujo_takeda_veteran_skirmisher_pl|资 深 会 津 散 兵 
trp_gekokujo_takeda_elite_spearman|精 锐 会 津 步 兵 
trp_gekokujo_takeda_elite_spearman_pl|精 锐 会 津 步 兵 
trp_gekokujo_tokugawa_villager|德 川 新 兵 
trp_gekokujo_tokugawa_villager_pl|德 川 新 兵 
trp_gekokujo_tokugawa_spearman|德 川 步 兵 
trp_gekokujo_tokugawa_spearman_pl|德 川 步 兵 
trp_gekokujo_tokugawa_skirmisher|德 川 散 兵 
trp_gekokujo_tokugawa_skirmisher_pl|德 川 散 兵 
trp_gekokujo_tokugawa_trained_spearman|熟 练 德 川 步 兵 
trp_gekokujo_tokugawa_trained_spearman_pl|熟 练 德 川 步 兵 
trp_gekokujo_tokugawa_trained_skirmisher|熟 练 德 川 散 兵 
trp_gekokujo_tokugawa_trained_skirmisher_pl|熟 练 德 川 散 兵 
trp_gekokujo_tokugawa_veteran_spearman|资 深 德 川 步 兵 
trp_gekokujo_tokugawa_veteran_spearman_pl|资 深 德 川 步 兵 
trp_gekokujo_tokugawa_veteran_skirmisher|资 深 德 川 散 兵 
trp_gekokujo_tokugawa_veteran_skirmisher_pl|资 深 德 川 散 兵 
trp_gekokujo_tokugawa_elite_skirmisher|精 锐 德 川 散 兵 
trp_gekokujo_tokugawa_elite_skirmisher_pl|精 锐 德 川 散 兵 
trp_gekokujo_miyoshi_villager|德 岛 新 兵 
trp_gekokujo_miyoshi_villager_pl|德 岛 新 兵 
trp_gekokujo_miyoshi_spearman|德 岛 步 兵 
trp_gekokujo_miyoshi_spearman_pl|德 岛 步 兵 
trp_gekokujo_miyoshi_skirmisher|德 岛 散 兵 
trp_gekokujo_miyoshi_skirmisher_pl|德 岛 散 兵 
trp_gekokujo_miyoshi_trained_spearman|熟 练 德 岛 步 兵 
trp_gekokujo_miyoshi_trained_spearman_pl|熟 练 德 岛 步 兵 
trp_gekokujo_miyoshi_trained_skirmisher|熟 练 德 岛 散 兵 
trp_gekokujo_miyoshi_trained_skirmisher_pl|熟 练 德 岛 散 兵 
trp_gekokujo_miyoshi_veteran_spearman|资 深 德 岛 步 兵 
trp_gekokujo_miyoshi_veteran_spearman_pl|资 深 德 岛 步 兵 
trp_gekokujo_miyoshi_veteran_skirmisher|资 深 德 岛 步 兵 
trp_gekokujo_miyoshi_veteran_skirmisher_pl|资 深 德 岛 散 兵 
trp_gekokujo_miyoshi_elite_spearman|精 锐 德 岛 步 兵 
trp_gekokujo_miyoshi_elite_spearman_pl|精 锐 德 岛 步 兵 
trp_gekokujo_amako_villager|池 田 新 兵 
trp_gekokujo_amako_villager_pl|池 田 新 兵 
trp_gekokujo_amako_spearman|池 田 步 兵 
trp_gekokujo_amako_spearman_pl|池 田 步 兵 
trp_gekokujo_amako_skirmisher|池 田 散 兵 
trp_gekokujo_amako_skirmisher_pl|池 田 散 兵 
trp_gekokujo_amako_trained_spearman|熟 练 池 田 步 兵 
trp_gekokujo_amako_trained_spearman_pl|熟 练 池 田 步 兵 
trp_gekokujo_amako_trained_skirmisher|熟 练 池 田 散 兵 
trp_gekokujo_amako_trained_skirmisher_pl|熟 练 池 田 散 兵 
trp_gekokujo_amako_veteran_spearman|资 深 池 田 步 兵 
trp_gekokujo_amako_veteran_spearman_pl|资 深 池 田 步 兵 
trp_gekokujo_amako_veteran_skirmisher|资 深 池 田 散 兵 
trp_gekokujo_amako_veteran_skirmisher_pl|资 深 池 田 散 兵 
trp_gekokujo_amako_elite_skirmisher|精 锐 池 田 散 兵 
trp_gekokujo_amako_elite_skirmisher_pl|精 锐 池 田 散 兵 
trp_gekokujo_otomo_villager|细 川 新 兵 
trp_gekokujo_otomo_villager_pl|细 川 新 兵 
trp_gekokujo_otomo_spearman|细 川 步 兵 
trp_gekokujo_otomo_spearman_pl|细 川 步 兵 
trp_gekokujo_otomo_skirmisher|细 川 散 兵 
trp_gekokujo_otomo_skirmisher_pl|细 川 散 兵 
trp_gekokujo_otomo_trained_spearman|熟 练 细 川 步 兵 
trp_gekokujo_otomo_trained_spearman_pl|熟 练 细 川 步 兵 
trp_gekokujo_otomo_trained_skirmisher|熟 练 细 川 散 兵 
trp_gekokujo_otomo_trained_skirmisher_pl|熟 练 细 川 散 兵 
trp_gekokujo_otomo_veteran_spearman|资 深 细 川 步 兵 
trp_gekokujo_otomo_veteran_spearman_pl|资 深 细 川 步 兵 
trp_gekokujo_otomo_veteran_skirmisher|资 深 细 川 散 兵 
trp_gekokujo_otomo_veteran_skirmisher_pl|资 深 细 川 散 兵 
trp_gekokujo_otomo_elite_spearman|精 锐 细 川 步 兵 
trp_gekokujo_otomo_elite_spearman_pl|精 锐 细 川 步 兵 
trp_rising_sun_hirosaki_villager|弘 前 新 兵 
trp_rising_sun_hirosaki_villager_pl|弘 前 新 兵 
trp_rising_sun_hirosaki_spearman|弘 前 步 兵 
trp_rising_sun_hirosaki_spearman_pl|弘 前 步 兵 
trp_rising_sun_hirosaki_skirmisher|弘 前 散 兵 
trp_rising_sun_hirosaki_skirmisher_pl|弘 前 散 兵 
trp_rising_sun_hirosaki_trained_spearman|熟 练 弘 前 步 兵 
trp_rising_sun_hirosaki_trained_spearman_pl|熟 练 弘 前 步 兵 
trp_rising_sun_hirosaki_trained_skirmisher|熟 练 弘 前 散 兵 
trp_rising_sun_hirosaki_trained_skirmisher_pl|熟 练 弘 前 散 兵 
trp_rising_sun_hirosaki_veteran_spearman|资 深 弘 前 步 兵 
trp_rising_sun_hirosaki_veteran_spearman_pl|资 深 弘 前 步 兵 
trp_rising_sun_hirosaki_veteran_skirmisher|资 深 弘 前 散 兵 
trp_rising_sun_hirosaki_veteran_skirmisher_pl|资 深 弘 前 散 兵 
trp_rising_sun_hirosaki_elite_spearman|精 锐 弘 前 步 兵 
trp_rising_sun_hirosaki_elite_spearman_pl|精 锐 弘 前 步 兵 
trp_gekokujo_asakura_villager|彦 根 新 兵 
trp_gekokujo_asakura_villager_pl|彦 根 新 兵 
trp_gekokujo_asakura_spearman|彦 根 步 兵 
trp_gekokujo_asakura_spearman_pl|彦 根 步 兵 
trp_gekokujo_asakura_skirmisher|彦 根 散 兵 
trp_gekokujo_asakura_skirmisher_pl|彦 根 散 兵 
trp_gekokujo_asakura_trained_spearman|熟 练 彦 根 步 兵 
trp_gekokujo_asakura_trained_spearman_pl|熟 练 彦 根 步 兵 
trp_gekokujo_asakura_trained_skirmisher|熟 练 彦 根 散 兵 
trp_gekokujo_asakura_trained_skirmisher_pl|熟 练 彦 根 散 兵 
trp_gekokujo_asakura_veteran_spearman|资 深 彦 根 步 兵 
trp_gekokujo_asakura_veteran_spearman_pl|资 深 彦 根 步 兵 
trp_gekokujo_asakura_veteran_skirmisher|资 深 彦 根 散 兵 
trp_gekokujo_asakura_veteran_skirmisher_pl|资 深 彦 根 散 兵 
trp_gekokujo_asakura_elite_spearman|精 锐 彦 根 步 兵 
trp_gekokujo_asakura_elite_spearman_pl|精 锐 彦 根 步 兵 
trp_gekokujo_chosokabe_villager|土 佐 新 兵 
trp_gekokujo_chosokabe_villager_pl|土 佐 新 兵 
trp_gekokujo_chosokabe_spearman|土 佐 步 兵 
trp_gekokujo_chosokabe_spearman_pl|土 佐 步 兵 团 
trp_gekokujo_chosokabe_skirmisher|土 佐 散 兵 
trp_gekokujo_chosokabe_skirmisher_pl|土 佐 散 兵 
trp_gekokujo_chosokabe_trained_spearman|熟 练 土 佐 步 兵 
trp_gekokujo_chosokabe_trained_spearman_pl|熟 练 土 佐 步 兵 
trp_gekokujo_chosokabe_trained_skirmisher|熟 练 土 佐 散 兵 
trp_gekokujo_chosokabe_trained_skirmisher_pl|熟 练 土 佐 散 兵 
trp_gekokujo_chosokabe_veteran_spearman|资 深 土 佐 步 兵 
trp_gekokujo_chosokabe_veteran_spearman_pl|资 深 土 佐 步 兵 
trp_gekokujo_chosokabe_veteran_skirmisher|资 深 土 佐 散 兵 
trp_gekokujo_chosokabe_veteran_skirmisher_pl|资 深 土 佐 散 兵 
trp_gekokujo_chosokabe_elite_skirmisher|精 锐 土 佐 散 兵 
trp_gekokujo_chosokabe_elite_skirmisher_pl|精 锐 土 佐 散 兵 
trp_gekokujo_hojo_villager|幕 府 新 兵 
trp_gekokujo_hojo_villager_pl|幕 府 新 兵 
trp_gekokujo_hojo_spearman|幕 府 步 兵 
trp_gekokujo_hojo_spearman_pl|幕 府 步 兵 
trp_gekokujo_hojo_skirmisher|幕 府 散 兵 
trp_gekokujo_hojo_skirmisher_pl|幕 府 散 兵 
trp_gekokujo_hojo_trained_spearman|熟 练 幕 府 步 兵 
trp_gekokujo_hojo_trained_spearman_pl|熟 练 幕 府 步 兵 
trp_gekokujo_hojo_trained_skirmisher|熟 练 幕 府 散 兵 
trp_gekokujo_hojo_trained_skirmisher_pl|熟 练 幕 府 散 兵 
trp_gekokujo_hojo_veteran_spearman|资 深 幕 府 步 兵 
trp_gekokujo_hojo_veteran_spearman_pl|资 深 幕 府 步 兵 
trp_gekokujo_hojo_veteran_skirmisher|资 深 幕 府 散 兵 
trp_gekokujo_hojo_veteran_skirmisher_pl|资 深 幕 府 散 兵 
trp_gekokujo_hojo_elite_spearman|精 锐 幕 府 步 兵 
trp_gekokujo_hojo_elite_spearman_pl|精 锐 幕 府 步 兵 
trp_rising_sun_kubota_villager|久 保 田 新 兵 
trp_rising_sun_kubota_villager_pl|久 保 田 新 兵 
trp_rising_sun_kubota_spearman|久 保 田 步 兵 
trp_rising_sun_kubota_spearman_pl|久 保 田 步 兵 
trp_rising_sun_kubota_skirmisher|Kubota散 兵 
trp_rising_sun_kubota_skirmisher_pl|久 保 田 散 兵 
trp_rising_sun_kubota_trained_spearman|熟 练 久 保 田 步 兵 
trp_rising_sun_kubota_trained_spearman_pl|熟 练 久 保 田 步 兵 
trp_rising_sun_kubota_trained_skirmisher|熟 练 久 保 田 散 兵 
trp_rising_sun_kubota_trained_skirmisher_pl|熟 练 久 保 田 散 兵 
trp_rising_sun_kubota_veteran_spearman|资 深 久 保 田 步 兵 
trp_rising_sun_kubota_veteran_spearman_pl|资 深 久 保 田 步 兵 
trp_rising_sun_kubota_veteran_skirmisher|资 深 久 保 田 散 兵 
trp_rising_sun_kubota_veteran_skirmisher_pl|资 深 久 保 田 散 兵 
trp_rising_sun_kubota_elite_spearman|精 锐 久 保 田 步 兵 
trp_rising_sun_kubota_elite_spearman_pl|精 锐 久 保 田 步 兵 
trp_gekokujo_shimazu_villager|萨 摩 新 兵 
trp_gekokujo_shimazu_villager_pl|萨 摩 新 兵 
trp_gekokujo_shimazu_spearman|萨 摩 步 兵 
trp_gekokujo_shimazu_spearman_pl|萨 摩 步 兵 
trp_gekokujo_shimazu_skirmisher|萨 摩 散 兵 
trp_gekokujo_shimazu_skirmisher_pl|萨 摩 散 兵 
trp_gekokujo_shimazu_trained_spearman|熟 练 萨 摩 步 兵 
trp_gekokujo_shimazu_trained_spearman_pl|熟 练 萨 摩 步 兵 
trp_gekokujo_shimazu_trained_skirmisher|熟 练 萨 摩 散 兵 
trp_gekokujo_shimazu_trained_skirmisher_pl|熟 练 萨 摩 散 兵 
trp_gekokujo_shimazu_veteran_spearman|资 深 萨 摩 步 兵 
trp_gekokujo_shimazu_veteran_spearman_pl|资 深 萨 摩 步 兵 
trp_gekokujo_shimazu_veteran_skirmisher|资 深 萨 摩 散 兵 
trp_gekokujo_shimazu_veteran_skirmisher_pl|资 深 萨 摩 散 兵 
trp_gekokujo_shimazu_elite_spearman|精 锐 萨 摩 步 兵 
trp_gekokujo_shimazu_elite_spearman_pl|精 锐 萨 摩 步 兵 
trp_gekokujo_ryuzoji_villager|佐 贺 新 兵 
trp_gekokujo_ryuzoji_villager_pl|佐 贺 新 兵 
trp_gekokujo_ryuzoji_spearman|佐 贺 步 兵 
trp_gekokujo_ryuzoji_spearman_pl|佐 贺 步 兵 
trp_gekokujo_ryuzoji_skirmisher|佐 贺 散 兵 
trp_gekokujo_ryuzoji_skirmisher_pl|佐 贺 散 兵 
trp_gekokujo_ryuzoji_trained_spearman|熟 练 佐 贺 步 兵 
trp_gekokujo_ryuzoji_trained_spearman_pl|熟 练 佐 贺 步 兵 
trp_gekokujo_ryuzoji_trained_skirmisher|熟 练 佐 贺 散 兵 
trp_gekokujo_ryuzoji_trained_skirmisher_pl|熟 练 佐 贺 散 兵 
trp_gekokujo_ryuzoji_veteran_spearman|资 深 佐 贺 步 兵 
trp_gekokujo_ryuzoji_veteran_spearman_pl|资 深 佐 贺 步 兵 
trp_gekokujo_ryuzoji_veteran_skirmisher|资 深 佐 贺 散 兵 
trp_gekokujo_ryuzoji_veteran_skirmisher_pl|资 深 佐 贺 散 兵 
trp_gekokujo_ryuzoji_elite_skirmisher|精 锐 佐 贺 散 兵 
trp_gekokujo_ryuzoji_elite_skirmisher_pl|精 锐 佐 贺 散 兵 
trp_rising_sun_mito_villager|水 户 新 兵 
trp_rising_sun_mito_villager_pl|水 户 新 兵 
trp_rising_sun_mito_spearman|水 户 步 兵 
trp_rising_sun_mito_spearman_pl|水 户 步 兵 
trp_rising_sun_mito_skirmisher|水 户 散 兵 
trp_rising_sun_mito_skirmisher_pl|水 户 散 兵 
trp_rising_sun_mito_trained_spearman|熟 练 水 户 步 兵 
trp_rising_sun_mito_trained_spearman_pl|熟 练 水 户 步 兵 
trp_rising_sun_mito_trained_skirmisher|熟 练 水 户 散 兵 
trp_rising_sun_mito_trained_skirmisher_pl|熟 练 水 户 散 兵 
trp_rising_sun_mito_veteran_spearman|资 深 水 户 步 兵 
trp_rising_sun_mito_veteran_spearman_pl|资 深 水 户 步 兵 
trp_rising_sun_mito_veteran_skirmisher|资 深 水 户 散 兵 
trp_rising_sun_mito_veteran_skirmisher_pl|资 深 水 户 散 兵 
trp_rising_sun_mito_elite_skirmisher|精 锐 水 户 散 兵 
trp_rising_sun_mito_elite_skirmisher_pl|精 锐 水 户 散 兵 
trp_gekokujo_satomi_villager|房 总 新 兵 
trp_gekokujo_satomi_villager_pl|房 总 新 兵 
trp_gekokujo_satomi_spearman|房 总 步 兵 
trp_gekokujo_satomi_spearman_pl|房 总 步 兵 
trp_gekokujo_satomi_skirmisher|房 总 散 兵 
trp_gekokujo_satomi_skirmisher_pl|房 总 散 兵 
trp_gekokujo_satomi_trained_spearman|熟 练 房 总 步 兵 
trp_gekokujo_satomi_trained_spearman_pl|熟 练 房 总 步 兵 
trp_gekokujo_satomi_trained_skirmisher|熟 练 房 总 散 兵 
trp_gekokujo_satomi_trained_skirmisher_pl|熟 练 房 总 散 兵 
trp_gekokujo_satomi_veteran_spearman|资 深 房 总 步 兵 
trp_gekokujo_satomi_veteran_spearman_pl|资 深 房 总 步 兵 
trp_gekokujo_satomi_veteran_skirmisher|资 深 房 总 散 兵 
trp_gekokujo_satomi_veteran_skirmisher_pl|资 深 房 总 散 兵 
trp_gekokujo_satomi_elite_skirmisher|精 锐 房 总 散 兵 
trp_gekokujo_satomi_elite_skirmisher_pl|精 锐 房 总 散 兵 
trp_gekokujo_ukita_villager|酒 井 新 兵 
trp_gekokujo_ukita_villager_pl|酒 井 新 兵 
trp_gekokujo_ukita_spearman|酒 井 步 兵 
trp_gekokujo_ukita_spearman_pl|酒 井 步 兵 
trp_gekokujo_ukita_skirmisher|酒 井 散 兵 
trp_gekokujo_ukita_skirmisher_pl|酒 井 散 兵 
trp_gekokujo_ukita_trained_spearman|熟 练 酒 井 步 兵 
trp_gekokujo_ukita_trained_spearman_pl|熟 练 酒 井 步 兵 
trp_gekokujo_ukita_trained_skirmisher|熟 练 酒 井 散 兵 
trp_gekokujo_ukita_trained_skirmisher_pl|熟 练 酒 井 散 兵 
trp_gekokujo_ukita_veteran_spearman|资 深 酒 井 步 兵 
trp_gekokujo_ukita_veteran_spearman_pl|资 深 酒 井 步 兵 
trp_gekokujo_ukita_veteran_skirmisher|资 深 酒 井 散 兵 
trp_gekokujo_ukita_veteran_skirmisher_pl|资 深 酒 井 散 兵 
trp_gekokujo_ukita_elite_spearman|精 锐 酒 井 步 兵 
trp_gekokujo_ukita_elite_spearman_pl|精 锐 酒 井 步 兵 
trp_gekokujo_ikko_villager|加 贺 新 兵 
trp_gekokujo_ikko_villager_pl|加 贺 新 兵 
trp_gekokujo_ikko_spearman|加 贺 步 兵 
trp_gekokujo_ikko_spearman_pl|加 贺 步 兵 
trp_gekokujo_ikko_skirmisher|加 贺 散 兵 
trp_gekokujo_ikko_skirmisher_pl|加 贺 散 兵 
trp_gekokujo_ikko_trained_spearman|熟 练 加 贺 步 兵 
trp_gekokujo_ikko_trained_spearman_pl|熟 练 加 贺 步 兵 
trp_gekokujo_ikko_trained_skirmisher|熟 练 加 贺 散 兵 
trp_gekokujo_ikko_trained_skirmisher_pl|熟 练 加 贺 散 兵 
trp_gekokujo_ikko_veteran_spearman|资 深 加 贺 步 兵 
trp_gekokujo_ikko_veteran_spearman_pl|资 深 加 贺 步 兵 
trp_gekokujo_ikko_veteran_skirmisher|资 深 加 贺 散 兵 
trp_gekokujo_ikko_veteran_skirmisher_pl|资 深 加 贺 散 兵 
trp_gekokujo_ito_villager|延 冈 新 兵 
trp_gekokujo_ito_villager_pl|延 冈 新 兵 
trp_gekokujo_ito_spearman|延 冈 步 兵 
trp_gekokujo_ito_spearman_pl|延 冈 步 兵 
trp_gekokujo_ito_skirmisher|延 冈 散 兵 
trp_gekokujo_ito_skirmisher_pl|延 冈 散 兵 
trp_gekokujo_ito_trained_spearman|熟 练 延 冈 步 兵 
trp_gekokujo_ito_trained_spearman_pl|熟 练 延 冈 步 兵 
trp_gekokujo_ito_trained_skirmisher|熟 练 Nobeoka散 兵 
trp_gekokujo_ito_trained_skirmisher_pl|熟 练 延 冈 散 兵 
trp_gekokujo_ito_veteran_spearman|资 深 延 冈 步 兵 
trp_gekokujo_ito_veteran_spearman_pl|资 深 延 冈 步 兵 
trp_gekokujo_ito_veteran_skirmisher|资 深 延 冈 散 兵 
trp_gekokujo_ito_veteran_skirmisher_pl|资 深 延 冈 散 兵 
trp_gekokujo_ito_elite_skirmisher|精 锐 延 冈 散 兵 
trp_gekokujo_ito_elite_skirmisher_pl|精 锐 延 冈 散 兵 
trp_gekokujo_ashikaga_villager|新 政 府 军 新 兵 
trp_gekokujo_ashikaga_villager_pl|新 政 府 军 新 兵 
trp_gekokujo_ashikaga_spearman|萨 摩 步 兵 
trp_gekokujo_ashikaga_spearman_pl|萨 摩 步 兵 
trp_gekokujo_ashikaga_skirmisher|土 佐 散 兵 
trp_gekokujo_ashikaga_skirmisher_pl|土 佐 散 兵 
trp_gekokujo_ashikaga_trained_spearman|熟 练 萨 摩 步 兵 
trp_gekokujo_ashikaga_trained_spearman_pl|熟 练 萨 摩 步 兵 
trp_gekokujo_ashikaga_trained_skirmisher|熟 练 土 佐 散 兵 
trp_gekokujo_ashikaga_trained_skirmisher_pl|熟 练 土 佐 散 兵 
trp_gekokujo_ashikaga_veteran_spearman|资 深 萨 摩 步 兵 
trp_gekokujo_ashikaga_veteran_spearman_pl|资 深 萨 摩 步 兵 
trp_gekokujo_ashikaga_veteran_skirmisher|资 深 土 佐 散 兵 
trp_gekokujo_ashikaga_veteran_skirmisher_pl|资 深 土 佐 散 兵 
trp_gekokujo_ashikaga_elite_spearman|精 锐 萨 摩 步 兵 
trp_gekokujo_ashikaga_elite_spearman_pl|精 锐 萨 摩 步 兵 
trp_gekokujo_nanbu_villager|南 部 新 兵 
trp_gekokujo_nanbu_villager_pl|南 部 新 兵 
trp_gekokujo_nanbu_spearman|陆 奥 步 兵 
trp_gekokujo_nanbu_spearman_pl|陆 奥 步 兵 
trp_gekokujo_nanbu_skirmisher|陆 奥 散 兵 
trp_gekokujo_nanbu_skirmisher_pl|陆 奥 散 兵 
trp_gekokujo_nanbu_trained_spearman|熟 练 陆 奥 步 兵 
trp_gekokujo_nanbu_trained_spearman_pl|熟 练 陆 奥 步 兵 
trp_gekokujo_nanbu_trained_skirmisher|熟 练 陆 奥 散 兵 
trp_gekokujo_nanbu_trained_skirmisher_pl|熟 练 陆 奥 散 兵 
trp_gekokujo_nanbu_veteran_spearman|资 深 陆 奥 步 兵 
trp_gekokujo_nanbu_veteran_spearman_pl|资 深 陆 奥 步 兵 
trp_gekokujo_nanbu_veteran_skirmisher|资 深 陆 奥 散 兵 
trp_gekokujo_nanbu_veteran_skirmisher_pl|资 深 陆 奥 散 兵 
trp_gekokujo_nanbu_elite_skirmisher|精 锐 陆 奥 散 兵 
trp_gekokujo_nanbu_elite_skirmisher_pl|精 锐 陆 奥 散 兵 
trp_gekokujo_saito_villager|大 垣 新 兵 
trp_gekokujo_saito_villager_pl|大 垣 新 兵 
trp_gekokujo_saito_spearman|大 垣 步 兵 
trp_gekokujo_saito_spearman_pl|大 垣 步 兵 
trp_gekokujo_saito_skirmisher|大 垣 散 兵 
trp_gekokujo_saito_skirmisher_pl|大 垣 散 兵 
trp_gekokujo_saito_trained_spearman|熟 练 大 垣 步 兵 
trp_gekokujo_saito_trained_spearman_pl|熟 练 大 垣 步 兵 
trp_gekokujo_saito_trained_skirmisher|熟 练 大 垣 散 兵 
trp_gekokujo_saito_trained_skirmisher_pl|熟 练 大 垣 散 兵 
trp_gekokujo_saito_veteran_spearman|资 深 大 垣 步 兵 
trp_gekokujo_saito_veteran_spearman_pl|资 深 大 垣 步 兵 
trp_gekokujo_saito_veteran_skirmisher|资 深 大 垣 散 兵 
trp_gekokujo_saito_veteran_skirmisher_pl|资 深 大 垣 散 兵 
trp_gekokujo_saito_elite_spearman|精 锐 大 垣 步 兵 
trp_gekokujo_saito_elite_spearman_pl|精 锐 大 垣 步 兵 
trp_gekokujo_akamatsu_villager|福 冈 新 兵 
trp_gekokujo_akamatsu_villager_pl|福 冈 新 兵 
trp_gekokujo_akamatsu_spearman|福 冈 步 兵 
trp_gekokujo_akamatsu_spearman_pl|福 冈 步 兵 
trp_gekokujo_akamatsu_skirmisher|福 冈 散 兵 
trp_gekokujo_akamatsu_skirmisher_pl|福 冈 散 兵 
trp_gekokujo_akamatsu_trained_spearman|熟 练 福 冈 步 兵 
trp_gekokujo_akamatsu_trained_spearman_pl|熟 练 福 冈 步 兵 
trp_gekokujo_akamatsu_trained_skirmisher|熟 练 福 冈 散 兵 
trp_gekokujo_akamatsu_trained_skirmisher_pl|熟 练 福 冈 散 兵 
trp_gekokujo_akamatsu_veteran_spearman|资 深 福 冈 步 兵 
trp_gekokujo_akamatsu_veteran_spearman_pl|资 深 福 冈 步 兵 
trp_gekokujo_akamatsu_veteran_skirmisher|资 深 福 冈 散 兵 
trp_gekokujo_akamatsu_veteran_skirmisher_pl|资 深 福 冈 散 兵 
trp_gekokujo_akamatsu_elite_skirmisher|精 锐 福 冈 散 兵 
trp_gekokujo_akamatsu_elite_skirmisher_pl|精 锐 福 冈 散 兵 
trp_gekokujo_sokudo_villager|地 方 新 兵 
trp_gekokujo_sokudo_villager_pl|地 方 新 兵 
trp_gekokujo_sokudo_spearman|地 方 步 兵 
trp_gekokujo_sokudo_spearman_pl|地 方 步 兵 
trp_gekokujo_sokudo_skirmisher|地 方 散 兵 
trp_gekokujo_sokudo_skirmisher_pl|地 方 散 兵 
trp_gekokujo_sokudo_trained_spearman|熟 练 地 方 步 兵 
trp_gekokujo_sokudo_trained_spearman_pl|熟 练 地 方 步 兵 
trp_gekokujo_sokudo_trained_skirmisher|熟 练 地 方 散 兵 
trp_gekokujo_sokudo_trained_skirmisher_pl|熟 练 地 方 散 兵 
trp_gekokujo_sokudo_veteran_spearman|资 深 地 方 步 兵 
trp_gekokujo_sokudo_veteran_spearman_pl|资 深 地 方 步 兵 
trp_gekokujo_sokudo_veteran_skirmisher|资 深 地 方 散 兵 
trp_gekokujo_sokudo_veteran_skirmisher_pl|资 深 地 方 散 兵 
trp_gekokujo_sokudo_elite_skirmisher|精 锐 地 方 散 兵 
trp_gekokujo_sokudo_elite_skirmisher_pl|精 锐 地 方 散 兵 
trp_gekokujo_uesugi_jizamurai|越 后 见 习 侍 从 
trp_gekokujo_uesugi_jizamurai_pl|越 后 见 习 侍 从 
trp_gekokujo_uesugi_retainer|越 后 侍 从 
trp_gekokujo_uesugi_retainer_pl|越 后 侍 从 
trp_gekokujo_uesugi_marksman|越 后 侍 从 射 手 
trp_gekokujo_uesugi_marksman_pl|越 后 侍 从 射 手 
trp_gekokujo_uesugi_veteran_retainer|资 深 越 后 侍 从 
trp_gekokujo_uesugi_veteran_retainer_pl|资 深 越 后 侍 从 
trp_gekokujo_uesugi_mounted_retainer|越 后 骑 马 侍 从 
trp_gekokujo_uesugi_mounted_retainer_pl|越 后 骑 马 侍 从 
trp_gekokujo_uesugi_samurai_gunner|越 后 铁 炮 武 士 
trp_gekokujo_uesugi_samurai_gunner_pl|越 后 铁 炮 武 士 
trp_gekokujo_uesugi_samurai_archer|越 后 弓 武 士 
trp_gekokujo_uesugi_samurai_archer_pl|越 后 弓 武 士 
trp_gekokujo_uesugi_officer|越 后 军 官 
trp_gekokujo_uesugi_officer_pl|越 后 军 官 
trp_gekokujo_uesugi_mounted_officer|越 后 骑 马 军 官 
trp_gekokujo_uesugi_mounted_officer_pl|越 后 骑 马 军 官 
trp_gekokujo_uesugi_master_gunner|越 后 铁 炮 队 长 
trp_gekokujo_uesugi_master_gunner_pl|越 后 铁 炮 队 长 
trp_gekokujo_uesugi_master_archer|越 后 弓 队 长 
trp_gekokujo_uesugi_master_archer_pl|越 后 弓 队 长 
trp_gekokujo_uesugi_hatamoto_guard|越 后 亲 卫 
trp_gekokujo_uesugi_hatamoto_guard_pl|越 后 亲 卫 
trp_gekokujo_uesugi_hatamoto_cavalry|越 后 马 回 
trp_gekokujo_uesugi_hatamoto_cavalry_pl|越 后 马 回 
trp_gekokujo_uesugi_messenger|越 后 信 使 
trp_gekokujo_uesugi_messenger_pl|越 后 信 使 
trp_gekokujo_uesugi_deserter|越 后 逃 兵 
trp_gekokujo_uesugi_deserter_pl|越 后 逃 兵 
trp_gekokujo_uesugi_prison_guard|越 后 监 狱 守 卫 
trp_gekokujo_uesugi_prison_guard_pl|越 后 监 狱 守 卫 
trp_gekokujo_uesugi_castle_guard|越 后 城 堡 守 卫 
trp_gekokujo_uesugi_castle_guard_pl|越 后 城 堡 守 卫 
trp_gekokujo_date_jizamurai|仙 台 见 习 侍 从 
trp_gekokujo_date_jizamurai_pl|仙 台 见 习 侍 从 
trp_gekokujo_date_retainer|仙 台 侍 从 
trp_gekokujo_date_retainer_pl|仙 台 侍 从 
trp_gekokujo_date_marksman|仙 台 侍 从 射 手 
trp_gekokujo_date_marksman_pl|仙 台 侍 从 射 手 
trp_gekokujo_date_veteran_retainer|资 深 仙 台 侍 从 
trp_gekokujo_date_veteran_retainer_pl|资 深 仙 台 侍 从 
trp_gekokujo_date_mounted_retainer|仙 台 骑 马 侍 从 
trp_gekokujo_date_mounted_retainer_pl|仙 台 骑 马 侍 从 
trp_gekokujo_date_samurai_gunner|仙 台 铁 炮 武 士 
trp_gekokujo_date_samurai_gunner_pl|仙 台 铁 炮 武 士 
trp_gekokujo_date_samurai_archer|仙 台 弓 武 士 
trp_gekokujo_date_samurai_archer_pl|仙 台 弓 武 士 
trp_gekokujo_date_officer|仙 台 军 官 
trp_gekokujo_date_officer_pl|仙 台 军 官 
trp_gekokujo_date_mounted_officer|仙 台 骑 马 军 官 
trp_gekokujo_date_mounted_officer_pl|仙 台 骑 马 军 官 
trp_gekokujo_date_master_gunner|仙 台 铁 炮 队 长 
trp_gekokujo_date_master_gunner_pl|仙 台 铁 炮 队 长 
trp_gekokujo_date_master_archer|仙 台 弓 队 长 
trp_gekokujo_date_master_archer_pl|仙 台 弓 队 长 
trp_gekokujo_date_hatamoto_guard|仙 台 亲 卫 
trp_gekokujo_date_hatamoto_guard_pl|仙 台 亲 卫 
trp_gekokujo_date_hatamoto_cavalry|仙 台 马 回 
trp_gekokujo_date_hatamoto_cavalry_pl|仙 台 马 回 
trp_gekokujo_date_messenger|仙 台 信 使 
trp_gekokujo_date_messenger_pl|仙 台 信 使 
trp_gekokujo_date_deserter|仙 台 逃 兵 
trp_gekokujo_date_deserter_pl|仙 台 逃 兵 
trp_gekokujo_date_prison_guard|仙 台 监 狱 守 卫 
trp_gekokujo_date_prison_guard_pl|仙 台 监 狱 守 卫 
trp_gekokujo_date_castle_guard|仙 台 城 堡 守 卫 
trp_gekokujo_date_castle_guard_pl|仙 台 城 堡 守 卫 
trp_gekokujo_oda_jizamurai|伊 势 见 习 侍 从 
trp_gekokujo_oda_jizamurai_pl|伊 势 见 习 侍 从 
trp_gekokujo_oda_retainer|伊 势 侍 从 
trp_gekokujo_oda_retainer_pl|伊 势 侍 从 
trp_gekokujo_oda_marksman|伊 势 侍 从 射 手 
trp_gekokujo_oda_marksman_pl|伊 势 侍 从 射 手 
trp_gekokujo_oda_veteran_retainer|资 深 伊 势 侍 从 
trp_gekokujo_oda_veteran_retainer_pl|资 深 伊 势 侍 从 
trp_gekokujo_oda_mounted_retainer|伊 势 骑 马 侍 从 
trp_gekokujo_oda_mounted_retainer_pl|伊 势 骑 马 侍 从 
trp_gekokujo_oda_samurai_gunner|伊 势 铁 炮 武 士 
trp_gekokujo_oda_samurai_gunner_pl|伊 势 铁 炮 武 士 
trp_gekokujo_oda_samurai_archer|伊 势 弓 武 士 
trp_gekokujo_oda_samurai_archer_pl|伊 势 弓 武 士 
trp_gekokujo_oda_officer|伊 势 军 官 
trp_gekokujo_oda_officer_pl|伊 势 军 官 
trp_gekokujo_oda_mounted_officer|伊 势 骑 马 军 官 
trp_gekokujo_oda_mounted_officer_pl|伊 势 骑 马 军 官 
trp_gekokujo_oda_master_gunner|伊 势 铁 炮 队 长 
trp_gekokujo_oda_master_gunner_pl|伊 势 铁 炮 队 长 
trp_gekokujo_oda_master_archer|伊 势 弓 队 长 
trp_gekokujo_oda_master_archer_pl|伊 势 弓 队 长 
trp_gekokujo_oda_hatamoto_cavalry|伊 势 马 回 
trp_gekokujo_oda_hatamoto_cavalry_pl|伊 势 马 回 
trp_gekokujo_oda_hatamoto_gunner|伊 势 铁 炮 奉 行 
trp_gekokujo_oda_hatamoto_gunner_pl|伊 势 铁 炮 奉 行 
trp_gekokujo_oda_messenger|伊 势 信 使 
trp_gekokujo_oda_messenger_pl|伊 势 信 使 
trp_gekokujo_oda_deserter|伊 势 逃 兵 
trp_gekokujo_oda_deserter_pl|伊 势 逃 兵 
trp_gekokujo_oda_prison_guard|伊 势 监 狱 守 卫 
trp_gekokujo_oda_prison_guard_pl|伊 势 监 狱 守 卫 
trp_gekokujo_oda_castle_guard|伊 势 城 堡 守 卫 
trp_gekokujo_oda_castle_guard_pl|伊 势 城 堡 守 卫 
trp_gekokujo_mori_jizamurai|长 州 见 习 侍 从 
trp_gekokujo_mori_jizamurai_pl|长 州 见 习 侍 从 
trp_gekokujo_mori_retainer|长 州 侍 从 
trp_gekokujo_mori_retainer_pl|长 州 侍 从 
trp_gekokujo_mori_marksman|长 州 侍 从 射 手 
trp_gekokujo_mori_marksman_pl|长 州 侍 从 射 手 
trp_gekokujo_mori_veteran_retainer|资 深 长 州 侍 从 
trp_gekokujo_mori_veteran_retainer_pl|资 深 长 州 侍 从 
trp_gekokujo_mori_mounted_retainer|长 州 骑 马 侍 从 
trp_gekokujo_mori_mounted_retainer_pl|长 州 骑 马 侍 从 
trp_gekokujo_mori_samurai_gunner|长 州 铁 炮 武 士 
trp_gekokujo_mori_samurai_gunner_pl|长 州 铁 炮 武 士 
trp_gekokujo_mori_samurai_archer|长 州 弓 武 士 
trp_gekokujo_mori_samurai_archer_pl|长 州 弓 武 士 
trp_gekokujo_mori_officer|长 州 军 官 
trp_gekokujo_mori_officer_pl|长 州 军 官 
trp_gekokujo_mori_mounted_officer|长 州 骑 马 军 官 
trp_gekokujo_mori_mounted_officer_pl|长 州 骑 马 军 官 
trp_gekokujo_mori_master_gunner|长 州 铁 炮 队 长 
trp_gekokujo_mori_master_gunner_pl|长 州 铁 炮 队 长 
trp_gekokujo_mori_master_archer|长 州 弓 队 长 
trp_gekokujo_mori_master_archer_pl|长 州 弓 队 长 
trp_gekokujo_mori_hatamoto_guard|长 州 亲 卫 
trp_gekokujo_mori_hatamoto_guard_pl|长 州 亲 卫 
trp_gekokujo_mori_hatamoto_cavalry|长 州 马 回 
trp_gekokujo_mori_hatamoto_cavalry_pl|长 州 马 回 
trp_gekokujo_mori_messenger|长 州 信 使 
trp_gekokujo_mori_messenger_pl|长 州 信 使 
trp_gekokujo_mori_deserter|长 州 逃 兵 
trp_gekokujo_mori_deserter_pl|长 州 逃 兵 
trp_gekokujo_mori_prison_guard|长 州 监 狱 守 卫 
trp_gekokujo_mori_prison_guard_pl|长 州 监 狱 守 卫 
trp_gekokujo_mori_castle_guard|长 州 城 堡 守 卫 
trp_gekokujo_mori_castle_guard_pl|长 州 城 堡 守 卫 
trp_gekokujo_takeda_jizamurai|会 津 见 习 侍 从 
trp_gekokujo_takeda_jizamurai_pl|会 津 见 习 侍 从 
trp_gekokujo_takeda_retainer|会 津 侍 从 
trp_gekokujo_takeda_retainer_pl|会 津 侍 从 
trp_gekokujo_takeda_marksman|会 津 侍 从 射 手 
trp_gekokujo_takeda_marksman_pl|会 津 侍 从 射 手 
trp_gekokujo_takeda_veteran_retainer|资 深 会 津 侍 从 
trp_gekokujo_takeda_veteran_retainer_pl|资 深 会 津 侍 从 
trp_gekokujo_takeda_mounted_retainer|会 津 骑 马 军 官 
trp_gekokujo_takeda_mounted_retainer_pl|会 津 骑 马 军 官 
trp_gekokujo_takeda_samurai_gunner|会 津 铁 炮 武 士 
trp_gekokujo_takeda_samurai_gunner_pl|会 津 铁 炮 武 士 
trp_gekokujo_takeda_samurai_archer|会 津 弓 武 士 
trp_gekokujo_takeda_samurai_archer_pl|会 津 弓 武 士 
trp_gekokujo_takeda_officer|会 津 军 官 
trp_gekokujo_takeda_officer_pl|会 津 军 官 
trp_gekokujo_takeda_mounted_officer|会 津 骑 马 军 官 
trp_gekokujo_takeda_mounted_officer_pl|会 津 骑 马 军 官 
trp_gekokujo_takeda_master_gunner|会 津 铁 炮 队 长 
trp_gekokujo_takeda_master_gunner_pl|会 津 铁 炮 队 长 
trp_gekokujo_takeda_master_archer|会 津 弓 队 长 
trp_gekokujo_takeda_master_archer_pl|会 津 弓 队 长 
trp_gekokujo_takeda_hatamoto_cavalry|会 津 马 回 
trp_gekokujo_takeda_hatamoto_cavalry_pl|会 津 马 回 
trp_gekokujo_takeda_hatamoto_archer|会 津 铁 炮 奉 行 
trp_gekokujo_takeda_hatamoto_archer_pl|会 津 铁 炮 奉 行 
trp_gekokujo_takeda_messenger|会 津 信 使 
trp_gekokujo_takeda_messenger_pl|会 津 信 使 
trp_gekokujo_takeda_deserter|会 津 逃 兵 
trp_gekokujo_takeda_deserter_pl|会 津 逃 兵 
trp_gekokujo_takeda_prison_guard|会 津 监 狱 守 卫 
trp_gekokujo_takeda_prison_guard_pl|会 津 监 狱 守 卫 
trp_gekokujo_takeda_castle_guard|会 津 城 堡 守 卫 
trp_gekokujo_takeda_castle_guard_pl|会 津 城 堡 守 卫 
trp_gekokujo_tokugawa_jizamurai|德 川 见 习 侍 从 
trp_gekokujo_tokugawa_jizamurai_pl|德 川 见 习 侍 从 
trp_gekokujo_tokugawa_retainer|德 川 侍 从 
trp_gekokujo_tokugawa_retainer_pl|德 川 侍 从 
trp_gekokujo_tokugawa_marksman|德 川 侍 从 射 手 
trp_gekokujo_tokugawa_marksman_pl|德 川 侍 从 射 手 
trp_gekokujo_tokugawa_veteran_retainer|资 深 德 川 侍 从 
trp_gekokujo_tokugawa_veteran_retainer_pl|资 深 德 川 侍 从 
trp_gekokujo_tokugawa_mounted_retainer|德 川 骑 马 侍 从 
trp_gekokujo_tokugawa_mounted_retainer_pl|德 川 骑 马 侍 从 
trp_gekokujo_tokugawa_samurai_gunner|德 川 铁 炮 武 士 
trp_gekokujo_tokugawa_samurai_gunner_pl|德 川 铁 炮 武 士 
trp_gekokujo_tokugawa_samurai_archer|德 川 弓 武 士 
trp_gekokujo_tokugawa_samurai_archer_pl|德 川 弓 武 士 
trp_gekokujo_tokugawa_officer|德 川 军 官 
trp_gekokujo_tokugawa_officer_pl|德 川 军 官 
trp_gekokujo_tokugawa_mounted_officer|德 川 骑 马 军 官 
trp_gekokujo_tokugawa_mounted_officer_pl|德 川 骑 马 军 官 
trp_gekokujo_tokugawa_master_gunner|德 川 铁 炮 队 长 
trp_gekokujo_tokugawa_master_gunner_pl|德 川 铁 炮 队 长 
trp_gekokujo_tokugawa_master_archer|德 川 弓 队 长 
trp_gekokujo_tokugawa_master_archer_pl|德 川 弓 队 长 
trp_gekokujo_tokugawa_hatamoto_guard|德 川 亲 卫 
trp_gekokujo_tokugawa_hatamoto_guard_pl|德 川 亲 卫 
trp_gekokujo_tokugawa_hatamoto_gunner|德 川 铁 炮 奉 行 
trp_gekokujo_tokugawa_hatamoto_gunner_pl|德 川 铁 炮 奉 行 
trp_gekokujo_tokugawa_messenger|德 川 信 使 
trp_gekokujo_tokugawa_messenger_pl|德 川 信 使 
trp_gekokujo_tokugawa_deserter|德 川 逃 兵 
trp_gekokujo_tokugawa_deserter_pl|德 川 逃 兵 
trp_gekokujo_tokugawa_prison_guard|德 川 监 狱 守 卫 
trp_gekokujo_tokugawa_prison_guard_pl|德 川 监 狱 守 卫 
trp_gekokujo_tokugawa_castle_guard|德 川 城 堡 守 卫 
trp_gekokujo_tokugawa_castle_guard_pl|德 川 城 堡 守 卫 
trp_gekokujo_miyoshi_jizamurai|德 岛 见 习 侍 从 
trp_gekokujo_miyoshi_jizamurai_pl|德 岛 见 习 侍 从 
trp_gekokujo_miyoshi_retainer|德 岛 侍 从 
trp_gekokujo_miyoshi_retainer_pl|德 岛 侍 从 
trp_gekokujo_miyoshi_marksman|德 岛 侍 从 射 手 
trp_gekokujo_miyoshi_marksman_pl|德 岛 侍 从 射 手 
trp_gekokujo_miyoshi_veteran_retainer|资 深 德 岛 侍 从 
trp_gekokujo_miyoshi_veteran_retainer_pl|资 深 德 岛 侍 从 
trp_gekokujo_miyoshi_mounted_retainer|德 岛 骑 马 侍 从 
trp_gekokujo_miyoshi_mounted_retainer_pl|德 岛 骑 马 侍 从 
trp_gekokujo_miyoshi_samurai_gunner|德 岛 铁 炮 武 士 
trp_gekokujo_miyoshi_samurai_gunner_pl|德 岛 铁 炮 武 士 
trp_gekokujo_miyoshi_samurai_archer|德 岛 弓 武 士 
trp_gekokujo_miyoshi_samurai_archer_pl|德 岛 弓 武 士 
trp_gekokujo_miyoshi_officer|德 岛 军 官 
trp_gekokujo_miyoshi_officer_pl|德 岛 军 官 
trp_gekokujo_miyoshi_mounted_officer|德 岛 骑 马 军 官 
trp_gekokujo_miyoshi_mounted_officer_pl|德 岛 骑 马 军 官 
trp_gekokujo_miyoshi_master_gunner|德 岛 铁 炮 队 长 
trp_gekokujo_miyoshi_master_gunner_pl|德 岛 铁 炮 队 长 
trp_gekokujo_miyoshi_master_archer|德 岛 弓 队 长 
trp_gekokujo_miyoshi_master_archer_pl|德 岛 弓 队 长 
trp_gekokujo_miyoshi_hatamoto_guard|德 岛 亲 卫 
trp_gekokujo_miyoshi_hatamoto_guard_pl|德 岛 亲 卫 
trp_gekokujo_miyoshi_hatamoto_gunner|德 岛 铁 炮 奉 行 
trp_gekokujo_miyoshi_hatamoto_gunner_pl|德 岛 铁 炮 奉 行 
trp_gekokujo_miyoshi_messenger|德 岛 信 使 
trp_gekokujo_miyoshi_messenger_pl|德 岛 信 使 
trp_gekokujo_miyoshi_deserter|德 岛 逃 兵 
trp_gekokujo_miyoshi_deserter_pl|德 岛 逃 兵 
trp_gekokujo_miyoshi_prison_guard|德 岛 监 狱 守 卫 
trp_gekokujo_miyoshi_prison_guard_pl|德 岛 监 狱 守 卫 
trp_gekokujo_miyoshi_castle_guard|德 岛 城 堡 守 卫 
trp_gekokujo_miyoshi_castle_guard_pl|德 岛 城 堡 守 卫 
trp_gekokujo_amako_jizamurai|池 田 见 习 侍 从 
trp_gekokujo_amako_jizamurai_pl|池 田 见 习 侍 从 
trp_gekokujo_amako_retainer|池 田 侍 从 
trp_gekokujo_amako_retainer_pl|池 田 侍 从 
trp_gekokujo_amako_marksman|池 田 侍 从 射 手 
trp_gekokujo_amako_marksman_pl|池 田 侍 从 射 手 
trp_gekokujo_amako_veteran_retainer|资 深 池 田 侍 从 
trp_gekokujo_amako_veteran_retainer_pl|资 深 池 田 侍 从 
trp_gekokujo_amako_mounted_retainer|池 田 骑 马 侍 从 
trp_gekokujo_amako_mounted_retainer_pl|池 田 骑 马 侍 从 
trp_gekokujo_amako_samurai_gunner|池 田 铁 炮 武 士 
trp_gekokujo_amako_samurai_gunner_pl|池 田 铁 炮 武 士 
trp_gekokujo_amako_samurai_archer|池 田 弓 武 士 
trp_gekokujo_amako_samurai_archer_pl|池 田 弓 武 士 
trp_gekokujo_amako_officer|池 田 军 官 
trp_gekokujo_amako_officer_pl|池 田 军 官 
trp_gekokujo_amako_mounted_officer|池 田 骑 马 军 官 
trp_gekokujo_amako_mounted_officer_pl|池 田 骑 马 军 官 
trp_gekokujo_amako_master_gunner|池 田 铁 炮 队 长 
trp_gekokujo_amako_master_gunner_pl|池 田 铁 炮 队 长 
trp_gekokujo_amako_master_archer|池 田 弓 队 长 
trp_gekokujo_amako_master_archer_pl|池 田 弓 队 长 
trp_gekokujo_amako_hatamoto_guard|池 田 亲 卫 
trp_gekokujo_amako_hatamoto_guard_pl|池 田 亲 卫 
trp_gekokujo_amako_hatamoto_cavalry|池 田 马 回 
trp_gekokujo_amako_hatamoto_cavalry_pl|池 田 马 回 
trp_gekokujo_amako_messenger|池 田 信 使 
trp_gekokujo_amako_messenger_pl|池 田 信 使 
trp_gekokujo_amako_deserter|池 田 逃 兵 
trp_gekokujo_amako_deserter_pl|池 田 逃 兵 
trp_gekokujo_amako_prison_guard|池 田 监 狱 守 卫 
trp_gekokujo_amako_prison_guard_pl|池 田 监 狱 守 卫 
trp_gekokujo_amako_castle_guard|池 田 城 堡 守 卫 
trp_gekokujo_amako_castle_guard_pl|池 田 城 堡 守 卫 
trp_gekokujo_otomo_jizamurai|细 川 见 习 侍 从 
trp_gekokujo_otomo_jizamurai_pl|细 川 见 习 侍 从 
trp_gekokujo_otomo_retainer|细 川 侍 从 
trp_gekokujo_otomo_retainer_pl|细 川 侍 从 
trp_gekokujo_otomo_marksman|细 川 侍 从 射 手 
trp_gekokujo_otomo_marksman_pl|细 川 侍 从 射 手 
trp_gekokujo_otomo_veteran_retainer|资 深 细 川 侍 从 
trp_gekokujo_otomo_veteran_retainer_pl|资 深 细 川 侍 从 
trp_gekokujo_otomo_mounted_retainer|安 装 细 川 骑 马 侍 从 
trp_gekokujo_otomo_mounted_retainer_pl|安 装 细 川 侍 从 
trp_gekokujo_otomo_samurai_gunner|细 川 铁 炮 武 士 
trp_gekokujo_otomo_samurai_gunner_pl|细 川 铁 炮 武 士 
trp_gekokujo_otomo_samurai_archer|细 川 弓 武 士 
trp_gekokujo_otomo_samurai_archer_pl|细 川 弓 武 士 
trp_gekokujo_otomo_officer|细 川 军 官 
trp_gekokujo_otomo_officer_pl|细 川 军 官 
trp_gekokujo_otomo_mounted_officer|细 川 骑 马 军 官 
trp_gekokujo_otomo_mounted_officer_pl|细 川 骑 马 军 官 
trp_gekokujo_otomo_master_gunner|细 川 铁 炮 队 长 
trp_gekokujo_otomo_master_gunner_pl|细 川 铁 炮 队 长 
trp_gekokujo_otomo_master_archer|细 川 弓 队 长 
trp_gekokujo_otomo_master_archer_pl|细 川 弓 队 长 
trp_gekokujo_otomo_hatamoto_cavalry|细 川 马 回 
trp_gekokujo_otomo_hatamoto_cavalry_pl|细 川 马 回 
trp_gekokujo_otomo_hatamoto_gunner|细 川 铁 炮 奉 行 
trp_gekokujo_otomo_hatamoto_gunner_pl|细 川 铁 炮 奉 行 
trp_gekokujo_otomo_messenger|细 川 信 使 
trp_gekokujo_otomo_messenger_pl|细 川 信 使 
trp_gekokujo_otomo_deserter|细 川 逃 兵 
trp_gekokujo_otomo_deserter_pl|细 川 逃 兵 
trp_gekokujo_otomo_prison_guard|细 川 监 狱 守 卫 
trp_gekokujo_otomo_prison_guard_pl|细 川 监 狱 守 卫 
trp_gekokujo_otomo_castle_guard|细 川 城 堡 守 卫 
trp_gekokujo_otomo_castle_guard_pl|细 川 城 堡 守 卫 
trp_rising_sun_hirosaki_jizamurai|弘 前 见 习 侍 从 
trp_rising_sun_hirosaki_jizamurai_pl|弘 前 见 习 侍 从 
trp_rising_sun_hirosaki_retainer|弘 前 侍 从 
trp_rising_sun_hirosaki_retainer_pl|弘 前 侍 从 
trp_rising_sun_hirosaki_marksman|弘 前 侍 从 射 手 
trp_rising_sun_hirosaki_marksman_pl|弘 前 侍 从 射 手 
trp_rising_sun_hirosaki_veteran_retainer|资 深 弘 前 侍 从 
trp_rising_sun_hirosaki_veteran_retainer_pl|资 深 弘 前 侍 从 
trp_rising_sun_hirosaki_mounted_retainer|弘 前 骑 马 侍 从 
trp_rising_sun_hirosaki_mounted_retainer_pl|弘 前 骑 马 侍 从 
trp_rising_sun_hirosaki_samurai_gunner|弘 前 铁 炮 武 士 
trp_rising_sun_hirosaki_samurai_gunner_pl|弘 前 铁 炮 武 士 
trp_rising_sun_hirosaki_samurai_archer|弘 前 弓 武 士 
trp_rising_sun_hirosaki_samurai_archer_pl|弘 前 弓 武 士 
trp_rising_sun_hirosaki_officer|弘 前 军 官 
trp_rising_sun_hirosaki_officer_pl|弘 前 军 官 
trp_rising_sun_hirosaki_mounted_officer|弘 前 骑 马 军 官 
trp_rising_sun_hirosaki_mounted_officer_pl|弘 前 骑 马 军 官 
trp_rising_sun_hirosaki_master_gunner|弘 前 铁 炮 武 士 
trp_rising_sun_hirosaki_master_gunner_pl|弘 前 铁 炮 武 士 
trp_rising_sun_hirosaki_master_archer|弘 前 弓 武 士 
trp_rising_sun_hirosaki_master_archer_pl|弘 前 弓 武 士 
trp_rising_sun_hirosaki_hatamoto_cavalry|弘 前 马 回 
trp_rising_sun_hirosaki_hatamoto_cavalry_pl|弘 前 马 回 
trp_rising_sun_hirosaki_hatamoto_gunner|弘 前 铁 炮 奉 行 
trp_rising_sun_hirosaki_hatamoto_gunner_pl|弘 前 铁 炮 奉 行 
trp_rising_sun_hirosaki_messenger|弘 前 信 使 
trp_rising_sun_hirosaki_messenger_pl|弘 前 信 使 
trp_rising_sun_hirosaki_deserter|弘 前 逃 兵 
trp_rising_sun_hirosaki_deserter_pl|弘 前 逃 兵 
trp_rising_sun_hirosaki_prison_guard|弘 前 监 狱 守 卫 
trp_rising_sun_hirosaki_prison_guard_pl|弘 前 监 狱 守 卫 
trp_rising_sun_hirosaki_castle_guard|弘 前 城 堡 守 卫 
trp_rising_sun_hirosaki_castle_guard_pl|弘 前 城 堡 守 卫 
trp_gekokujo_asakura_jizamurai|彦 根 见 习 侍 从 
trp_gekokujo_asakura_jizamurai_pl|彦 根 见 习 侍 从 
trp_gekokujo_asakura_retainer|彦 根 侍 从 
trp_gekokujo_asakura_retainer_pl|彦 根 侍 从 
trp_gekokujo_asakura_marksman|彦 根 侍 从 射 手 
trp_gekokujo_asakura_marksman_pl|彦 根 侍 从 射 手 
trp_gekokujo_asakura_veteran_retainer|资 深 彦 根 侍 从 
trp_gekokujo_asakura_veteran_retainer_pl|资 深 彦 根 侍 从 
trp_gekokujo_asakura_mounted_retainer|彦 根 骑 马 侍 从 
trp_gekokujo_asakura_mounted_retainer_pl|彦 根 骑 马 侍 从 
trp_gekokujo_asakura_samurai_gunner|彦 根 铁 炮 武 士 
trp_gekokujo_asakura_samurai_gunner_pl|彦 根 铁 炮 武 士 
trp_gekokujo_asakura_samurai_archer|彦 根 弓 武 士 
trp_gekokujo_asakura_samurai_archer_pl|彦 根 弓 武 士 
trp_gekokujo_asakura_officer|彦 根 军 官 
trp_gekokujo_asakura_officer_pl|彦 根 军 官 
trp_gekokujo_asakura_mounted_officer|彦 根 骑 马 军 官 
trp_gekokujo_asakura_mounted_officer_pl|彦 根 骑 马 军 官 
trp_gekokujo_asakura_master_gunner|彦 根 铁 炮 队 长 
trp_gekokujo_asakura_master_gunner_pl|彦 根 铁 炮 队 长 
trp_gekokujo_asakura_master_archer|彦 根 弓 队 长 
trp_gekokujo_asakura_master_archer_pl|彦 根 弓 队 长 
trp_gekokujo_asakura_hatamoto_gunner|彦 根 铁 炮 奉 行 
trp_gekokujo_asakura_hatamoto_gunner_pl|彦 根 铁 炮 奉 行 
trp_gekokujo_asakura_hatamoto_archer|彦 根 弓 奉 行 
trp_gekokujo_asakura_hatamoto_archer_pl|彦 根 弓 奉 行 
trp_gekokujo_asakura_messenger|彦 根 信 使 
trp_gekokujo_asakura_messenger_pl|彦 根 信 使 
trp_gekokujo_asakura_deserter|彦 根 逃 兵 
trp_gekokujo_asakura_deserter_pl|彦 根 逃 兵 
trp_gekokujo_asakura_prison_guard|彦 根 监 狱 守 卫 
trp_gekokujo_asakura_prison_guard_pl|彦 根 监 狱 守 卫 
trp_gekokujo_asakura_castle_guard|彦 根 城 堡 守 卫 
trp_gekokujo_asakura_castle_guard_pl|彦 根 城 堡 守 卫 
trp_gekokujo_chosokabe_jizamurai|土 佐 见 习 侍 从 
trp_gekokujo_chosokabe_jizamurai_pl|土 佐 见 习 侍 从 
trp_gekokujo_chosokabe_retainer|土 佐 侍 从 
trp_gekokujo_chosokabe_retainer_pl|土 佐 侍 从 
trp_gekokujo_chosokabe_marksman|土 佐 侍 从 射 手 
trp_gekokujo_chosokabe_marksman_pl|土 佐 侍 从 射 手 
trp_gekokujo_chosokabe_veteran_retainer|资 深 土 佐 侍 从 
trp_gekokujo_chosokabe_veteran_retainer_pl|资 深 土 佐 侍 从 
trp_gekokujo_chosokabe_mounted_retainer|土 佐 骑 马 侍 从 
trp_gekokujo_chosokabe_mounted_retainer_pl|土 佐 骑 马 侍 从 
trp_gekokujo_chosokabe_samurai_gunner|土 佐 铁 炮 武 士 
trp_gekokujo_chosokabe_samurai_gunner_pl|土 佐 铁 炮 武 士 
trp_gekokujo_chosokabe_samurai_archer|土 佐 弓 武 士 
trp_gekokujo_chosokabe_samurai_archer_pl|土 佐 弓 武 士 
trp_gekokujo_chosokabe_officer|土 佐 军 官 
trp_gekokujo_chosokabe_officer_pl|土 佐 军 官 
trp_gekokujo_chosokabe_mounted_officer|土 佐 骑 马 军 官 
trp_gekokujo_chosokabe_mounted_officer_pl|土 佐 骑 马 军 官 
trp_gekokujo_chosokabe_master_gunner|土 佐 铁 炮 队 长 
trp_gekokujo_chosokabe_master_gunner_pl|土 佐 铁 炮 队 长 
trp_gekokujo_chosokabe_master_archer|土 佐 弓 队 长 
trp_gekokujo_chosokabe_master_archer_pl|土 佐 弓 队 长 
trp_gekokujo_chosokabe_hatamoto_guard|土 佐 亲 卫 
trp_gekokujo_chosokabe_hatamoto_guard_pl|土 佐 亲 卫 
trp_gekokujo_chosokabe_hatamoto_archer|土 佐 弓 奉 行 
trp_gekokujo_chosokabe_hatamoto_archer_pl|土 佐 弓 奉 行 
trp_gekokujo_chosokabe_messenger|土 佐 信 使 
trp_gekokujo_chosokabe_messenger_pl|土 佐 信 使 
trp_gekokujo_chosokabe_deserter|土 佐 逃 兵 
trp_gekokujo_chosokabe_deserter_pl|土 佐 逃 兵 
trp_gekokujo_chosokabe_prison_guard|土 佐 监 狱 守 卫 
trp_gekokujo_chosokabe_prison_guard_pl|土 佐 监 狱 守 卫 
trp_gekokujo_chosokabe_castle_guard|土 佐 城 堡 守 卫 
trp_gekokujo_chosokabe_castle_guard_pl|土 佐 城 堡 守 卫 
trp_gekokujo_hojo_jizamurai|幕 府 见 习 侍 从 
trp_gekokujo_hojo_jizamurai_pl|幕 府 见 习 侍 从 
trp_gekokujo_hojo_retainer|幕 府 侍 从 
trp_gekokujo_hojo_retainer_pl|幕 府 侍 从 
trp_gekokujo_hojo_marksman|见 回 组 
trp_gekokujo_hojo_marksman_pl|见 回 组 
trp_gekokujo_hojo_veteran_retainer|资 深 幕 府 侍 从 
trp_gekokujo_hojo_veteran_retainer_pl|资 深 幕 府 侍 从 
trp_gekokujo_hojo_mounted_retainer|幕 府 骑 马 侍 从 
trp_gekokujo_hojo_mounted_retainer_pl|幕 府 骑 马 侍 从 
trp_gekokujo_hojo_samurai_gunner|新 选 组 铳 手 
trp_gekokujo_hojo_samurai_gunner_pl|新 选 组 铳 手 
trp_gekokujo_hojo_samurai_archer|新 选 组 
trp_gekokujo_hojo_samurai_archer_pl|新 选 组 
trp_gekokujo_hojo_officer|幕 府 军 官 
trp_gekokujo_hojo_officer_pl|幕 府 军 官 
trp_gekokujo_hojo_mounted_officer|幕 府 骑 马 军 官 
trp_gekokujo_hojo_mounted_officer_pl|幕 府 骑 马 军 官 
trp_gekokujo_hojo_master_gunner|资 深 新 选 组 铳 手 
trp_gekokujo_hojo_master_gunner_pl|资 深 新 选 组 铳 手 
trp_gekokujo_hojo_master_archer|资 深 新 选 组 
trp_gekokujo_hojo_master_archer_pl|资 深 新 选 组 
trp_gekokujo_hojo_hatamoto_cavalry|幕 府 马 回 
trp_gekokujo_hojo_hatamoto_cavalry_pl|幕 府 马 回 
trp_gekokujo_hojo_hatamoto_archer|幕 府 流 镝 马 
trp_gekokujo_hojo_hatamoto_archer_pl|幕 府 流 镝 马 
trp_gekokujo_hojo_messenger|幕 府 信 使 
trp_gekokujo_hojo_messenger_pl|幕 府 信 使 
trp_gekokujo_hojo_deserter|幕 府 逃 兵 
trp_gekokujo_hojo_deserter_pl|幕 府 逃 兵 
trp_gekokujo_hojo_prison_guard|幕 府 监 狱 守 卫 
trp_gekokujo_hojo_prison_guard_pl|幕 府 监 狱 守 卫 
trp_gekokujo_hojo_castle_guard|幕 府 城 堡 守 卫 
trp_gekokujo_hojo_castle_guard_pl|幕 府 城 堡 守 卫 
trp_rising_sun_kubota_jizamurai|久 保 田 见 习 侍 从 
trp_rising_sun_kubota_jizamurai_pl|久 保 田 见 习 侍 从 
trp_rising_sun_kubota_retainer|久 保 田 侍 从 
trp_rising_sun_kubota_retainer_pl|久 保 田 侍 从 
trp_rising_sun_kubota_marksman|久 保 田 侍 从 射 手 
trp_rising_sun_kubota_marksman_pl|久 保 田 侍 从 射 手 
trp_rising_sun_kubota_veteran_retainer|资 深 久 保 田 侍 从 
trp_rising_sun_kubota_veteran_retainer_pl|资 深 久 保 田 侍 从 
trp_rising_sun_kubota_mounted_retainer|久 保 田 骑 马 侍 从 
trp_rising_sun_kubota_mounted_retainer_pl|久 保 田 骑 马 侍 从 
trp_rising_sun_kubota_samurai_gunner|久 保 田 铁 炮 武 士 
trp_rising_sun_kubota_samurai_gunner_pl|久 保 田 铁 炮 武 士 
trp_rising_sun_kubota_samurai_archer|久 保 田 弓 武 士 
trp_rising_sun_kubota_samurai_archer_pl|久 保 田 弓 武 士 
trp_rising_sun_kubota_officer|久 保 田 军 官 
trp_rising_sun_kubota_officer_pl|久 保 田 军 官 
trp_rising_sun_kubota_mounted_officer|久 保 田 骑 马 军 官 
trp_rising_sun_kubota_mounted_officer_pl|久 保 田 骑 马 军 官 
trp_rising_sun_kubota_master_gunner|久 保 田 铁 炮 队 长 
trp_rising_sun_kubota_master_gunner_pl|久 保 田 铁 炮 队 长 
trp_rising_sun_kubota_master_archer|久 保 田 弓 队 长 
trp_rising_sun_kubota_master_archer_pl|久 保 田 弓 队 长 
trp_rising_sun_kubota_hatamoto_cavalry|久 保 田 马 回 
trp_rising_sun_kubota_hatamoto_cavalry_pl|久 保 田 马 回 
trp_rising_sun_kubota_hatamoto_gunner|久 保 田 铁 炮 奉 行 
trp_rising_sun_kubota_hatamoto_gunner_pl|久 保 田 铁 炮 奉 行 
trp_rising_sun_kubota_messenger|久 保 田 信 使 
trp_rising_sun_kubota_messenger_pl|久 保 田 信 使 
trp_rising_sun_kubota_deserter|久 保 田 逃 兵 
trp_rising_sun_kubota_deserter_pl|久 保 田 逃 兵 
trp_rising_sun_kubota_prison_guard|久 保 田 监 狱 守 卫 
trp_rising_sun_kubota_prison_guard_pl|久 保 田 监 狱 守 卫 
trp_rising_sun_kubota_castle_guard|久 保 田 城 堡 守 卫 
trp_rising_sun_kubota_castle_guard_pl|久 保 田 城 堡 守 卫 
trp_gekokujo_shimazu_jizamurai|萨 摩 见 习 侍 从 
trp_gekokujo_shimazu_jizamurai_pl|萨 摩 见 习 侍 从 
trp_gekokujo_shimazu_retainer|萨 摩 侍 从 
trp_gekokujo_shimazu_retainer_pl|萨 摩 侍 从 
trp_gekokujo_shimazu_marksman|萨 摩 侍 从 射 手 
trp_gekokujo_shimazu_marksman_pl|萨 摩 侍 从 射 手 
trp_gekokujo_shimazu_veteran_retainer|资 深 萨 摩 侍 从 
trp_gekokujo_shimazu_veteran_retainer_pl|资 深 萨 摩 侍 从 
trp_gekokujo_shimazu_mounted_retainer|萨 摩 骑 马 侍 从 
trp_gekokujo_shimazu_mounted_retainer_pl|萨 摩 骑 马 侍 从 
trp_gekokujo_shimazu_samurai_gunner|萨 摩 铁 炮 武 士 
trp_gekokujo_shimazu_samurai_gunner_pl|萨 摩 铁 炮 武 士 
trp_gekokujo_shimazu_samurai_archer|萨 摩 弓 武 士 
trp_gekokujo_shimazu_samurai_archer_pl|萨 摩 弓 武 士 
trp_gekokujo_shimazu_officer|萨 摩 军 官 
trp_gekokujo_shimazu_officer_pl|萨 摩 军 官 
trp_gekokujo_shimazu_mounted_officer|萨 摩 骑 马 军 官 
trp_gekokujo_shimazu_mounted_officer_pl|萨 摩 骑 马 军 官 
trp_gekokujo_shimazu_master_gunner|萨 摩 铁 炮 队 长 
trp_gekokujo_shimazu_master_gunner_pl|萨 摩 铁 炮 队 长 
trp_gekokujo_shimazu_master_archer|萨 摩 弓 队 长 
trp_gekokujo_shimazu_master_archer_pl|萨 摩 弓 队 长 
trp_gekokujo_shimazu_hatamoto_guard|萨 摩 亲 卫 
trp_gekokujo_shimazu_hatamoto_guard_pl|萨 摩 亲 卫 
trp_gekokujo_shimazu_hatamoto_gunner|萨 摩 铁 炮 奉 行 
trp_gekokujo_shimazu_hatamoto_gunner_pl|萨 摩 铁 炮 奉 行 
trp_gekokujo_shimazu_messenger|萨 摩 信 使 
trp_gekokujo_shimazu_messenger_pl|萨 摩 信 使 
trp_gekokujo_shimazu_deserter|萨 摩 逃 兵 
trp_gekokujo_shimazu_deserter_pl|萨 摩 逃 兵 
trp_gekokujo_shimazu_prison_guard|萨 摩 监 狱 守 卫 
trp_gekokujo_shimazu_prison_guard_pl|萨 摩 监 狱 守 卫 
trp_gekokujo_shimazu_castle_guard|萨 摩 城 堡 守 卫 
trp_gekokujo_shimazu_castle_guard_pl|萨 摩 城 堡 守 卫 
trp_gekokujo_ryuzoji_jizamurai|佐 贺 见 习 侍 从 
trp_gekokujo_ryuzoji_jizamurai_pl|佐 贺 见 习 侍 从 
trp_gekokujo_ryuzoji_retainer|佐 贺 侍 从 
trp_gekokujo_ryuzoji_retainer_pl|佐 贺 侍 从 
trp_gekokujo_ryuzoji_marksman|佐 贺 侍 从 射 手 
trp_gekokujo_ryuzoji_marksman_pl|佐 贺 侍 从 射 手 
trp_gekokujo_ryuzoji_veteran_retainer|资 深 佐 贺 侍 从 
trp_gekokujo_ryuzoji_veteran_retainer_pl|资 深 佐 贺 侍 从 
trp_gekokujo_ryuzoji_mounted_retainer|资 深 骑 马 侍 从 
trp_gekokujo_ryuzoji_mounted_retainer_pl|资 深 骑 马 侍 从 
trp_gekokujo_ryuzoji_samurai_gunner|佐 贺 炮 兵 
trp_gekokujo_ryuzoji_samurai_gunner_pl|佐 贺 炮 兵 
trp_gekokujo_ryuzoji_samurai_archer|佐 贺 弓 武 士 
trp_gekokujo_ryuzoji_samurai_archer_pl|佐 贺 弓 武 士 
trp_gekokujo_ryuzoji_officer|佐 贺 军 官 
trp_gekokujo_ryuzoji_officer_pl|佐 贺 军 官 
trp_gekokujo_ryuzoji_mounted_officer|佐 贺 骑 马 军 官 
trp_gekokujo_ryuzoji_mounted_officer_pl|佐 贺 骑 马 军 官 
trp_gekokujo_ryuzoji_master_gunner|帕 罗 特 炮 
trp_gekokujo_ryuzoji_master_gunner_pl|帕 罗 特 炮 
trp_gekokujo_ryuzoji_master_archer|佐 贺 弓 队 长 
trp_gekokujo_ryuzoji_master_archer_pl|佐 贺 弓 队 长 
trp_gekokujo_ryuzoji_hatamoto_guard|佐 贺 亲 卫 
trp_gekokujo_ryuzoji_hatamoto_guard_pl|佐 贺 亲 卫 
trp_gekokujo_ryuzoji_hatamoto_archer|佐 贺 弓 奉 行 
trp_gekokujo_ryuzoji_hatamoto_archer_pl|佐 贺 弓 奉 行 
trp_gekokujo_ryuzoji_messenger|佐 贺 信 使 
trp_gekokujo_ryuzoji_messenger_pl|佐 贺 信 使 
trp_gekokujo_ryuzoji_deserter|佐 贺 逃 兵 
trp_gekokujo_ryuzoji_deserter_pl|佐 贺 逃 兵 
trp_gekokujo_ryuzoji_prison_guard|佐 贺 监 狱 守 卫 
trp_gekokujo_ryuzoji_prison_guard_pl|佐 贺 监 狱 守 卫 
trp_gekokujo_ryuzoji_castle_guard|佐 贺 城 堡 守 卫 
trp_gekokujo_ryuzoji_castle_guard_pl|佐 贺 城 堡 守 卫 
trp_rising_sun_mito_jizamurai|水 户 见 习 侍 从 
trp_rising_sun_mito_jizamurai_pl|水 户 见 习 侍 从 
trp_rising_sun_mito_retainer|水 户 侍 从 
trp_rising_sun_mito_retainer_pl|水 户 侍 从 
trp_rising_sun_mito_marksman|水 户 侍 从 射 手 
trp_rising_sun_mito_marksman_pl|水 户 侍 从 射 手 
trp_rising_sun_mito_veteran_retainer|资 深 水 户 侍 从 
trp_rising_sun_mito_veteran_retainer_pl|资 深 水 户 侍 从 
trp_rising_sun_mito_mounted_retainer|水 户 骑 马 侍 从 
trp_rising_sun_mito_mounted_retainer_pl|水 户 骑 马 侍 从 
trp_rising_sun_mito_samurai_gunner|水 户 铁 炮 武 士 
trp_rising_sun_mito_samurai_gunner_pl|水 户 铁 炮 武 士 
trp_rising_sun_mito_samurai_archer|水 户 弓 武 士 
trp_rising_sun_mito_samurai_archer_pl|水 户 弓 武 士 
trp_rising_sun_mito_officer|水 户 军 官 
trp_rising_sun_mito_officer_pl|水 户 军 官 
trp_rising_sun_mito_mounted_officer|水 户 骑 马 军 官 
trp_rising_sun_mito_mounted_officer_pl|水 户 骑 马 军 官 
trp_rising_sun_mito_master_gunner|水 户 铁 炮 武 士 
trp_rising_sun_mito_master_gunner_pl|水 户 铁 炮 武 士 
trp_rising_sun_mito_master_archer|水 户 弓 武 士 
trp_rising_sun_mito_master_archer_pl|水 户 弓 武 士 
trp_rising_sun_mito_hatamoto_gunner|水 户 铁 炮 奉 行 
trp_rising_sun_mito_hatamoto_gunner_pl|水 户 铁 炮 奉 行 
trp_rising_sun_mito_hatamoto_archer|水 户 弓 奉 行 
trp_rising_sun_mito_hatamoto_archer_pl|水 户 弓 奉 行 
trp_rising_sun_mito_messenger|水 户 信 使 
trp_rising_sun_mito_messenger_pl|水 户 信 使 
trp_rising_sun_mito_deserter|水 户 逃 兵 
trp_rising_sun_mito_deserter_pl|水 户 逃 兵 
trp_rising_sun_mito_prison_guard|水 户 监 狱 守 卫 
trp_rising_sun_mito_prison_guard_pl|水 户 监 狱 守 卫 
trp_rising_sun_mito_castle_guard|水 户 城 堡 守 卫 
trp_rising_sun_mito_castle_guard_pl|水 户 城 堡 守 卫 
trp_gekokujo_satomi_jizamurai|房 总 见 习 侍 从 
trp_gekokujo_satomi_jizamurai_pl|房 总 见 习 侍 从 
trp_gekokujo_satomi_retainer|房 总 侍 从 
trp_gekokujo_satomi_retainer_pl|房 总 侍 从 
trp_gekokujo_satomi_marksman|房 总 侍 从 射 手 
trp_gekokujo_satomi_marksman_pl|房 总 侍 从 射 手 
trp_gekokujo_satomi_veteran_retainer|资 深 房 总 侍 从 
trp_gekokujo_satomi_veteran_retainer_pl|资 深 房 总 侍 从 
trp_gekokujo_satomi_mounted_retainer|房 总 骑 马 侍 从 
trp_gekokujo_satomi_mounted_retainer_pl|房 总 骑 马 侍 从 
trp_gekokujo_satomi_samurai_gunner|房 总 铁 炮 武 士 
trp_gekokujo_satomi_samurai_gunner_pl|房 总 铁 炮 武 士 
trp_gekokujo_satomi_samurai_archer|房 总 弓 武 士 
trp_gekokujo_satomi_samurai_archer_pl|房 总 弓 武 士 
trp_gekokujo_satomi_officer|房 总 军 官 
trp_gekokujo_satomi_officer_pl|房 总 军 官 
trp_gekokujo_satomi_mounted_officer|房 总 骑 马 军 官 
trp_gekokujo_satomi_mounted_officer_pl|房 总 骑 马 军 官 
trp_gekokujo_satomi_master_gunner|房 总 铁 炮 队 长 
trp_gekokujo_satomi_master_gunner_pl|房 总 铁 炮 队 长 
trp_gekokujo_satomi_master_archer|房 总 弓 队 长 
trp_gekokujo_satomi_master_archer_pl|房 总 弓 队 长 
trp_gekokujo_satomi_hatamoto_guard|房 总 亲 卫 
trp_gekokujo_satomi_hatamoto_guard_pl|房 总 亲 卫 
trp_gekokujo_satomi_hatamoto_cavalry|房 总 马 回 
trp_gekokujo_satomi_hatamoto_cavalry_pl|房 总 马 回 
trp_gekokujo_satomi_messenger|房 总 信 使 
trp_gekokujo_satomi_messenger_pl|房 总 信 使 
trp_gekokujo_satomi_deserter|房 总 逃 兵 
trp_gekokujo_satomi_deserter_pl|房 总 逃 兵 
trp_gekokujo_satomi_prison_guard|房 总 监 狱 守 卫 
trp_gekokujo_satomi_prison_guard_pl|房 总 监 狱 守 卫 
trp_gekokujo_satomi_castle_guard|房 总 城 堡 守 卫 
trp_gekokujo_satomi_castle_guard_pl|房 总 城 堡 守 卫 
trp_gekokujo_ukita_jizamurai|酒 井 见 习 侍 从 
trp_gekokujo_ukita_jizamurai_pl|酒 井 见 习 侍 从 
trp_gekokujo_ukita_retainer|酒 井 侍 从 
trp_gekokujo_ukita_retainer_pl|酒 井 侍 从 
trp_gekokujo_ukita_marksman|酒 井 侍 从 射 手 
trp_gekokujo_ukita_marksman_pl|酒 井 侍 从 射 手 
trp_gekokujo_ukita_veteran_retainer|资 深 酒 井 侍 从 
trp_gekokujo_ukita_veteran_retainer_pl|资 深 酒 井 侍 从 
trp_gekokujo_ukita_mounted_retainer|酒 井 骑 马 侍 从 
trp_gekokujo_ukita_mounted_retainer_pl|酒 井 骑 马 侍 从 
trp_gekokujo_ukita_samurai_gunner|酒 井 铁 炮 武 士 
trp_gekokujo_ukita_samurai_gunner_pl|酒 井 铁 炮 武 士 
trp_gekokujo_ukita_samurai_archer|酒 井 弓 武 士 
trp_gekokujo_ukita_samurai_archer_pl|酒 井 弓 武 士 
trp_gekokujo_ukita_officer|酒 井 军 官 
trp_gekokujo_ukita_officer_pl|酒 井 军 官 
trp_gekokujo_ukita_mounted_officer|酒 井 骑 马 军 官 
trp_gekokujo_ukita_mounted_officer_pl|酒 井 骑 马 军 官 
trp_gekokujo_ukita_master_gunner|酒 井 铁 炮 队 长 
trp_gekokujo_ukita_master_gunner_pl|酒 井 铁 炮 队 长 
trp_gekokujo_ukita_master_archer|酒 井 弓 队 长 
trp_gekokujo_ukita_master_archer_pl|酒 井 弓 队 长 
trp_gekokujo_ukita_hatamoto_guard|酒 井 亲 卫 
trp_gekokujo_ukita_hatamoto_guard_pl|酒 井 亲 卫 
trp_gekokujo_ukita_hatamoto_gunner|酒 井 铁 炮 奉 行 
trp_gekokujo_ukita_hatamoto_gunner_pl|酒 井 铁 炮 奉 行 
trp_gekokujo_ukita_messenger|酒 井 信 使 
trp_gekokujo_ukita_messenger_pl|酒 井 信 使 
trp_gekokujo_ukita_deserter|酒 井 逃 兵 
trp_gekokujo_ukita_deserter_pl|酒 井 逃 兵 
trp_gekokujo_ukita_prison_guard|酒 井 监 狱 守 卫 
trp_gekokujo_ukita_prison_guard_pl|酒 井 监 狱 守 卫 
trp_gekokujo_ukita_castle_guard|酒 井 城 堡 守 卫 
trp_gekokujo_ukita_castle_guard_pl|酒 井 城 堡 守 卫 
trp_gekokujo_ikko_jizamurai|加 贺 见 习 侍 从 
trp_gekokujo_ikko_jizamurai_pl|加 贺 见 习 侍 从 
trp_gekokujo_ikko_retainer|加 贺 侍 从 
trp_gekokujo_ikko_retainer_pl|加 贺 侍 从 
trp_gekokujo_ikko_marksman|加 贺 侍 从 射 手 
trp_gekokujo_ikko_marksman_pl|加 贺 侍 从 射 手 
trp_gekokujo_ikko_veteran_retainer|资 深 加 贺 侍 从 
trp_gekokujo_ikko_veteran_retainer_pl|资 深 加 贺 侍 从 
trp_gekokujo_ikko_mounted_retainer|加 贺 骑 马 侍 从 
trp_gekokujo_ikko_mounted_retainer_pl|加 贺 骑 马 侍 从 
trp_gekokujo_ikko_samurai_gunner|加 贺 铁 炮 武 士 
trp_gekokujo_ikko_samurai_gunner_pl|加 贺 铁 炮 武 士 
trp_gekokujo_ikko_samurai_archer|加 贺 弓 武 士 
trp_gekokujo_ikko_samurai_archer_pl|加 贺 弓 武 士 
trp_gekokujo_ikko_officer|加 贺 军 官 
trp_gekokujo_ikko_officer_pl|加 贺 军 官 
trp_gekokujo_ikko_mounted_officer|加 贺 骑 马 军 官 
trp_gekokujo_ikko_mounted_officer_pl|加 贺 骑 马 军 官 
trp_gekokujo_ikko_master_gunner|加 贺 铁 炮 队 长 
trp_gekokujo_ikko_master_gunner_pl|加 贺 铁 炮 队 长 
trp_gekokujo_ikko_master_archer|加 贺 弓 队 长 
trp_gekokujo_ikko_master_archer_pl|加 贺 弓 队 长 
trp_gekokujo_ito_jizamurai|延 冈 见 习 侍 从 
trp_gekokujo_ito_jizamurai_pl|延 冈 见 习 侍 从 
trp_gekokujo_ito_retainer|延 冈 侍 从 
trp_gekokujo_ito_retainer_pl|延 冈 侍 从 
trp_gekokujo_ito_marksman|延 冈 侍 从 射 手 
trp_gekokujo_ito_marksman_pl|延 冈 侍 从 射 手 
trp_gekokujo_ito_veteran_retainer|资 深 延 冈 侍 从 
trp_gekokujo_ito_veteran_retainer_pl|资 深 延 冈 侍 从 
trp_gekokujo_ito_mounted_retainer|延 冈 骑 马 侍 从 
trp_gekokujo_ito_mounted_retainer_pl|延 冈 骑 马 侍 从 
trp_gekokujo_ito_samurai_gunner|延 冈 铁 炮 武 士 
trp_gekokujo_ito_samurai_gunner_pl|延 冈 铁 炮 武 士 
trp_gekokujo_ito_samurai_archer|延 冈 弓 武 士 
trp_gekokujo_ito_samurai_archer_pl|延 冈 弓 武 士 
trp_gekokujo_ito_officer|延 冈 军 官 
trp_gekokujo_ito_officer_pl|延 冈 军 官 
trp_gekokujo_ito_mounted_officer|延 冈 骑 马 军 官 
trp_gekokujo_ito_mounted_officer_pl|延 冈 骑 马 军 官 
trp_gekokujo_ito_master_gunner|延 冈 铁 炮 武 士 
trp_gekokujo_ito_master_gunner_pl|延 冈 铁 炮 武 士 
trp_gekokujo_ito_master_archer|延 冈 弓 武 士 
trp_gekokujo_ito_master_archer_pl|延 冈 弓 武 士 
trp_gekokujo_ito_hatamoto_cavalry|延 冈 马 回 
trp_gekokujo_ito_hatamoto_cavalry_pl|延 冈 马 回 
trp_gekokujo_ito_hatamoto_gunner|延 冈 铁 炮 奉 行 
trp_gekokujo_ito_hatamoto_gunner_pl|延 冈 铁 炮 奉 行 
trp_gekokujo_ito_messenger|延 冈 信 使 
trp_gekokujo_ito_messenger_pl|延 冈 信 使 
trp_gekokujo_ito_deserter|延 冈 逃 兵 
trp_gekokujo_ito_deserter_pl|延 冈 逃 兵 
trp_gekokujo_ito_prison_guard|延 冈 监 狱 守 卫 
trp_gekokujo_ito_prison_guard_pl|延 冈 监 狱 守 卫 
trp_gekokujo_ito_castle_guard|延 冈 城 堡 守 卫 
trp_gekokujo_ito_castle_guard_pl|延 冈 城 堡 守 卫 
trp_gekokujo_ashikaga_jizamurai|新 政 府 军 见 习 侍 从 
trp_gekokujo_ashikaga_jizamurai_pl|新 政 府 军 见 习 侍 从 
trp_gekokujo_ashikaga_retainer|新 政 府 军 侍 从 
trp_gekokujo_ashikaga_retainer_pl|新 政 府 军 侍 从 
trp_gekokujo_ashikaga_marksman|新 政 府 军 长 州 步 兵 
trp_gekokujo_ashikaga_marksman_pl|新 政 府 军 长 州 步 兵 
trp_gekokujo_ashikaga_veteran_retainer|新 政 府 军 军 官 
trp_gekokujo_ashikaga_veteran_retainer_pl|新 政 府 军 军 官 
trp_gekokujo_ashikaga_mounted_retainer|新 政 府 军 长 州 军 官 
trp_gekokujo_ashikaga_mounted_retainer_pl|新 政 府 军 长 州 军 官 
trp_gekokujo_ashikaga_samurai_gunner|新 政 府 军 炮 兵 
trp_gekokujo_ashikaga_samurai_gunner_pl|新 政 府 军 炮 兵 
trp_gekokujo_ashikaga_samurai_archer|新 政 府 军 熟 练 长 州 步 兵 
trp_gekokujo_ashikaga_samurai_archer_pl|新 政 府 军 熟 练 长 州 步 兵 
trp_gekokujo_ashikaga_officer|新 政 府 军 骑 马 军 官 
trp_gekokujo_ashikaga_officer_pl|新 政 府 军 骑 马 军 官 
trp_gekokujo_ashikaga_mounted_officer|新 政 府 军 长 州 骑 马 军 官 
trp_gekokujo_ashikaga_mounted_officer_pl|新 政 府 军 长 州 骑 马 军 官 
trp_gekokujo_ashikaga_master_gunner|阿 姆 斯 特 朗 炮 
trp_gekokujo_ashikaga_master_gunner_pl|阿 姆 斯 特 朗 炮 
trp_gekokujo_ashikaga_master_archer|新 政 府 军 资 深 长 州 步 兵 
trp_gekokujo_ashikaga_master_archer_pl|新 政 府 军 资 深 长 州 步 兵 
trp_gekokujo_ashikaga_hatamoto_cavalry|新 政 府 军 马 回 
trp_gekokujo_ashikaga_hatamoto_cavalry_pl|新 政 府 军 马 回 
trp_gekokujo_ashikaga_hatamoto_gunner|新 政 府 军 亲 卫 
trp_gekokujo_ashikaga_hatamoto_gunner_pl|新 政 府 军 亲 卫 
trp_gekokujo_ashikaga_messenger|新 政 府 军 信 使 
trp_gekokujo_ashikaga_messenger_pl|新 政 府 军 信 使 
trp_gekokujo_ashikaga_deserter|新 政 府 军 逃 兵 
trp_gekokujo_ashikaga_deserter_pl|新 政 府 军 逃 兵 
trp_gekokujo_ashikaga_prison_guard|新 政 府 军 监 狱 守 卫 
trp_gekokujo_ashikaga_prison_guard_pl|新 政 府 军 监 狱 守 卫 
trp_gekokujo_ashikaga_castle_guard|新 政 府 军 城 堡 守 卫 
trp_gekokujo_ashikaga_castle_guard_pl|新 政 府 军 城 堡 守 卫 
trp_gekokujo_nanbu_jizamurai|陆 奥 见 习 侍 从 
trp_gekokujo_nanbu_jizamurai_pl|陆 奥 见 习 侍 从 
trp_gekokujo_nanbu_retainer|陆 奥 侍 从 
trp_gekokujo_nanbu_retainer_pl|陆 奥 侍 从 
trp_gekokujo_nanbu_marksman|陆 奥 侍 从 射 手 
trp_gekokujo_nanbu_marksman_pl|陆 奥 侍 从 射 手 
trp_gekokujo_nanbu_veteran_retainer|陆 奥 武 士 
trp_gekokujo_nanbu_veteran_retainer_pl|陆 奥 武 士 
trp_gekokujo_nanbu_mounted_retainer|陆 奥 骑 马 侍 从 
trp_gekokujo_nanbu_mounted_retainer_pl|陆 奥 骑 马 侍 从 
trp_gekokujo_nanbu_samurai_gunner|陆 奥 铁 炮 武 士 
trp_gekokujo_nanbu_samurai_gunner_pl|陆 奥 铁 炮 武 士 
trp_gekokujo_nanbu_samurai_archer|陆 奥 弓 武 士 
trp_gekokujo_nanbu_samurai_archer_pl|陆 奥 弓 武 士 
trp_gekokujo_nanbu_officer|陆 奥 军 官 
trp_gekokujo_nanbu_officer_pl|陆 奥 军 官 
trp_gekokujo_nanbu_mounted_officer|陆 奥 骑 马 军 官 
trp_gekokujo_nanbu_mounted_officer_pl|陆 奥 骑 马 军 官 
trp_gekokujo_nanbu_master_gunner|陆 奥 铁 炮 队 长 
trp_gekokujo_nanbu_master_gunner_pl|陆 奥 铁 炮 队 长 
trp_gekokujo_nanbu_master_archer|陆 奥 弓 队 长 
trp_gekokujo_nanbu_master_archer_pl|陆 奥 弓 队 长 
trp_gekokujo_nanbu_hatamoto_guard|陆 奥 亲 卫 
trp_gekokujo_nanbu_hatamoto_guard_pl|陆 奥 亲 卫 
trp_gekokujo_nanbu_hatamoto_archer|陆 奥 弓 奉 行 
trp_gekokujo_nanbu_hatamoto_archer_pl|陆 奥 弓 奉 行 
trp_gekokujo_nanbu_messenger|陆 奥 信 使 
trp_gekokujo_nanbu_messenger_pl|陆 奥 信 使 
trp_gekokujo_nanbu_deserter|陆 奥 逃 兵 
trp_gekokujo_nanbu_deserter_pl|陆 奥 逃 兵 
trp_gekokujo_nanbu_prison_guard|陆 奥 监 狱 守 卫 
trp_gekokujo_nanbu_prison_guard_pl|陆 奥 监 狱 守 卫 
trp_gekokujo_nanbu_castle_guard|陆 奥 城 堡 守 卫 
trp_gekokujo_nanbu_castle_guard_pl|陆 奥 城 堡 守 卫 
trp_gekokujo_saito_jizamurai|大 垣 见 习 侍 从 
trp_gekokujo_saito_jizamurai_pl|大 垣 见 习 侍 从 
trp_gekokujo_saito_retainer|大 垣 侍 从 
trp_gekokujo_saito_retainer_pl|大 垣 侍 从 
trp_gekokujo_saito_marksman|大 垣 侍 从 射 手 
trp_gekokujo_saito_marksman_pl|大 垣 侍 从 射 手 
trp_gekokujo_saito_veteran_retainer|资 深 大 垣 侍 从 
trp_gekokujo_saito_veteran_retainer_pl|资 深 大 垣 侍 从 
trp_gekokujo_saito_mounted_retainer|大 垣 骑 马 侍 从 
trp_gekokujo_saito_mounted_retainer_pl|大 垣 骑 马 侍 从 
trp_gekokujo_saito_samurai_gunner|大 垣 铁 炮 武 士 
trp_gekokujo_saito_samurai_gunner_pl|大 垣 铁 炮 武 士 
trp_gekokujo_saito_samurai_archer|大 垣 弓 武 士 
trp_gekokujo_saito_samurai_archer_pl|大 垣 弓 武 士 
trp_gekokujo_saito_officer|大 垣 军 官 
trp_gekokujo_saito_officer_pl|大 垣 军 官 
trp_gekokujo_saito_mounted_officer|大 垣 骑 马 军 官 
trp_gekokujo_saito_mounted_officer_pl|大 垣 骑 马 军 官 
trp_gekokujo_saito_master_gunner|大 垣 铁 炮 武 士 
trp_gekokujo_saito_master_gunner_pl|大 垣 铁 炮 武 士 
trp_gekokujo_saito_master_archer|大 垣 弓 武 士 
trp_gekokujo_saito_master_archer_pl|大 垣 弓 武 士 
trp_gekokujo_saito_hatamoto_guard|大 垣 亲 卫 
trp_gekokujo_saito_hatamoto_guard_pl|大 垣 亲 卫 
trp_gekokujo_saito_hatamoto_archer|大 垣 马 回 
trp_gekokujo_saito_hatamoto_archer_pl|大 垣 马 回 
trp_gekokujo_saito_messenger|大 垣 信 使 
trp_gekokujo_saito_messenger_pl|大 垣 信 使 
trp_gekokujo_saito_deserter|大 垣 逃 兵 
trp_gekokujo_saito_deserter_pl|大 垣 逃 兵 
trp_gekokujo_saito_prison_guard|大 垣 监 狱 守 卫 
trp_gekokujo_saito_prison_guard_pl|大 垣 监 狱 守 卫 
trp_gekokujo_saito_castle_guard|大 垣 城 堡 守 卫 
trp_gekokujo_saito_castle_guard_pl|大 垣 城 堡 守 卫 
trp_gekokujo_akamatsu_jizamurai|福 冈 见 习 侍 从 
trp_gekokujo_akamatsu_jizamurai_pl|福 冈 见 习 侍 从 
trp_gekokujo_akamatsu_retainer|福 冈 侍 从 
trp_gekokujo_akamatsu_retainer_pl|福 冈 侍 从 
trp_gekokujo_akamatsu_marksman|福 冈 侍 从 射 手 
trp_gekokujo_akamatsu_marksman_pl|福 冈 侍 从 射 手 
trp_gekokujo_akamatsu_veteran_retainer|资 深 福 冈 侍 从 
trp_gekokujo_akamatsu_veteran_retainer_pl|资 深 福 冈 侍 从 
trp_gekokujo_akamatsu_mounted_retainer|福 冈 骑 马 侍 从 
trp_gekokujo_akamatsu_mounted_retainer_pl|福 冈 骑 马 侍 从 
trp_gekokujo_akamatsu_samurai_gunner|福 冈 铁 炮 武 士 
trp_gekokujo_akamatsu_samurai_gunner_pl|福 冈 铁 炮 武 士 
trp_gekokujo_akamatsu_samurai_archer|福 冈 弓 武 士 
trp_gekokujo_akamatsu_samurai_archer_pl|福 冈 弓 武 士 
trp_gekokujo_akamatsu_officer|福 冈 军 官 
trp_gekokujo_akamatsu_officer_pl|福 冈 军 官 
trp_gekokujo_akamatsu_mounted_officer|福 冈 骑 马 军 官 
trp_gekokujo_akamatsu_mounted_officer_pl|福 冈 骑 马 军 官 
trp_gekokujo_akamatsu_master_gunner|福 冈 铁 炮 武 士 
trp_gekokujo_akamatsu_master_gunner_pl|福 冈 铁 炮 武 士 
trp_gekokujo_akamatsu_master_archer|福 冈 弓 武 士 
trp_gekokujo_akamatsu_master_archer_pl|福 冈 弓 武 士 
trp_gekokujo_akamatsu_hatamoto_guard|福 冈 亲 卫 
trp_gekokujo_akamatsu_hatamoto_guard_pl|福 冈 亲 卫 
trp_gekokujo_akamatsu_hatamoto_cavalry|福 冈 马 回 
trp_gekokujo_akamatsu_hatamoto_cavalry_pl|福 冈 马 回 
trp_gekokujo_akamatsu_messenger|福 冈 信 使 
trp_gekokujo_akamatsu_messenger_pl|福 冈 信 使 
trp_gekokujo_akamatsu_deserter|福 冈 逃 兵 
trp_gekokujo_akamatsu_deserter_pl|福 冈 逃 兵 
trp_gekokujo_akamatsu_prison_guard|福 冈 监 狱 守 卫 
trp_gekokujo_akamatsu_prison_guard_pl|福 冈 监 狱 守 卫 
trp_gekokujo_akamatsu_castle_guard|福 冈 城 堡 守 卫 
trp_gekokujo_akamatsu_castle_guard_pl|福 冈 城 堡 守 卫 
trp_gekokujo_sokudo_jizamurai|地 方 下 部 
trp_gekokujo_sokudo_jizamurai_pl|地 方 下 部 
trp_gekokujo_sokudo_retainer|地 方 侍 从 
trp_gekokujo_sokudo_retainer_pl|地 方 侍 从 
trp_gekokujo_sokudo_marksman|地 方 铁 放 侍 从 
trp_gekokujo_sokudo_marksman_pl|地 方 铁 放 侍 从 
trp_gekokujo_sokudo_veteran_retainer|地 方 武 者 
trp_gekokujo_sokudo_veteran_retainer_pl|地 方 武 者 
trp_gekokujo_sokudo_mounted_retainer|地 方 骑 马 侍 从 
trp_gekokujo_sokudo_mounted_retainer_pl|地 方 骑 马 侍 从 
trp_gekokujo_sokudo_samurai_gunner|地 方 铁 炮 武 者 
trp_gekokujo_sokudo_samurai_gunner_pl|地 方 铁 炮 武 者 
trp_gekokujo_sokudo_samurai_archer|地 方 弓 武 者 
trp_gekokujo_sokudo_samurai_archer_pl|地 方 弓 武 者 
trp_gekokujo_sokudo_officer|地 方 长 柄 军 官 
trp_gekokujo_sokudo_officer_pl|地 方 长 柄 军 官 
trp_gekokujo_sokudo_mounted_officer|地 方 骑 马 武 者 
trp_gekokujo_sokudo_mounted_officer_pl|地 方 骑 马 武 者 
trp_gekokujo_sokudo_master_gunner|地 方 铁 炮 队 长 
trp_gekokujo_sokudo_master_gunner_pl|地 方 铁 炮 队 长 
trp_gekokujo_sokudo_master_archer|地 方 弓 队 长 
trp_gekokujo_sokudo_master_archer_pl|地 方 弓 队 长 
trp_gekokujo_sokudo_hatamoto_guard|地 方 旗 本 众 
trp_gekokujo_sokudo_hatamoto_guard_pl|地 方 旗 本 众 
trp_gekokujo_sokudo_hatamoto_cavalry|地 方 旗 本 马 队 
trp_gekokujo_sokudo_hatamoto_cavalry_pl|地 方 旗 本 马 队 
trp_gekokujo_sokudo_messenger|地 方 信 使 
trp_gekokujo_sokudo_messenger_pl|地 方 信 使 
trp_gekokujo_sokudo_deserter|地 方 逃 兵 
trp_gekokujo_sokudo_deserter_pl|地 方 逃 兵 
trp_gekokujo_sokudo_prison_guard|地 方 监 狱 守 卫 
trp_gekokujo_sokudo_prison_guard_pl|地 方 监 狱 守 卫 
trp_gekokujo_sokudo_castle_guard|地 方 城 堡 守 卫 
trp_gekokujo_sokudo_castle_guard_pl|地 方 城 堡 守 卫 
trp_gekokujo_ikko_monk|僧 兵 
trp_gekokujo_ikko_monk_pl|僧 兵 
trp_gekokujo_ikko_marksman_monk|僧 兵 射 手 
trp_gekokujo_ikko_marksman_monk_pl|僧 兵 射 手 
trp_gekokujo_ikko_arquebus_monk|铁 炮 僧 兵 
trp_gekokujo_ikko_arquebus_monk_pl|铁 炮 僧 兵 
trp_gekokujo_ikko_veteran_arquebus_monk|资 深 铁 炮 僧 兵 
trp_gekokujo_ikko_veteran_arquebus_monk_pl|资 深 铁 炮 僧 兵 
trp_gekokujo_ikko_yumi_monk|弓 僧 兵 
trp_gekokujo_ikko_yumi_monk_pl|弓 僧 兵 
trp_gekokujo_ikko_veteran_yumi_monk|资 深 弓 僧 兵 
trp_gekokujo_ikko_veteran_yumi_monk_pl|资 深 弓 僧 兵 
trp_gekokujo_ikko_yari_monk|长 枪 僧 兵 
trp_gekokujo_ikko_yari_monk_pl|长 枪 僧 兵 
trp_gekokujo_ikko_veteran_yari_monk|资 深 长 枪 僧 兵 
trp_gekokujo_ikko_veteran_yari_monk_pl|资 深 长 枪 僧 兵 
trp_gekokujo_ikko_naginata_monk|薙 刀 僧 兵 
trp_gekokujo_ikko_naginata_monk_pl|薙 刀 僧 兵 
trp_gekokujo_ikko_veteran_naginata_monk|资 深 薙 刀 僧 兵 
trp_gekokujo_ikko_veteran_naginata_monk_pl|资 深 薙 刀 僧 兵 
trp_gekokujo_ikko_elite_naginata_monk|精 锐 薙 刀 僧 兵 
trp_gekokujo_ikko_elite_naginata_monk_pl|精 锐 薙 刀 僧 兵 
trp_gekokujo_ikko_messenger|信 使 
trp_gekokujo_ikko_messenger_pl|信 使 
trp_gekokujo_ikko_deserter|苦 行 僧 
trp_gekokujo_ikko_deserter_pl|苦 行 僧 
trp_gekokujo_ikko_prison_guard|监 狱 守 卫 
trp_gekokujo_ikko_prison_guard_pl|监 狱 守 卫 
trp_gekokujo_ikko_castle_guard|城 堡 守 卫 
trp_gekokujo_ikko_castle_guard_pl|城 堡 守 卫 
trp_looter|野 伏 
trp_looter_pl|野 伏 
trp_bandit|泥 棒 
trp_bandit_pl|泥 棒 
trp_brigand|山 贼 
trp_brigand_pl|山 贼 
trp_woku_pirate|外 国 水 手 
trp_woku_pirate_pl|外 国 水 手 
trp_shinano_rebel|志 士 
trp_shinano_rebel_pl|志 士 
trp_kinai_rebel|叛 乱 武 士 
trp_kinai_rebel_pl|叛 乱 武 士 
trp_seto_pirate|外 国 水 手 
trp_seto_pirate_pl|外 国 水 手 
trp_kanto_rebel|水 户 叛 军 
trp_kanto_rebel_pl|水 户 叛 军 
trp_northern_raider|阿 伊 努 勇 士 
trp_northern_raider_pl|阿 伊 努 勇 士 
trp_monk_rebel|尊 王 攘 夷 浪 人 
trp_monk_rebel_pl|尊 王 攘 夷 浪 人 
trp_generic_ashigaru|脱 走 足 轻 
trp_generic_ashigaru_pl|脱 走 足 轻 
trp_generic_jizamurai|脱 走 野 武 士 
trp_generic_jizamurai_pl|脱 走 野 武 士 
trp_northern_warlord|阿 依 努 猛 者 
trp_northern_warlord_pl|阿 依 努 猛 者 
trp_ronin|武 装 町 人 
trp_ronin_pl|武 装 町 人 
trp_ronin_wanderer|相 伴 
trp_ronin_wanderer_pl|相 伴 
trp_ronin_adventurer|浪 人 
trp_ronin_adventurer_pl|浪 人 
trp_ronin_protector|地 头 武 士 
trp_ronin_protector_pl|地 头 武 士 
trp_ronin_hero|地 方 头 领 
trp_ronin_hero_pl|地 方 头 领 
trp_onnabushi|侍 女 
trp_onnabushi_pl|侍 女 
trp_onnabushi_trained|女 近 侍 
trp_onnabushi_trained_pl|女 近 侍 
trp_onnabushi_veteran|姬 武 士 
trp_onnabushi_veteran_pl|姬 武 士 
trp_onnabushi_elite|御 前 姬 武 士 
trp_onnabushi_elite_pl|御 前 姬 武 士 
trp_female_agent|女 忍 
trp_female_agent_pl|女 忍 
trp_female_agent_experienced|女 上 忍 
trp_female_agent_experienced_pl|女 上 忍 
trp_refugee|难 民 
trp_refugee_pl|难 民 
trp_peasant_woman|村 妇 
trp_peasant_woman_pl|村 妇 
trp_caravan_master|商 队 头 领 
trp_caravan_master_pl|商 队 头 领 
trp_kidnapped_girl|被 绑 架 的 女 子 
trp_kidnapped_girl_pl|被 绑 架 的 女 子 
trp_town_walker_1|町 人 
trp_town_walker_1_pl|町 人 
trp_town_walker_2|町 人 
trp_town_walker_2_pl|町 人 
trp_village_walker_1|村 民 
trp_village_walker_1_pl|村 民 
trp_village_walker_2|村 民 
trp_village_walker_2_pl|村 民 
trp_ainu_walker_1|村 民 
trp_ainu_walker_1_pl|村 民 
trp_ainu_walker_2|村 民 
trp_ainu_walker_2_pl|村 民 
trp_spy_walker_1|町 人 
trp_spy_walker_1_pl|町 人 
trp_spy_walker_2|町 人 
trp_spy_walker_2_pl|町 人 
trp_tournament_master|师 范 
trp_tournament_master_pl|师 范 
trp_trainer|师 范 
trp_trainer_pl|师 范 
trp_constable_hareck|座 头 市 
trp_constable_hareck_pl|座 头 市 
trp_ramun_the_slave_trader|外 国 奴 隶 贩 子 
trp_ramun_the_slave_trader_pl|外 国 奴 隶 贩 子 
trp_guide|机 灵 鬼 吉 米 
trp_guide_pl|机 灵 鬼 吉 米 
trp_kaihime|海 姬 
trp_kaihime_pl|海 姬 
trp_sen|千 
trp_sen_pl|千 
trp_tsuruhime|鹤 姬 
trp_tsuruhime_pl|鹤 姬 
trp_naotora|直 虎 
trp_naotora_pl|直 虎 
trp_keiji|庆 次 
trp_keiji_pl|庆 次 
trp_yukimura|幸 村 
trp_yukimura_pl|幸 村 
trp_ranmaru|兰 丸 
trp_ranmaru_pl|兰 丸 
trp_kambei|勘 兵 卫 
trp_kambei_pl|勘 兵 卫 
trp_katsushiro|胜 四 郎 
trp_katsushiro_pl|胜 四 郎 
trp_gorobei|五 郎 兵 卫 
trp_gorobei_pl|五 郎 兵 卫 
trp_shichiroji|七 郎 次 
trp_shichiroji_pl|七 郎 次 
trp_heihachi|平 八 
trp_heihachi_pl|平 八 
trp_kyuzo|久 藏 
trp_kyuzo_pl|久 藏 
trp_kikuchiyo|菊 千 代 
trp_kikuchiyo_pl|菊 千 代 
trp_sanjuro|三 郎 
trp_sanjuro_pl|三 郎 
trp_daizen|大 前 
trp_daizen_pl|大 前 
trp_tutorial_trainer|道 场 师 范 
trp_tutorial_trainer_pl|道 场 师 范 
trp_galeas|盖 里 阿 斯 
trp_galeas_pl|盖 里 阿 斯 
trp_farmer_from_bandit_village|农 民 
trp_farmer_from_bandit_village_pl|农 民 
trp_trainer_1|信 房 大 师 
trp_trainer_1_pl|信 房 大 师 
trp_trainer_2|国 安 大 师 
trp_trainer_2_pl|国 安 大 师 
trp_trainer_3|中 龟 大 师 
trp_trainer_3_pl|中 龟 大 师 
trp_trainer_4|重 宗 大 师 
trp_trainer_4_pl|重 宗 大 师 
trp_trainer_5|宇 治 江 大 师 
trp_trainer_5_pl|宇 治 江 大 师 
trp_ransom_broker_1|藤 兵 卫 
trp_ransom_broker_1_pl|藤 兵 卫 
trp_ransom_broker_2|穣 寿 
trp_ransom_broker_2_pl|穣 寿 
trp_ransom_broker_3|龙 一 
trp_ransom_broker_3_pl|龙 一 
trp_ransom_broker_4|虎 之 助 
trp_ransom_broker_4_pl|虎 之 助 
trp_ransom_broker_5|秀 仓 
trp_ransom_broker_5_pl|秀 仓 
trp_ransom_broker_6|柳 
trp_ransom_broker_6_pl|柳 
trp_ransom_broker_7|犬 肋 
trp_ransom_broker_7_pl|犬 肋 
trp_ransom_broker_8|古 马 烙 
trp_ransom_broker_8_pl|古 马 烙 
trp_ransom_broker_9|峰 太 郎 
trp_ransom_broker_9_pl|峰 太 郎 
trp_ransom_broker_10|韩 之 丸 
trp_ransom_broker_10_pl|韩 之 丸 
trp_ransom_broker_11|光 
trp_ransom_broker_11_pl|光 
trp_ransom_broker_12|勘 九 郎 
trp_ransom_broker_12_pl|勘 九 郎 
trp_ransom_broker_13|鹤 五 
trp_ransom_broker_13_pl|鹤 五 
trp_ransom_broker_14|鹤 一 
trp_ransom_broker_14_pl|鹤 一 
trp_ransom_broker_15|平 马 
trp_ransom_broker_15_pl|平 马 
trp_ransom_broker_16|亚 极 陀 
trp_ransom_broker_16_pl|亚 极 陀 
trp_ransom_broker_17|冈 次 郎 
trp_ransom_broker_17_pl|冈 次 郎 
trp_ransom_broker_18|伪 与 力 
trp_ransom_broker_18_pl|伪 与 力 
trp_ransom_broker_19|石 蛎 
trp_ransom_broker_19_pl|石 蛎 
trp_ransom_broker_20|辻 一 刀 斎 
trp_ransom_broker_20_pl|辻 一 刀 斎 
trp_tavern_traveler_1|半 藏 
trp_tavern_traveler_1_pl|半 藏 
trp_tavern_traveler_2|修 一 郎 
trp_tavern_traveler_2_pl|修 一 郎 
trp_tavern_traveler_3|吉 田 龟 
trp_tavern_traveler_3_pl|吉 田 龟 
trp_tavern_traveler_4|孙 九 郎 
trp_tavern_traveler_4_pl|孙 九 郎 
trp_tavern_traveler_5|宁 次 波 郎 
trp_tavern_traveler_5_pl|宁 次 波 郎 
trp_tavern_traveler_6|御 侍 
trp_tavern_traveler_6_pl|御 侍 
trp_tavern_traveler_7|竹 代 健 
trp_tavern_traveler_7_pl|竹 代 健 
trp_tavern_traveler_8|本 间 宪 泰 
trp_tavern_traveler_8_pl|本 间 宪 泰 
trp_tavern_traveler_9|山 崎 罗 
trp_tavern_traveler_9_pl|山 崎 罗 
trp_tavern_traveler_10|庄 兵 卫 
trp_tavern_traveler_10_pl|庄 兵 卫 
trp_tavern_traveler_11|大 平 泉 野 
trp_tavern_traveler_11_pl|大 平 泉 野 
trp_tavern_traveler_12|勇 八 
trp_tavern_traveler_12_pl|勇 八 
trp_tavern_traveler_13|康 垢 
trp_tavern_traveler_13_pl|康 垢 
trp_tavern_traveler_14|平 山 耀 
trp_tavern_traveler_14_pl|平 山 耀 
trp_tavern_traveler_15|泷 一 郎 
trp_tavern_traveler_15_pl|泷 一 郎 
trp_tavern_traveler_16|荒 木 狩 
trp_tavern_traveler_16_pl|荒 木 狩 
trp_tavern_traveler_17|二 叶 至 乃 
trp_tavern_traveler_17_pl|二 叶 至 乃 
trp_tavern_traveler_18|雅 
trp_tavern_traveler_18_pl|雅 
trp_tavern_traveler_19|西 萨 
trp_tavern_traveler_19_pl|西 萨 
trp_tavern_traveler_20|花 纳 
trp_tavern_traveler_20_pl|花 纳 
trp_tavern_bookseller_1|悠 吉 
trp_tavern_bookseller_1_pl|悠 吉 
trp_tavern_bookseller_2|大 木 一 郎 
trp_tavern_bookseller_2_pl|大 木 一 郎 
trp_tavern_minstrel_1|子 孙 
trp_tavern_minstrel_1_pl|子 孙 
trp_tavern_minstrel_2|源 六 郎 
trp_tavern_minstrel_2_pl|源 六 郎 
trp_tavern_minstrel_3|松 
trp_tavern_minstrel_3_pl|松 
trp_tavern_minstrel_4|醍 醐 
trp_tavern_minstrel_4_pl|醍 醐 
trp_tavern_minstrel_5|良 太 
trp_tavern_minstrel_5_pl|良 太 
trp_kingdom_heroes_including_player_begin|kingdom heroes including player begin
trp_kingdom_heroes_including_player_begin_pl|kingdom heroes including player begin
trp_npc1|小 次 郎 
trp_npc1_pl|小 次 郎 
trp_npc2|优 木 
trp_npc2_pl|优 木 
trp_npc3|威 廉 
trp_npc3_pl|威 廉 
trp_npc4|权 之 助 
trp_npc4_pl|权 之 助 
trp_npc5|洪 美 玲 
trp_npc5_pl|洪 美 玲 
trp_npc6|东 治 子 
trp_npc6_pl|东 治 子 
trp_npc7|武 藏 
trp_npc7_pl|武 藏 
trp_npc8|弗 朗 西 斯 
trp_npc8_pl|弗 朗 西 斯 
trp_npc9|良 子 
trp_npc9_pl|良 子 
trp_npc10|五 右 卫 门 
trp_npc10_pl|五 右 卫 门 
trp_npc11|麻 里 
trp_npc11_pl|麻 里 
trp_npc12|星 
trp_npc12_pl|星 
trp_npc13|照 代 
trp_npc13_pl|照 代 
trp_npc14|雪 斋 
trp_npc14_pl|雪 斋 
trp_npc15|良 雄 
trp_npc15_pl|良 雄 
trp_npc16|兵 库 助 
trp_npc16_pl|兵 库 助 
trp_npc17|油 生 
trp_npc17_pl|油 生 
trp_npc18|满 都 海 
trp_npc18_pl|满 都 海 
trp_npc19|乔 治 
trp_npc19_pl|乔 治 
trp_npc20|施 
trp_npc20_pl|施 
trp_npc21|恩 里 克 
trp_npc21_pl|恩 里 克 
trp_npc22|伊 锁 山 台 
trp_npc22_pl|伊 锁 山 台 
trp_npc23|理 查 德 
trp_npc23_pl|理 查 德 
trp_fort_npc_1_2|本 间 桃 子 
trp_fort_npc_1_2_pl|本 间 桃 子 
trp_fort_npc_2_2|正 恩 
trp_fort_npc_2_2_pl|正 恩 
trp_fort_npc_3_2|元 禄 
trp_fort_npc_3_2_pl|元 禄 
trp_fort_npc_4_2|寿 桂 尼 
trp_fort_npc_4_2_pl|寿 桂 尼 
trp_fort_npc_5_2|酒 三 麻 
trp_fort_npc_5_2_pl|酒 三 麻 
trp_fort_npc_6_2|马 分 系 
trp_fort_npc_6_2_pl|马 分 系 
trp_fort_npc_1_1|本 间 家 主 
trp_fort_npc_1_1_pl|本 间 家 主 
trp_fort_npc_2_1|宗 氏 当 主 
trp_fort_npc_2_1_pl|宗 氏 当 主 
trp_fort_npc_3_1|杜 安 
trp_fort_npc_3_1_pl|杜 安 
trp_fort_npc_4_1|天 界 
trp_fort_npc_4_1_pl|天 界 
trp_fort_npc_5_1|阿 弖 流 为 
trp_fort_npc_5_1_pl|阿 弖 流 为 
trp_fort_npc_6_1|坷 相 曼 夷 
trp_fort_npc_6_1_pl|坷 相 曼 夷 
trp_kingdom_1_lord|榊 原 政 敬 
trp_kingdom_1_lord_pl|榊 原 政 敬 
trp_kingdom_2_lord|伊 达 庆 邦 
trp_kingdom_2_lord_pl|伊 达 庆 邦 
trp_kingdom_3_lord|藤 堂 高 猷 
trp_kingdom_3_lord_pl|藤 堂 高 猷 
trp_kingdom_4_lord|毛 利 敬 亲 
trp_kingdom_4_lord_pl|毛 利 敬 亲 
trp_kingdom_5_lord|松 平 容 保 
trp_kingdom_5_lord_pl|松 平 容 保 
trp_kingdom_6_lord|德 川 庆 喜 
trp_kingdom_6_lord_pl|德 川 庆 喜 
trp_kingdom_7_lord|蜂 须 贺 茂 韶 
trp_kingdom_7_lord_pl|蜂 须 贺 茂 韶 
trp_kingdom_8_lord|池 田 庆 德 
trp_kingdom_8_lord_pl|池 田 庆 德 
trp_kingdom_9_lord|细 川 韶 邦 
trp_kingdom_9_lord_pl|细 川 韶 邦 
trp_kingdom_10_lord|津 轻 承 昭 
trp_kingdom_10_lord_pl|津 轻 承 昭 
trp_kingdom_11_lord|井 伊 直 宪 
trp_kingdom_11_lord_pl|井 伊 直 宪 
trp_kingdom_12_lord|山 内 丰 范 
trp_kingdom_12_lord_pl|山 内 丰 范 
trp_kingdom_13_lord|胜 海 舟 
trp_kingdom_13_lord_pl|胜 海 舟 
trp_kingdom_14_lord|佐 竹 义 尧 
trp_kingdom_14_lord_pl|佐 竹 义 尧 
trp_kingdom_15_lord|岛 津 忠 义 
trp_kingdom_15_lord_pl|岛 津 忠 义 
trp_kingdom_16_lord|锅 岛 直 大 
trp_kingdom_16_lord_pl|锅 岛 直 大 
trp_kingdom_17_lord|德 川 庆 笃 
trp_kingdom_17_lord_pl|德 川 庆 笃 
trp_kingdom_18_lord|堀 田 正 伦 
trp_kingdom_18_lord_pl|堀 田 正 伦 
trp_kingdom_19_lord|酒 井 忠 惇 
trp_kingdom_19_lord_pl|酒 井 忠 惇 
trp_kingdom_20_lord|前 田 庆 宁 
trp_kingdom_20_lord_pl|前 田 庆 宁 
trp_kingdom_22_lord|内 藤 政 挙 
trp_kingdom_22_lord_pl|内 藤 政 挙 
trp_kingdom_23_lord|明 治 天 皇 
trp_kingdom_23_lord_pl|明 治 天 皇 
trp_kingdom_24_lord|南 部 利 刚 
trp_kingdom_24_lord_pl|南 部 利 刚 
trp_kingdom_25_lord|户 田 氏 共 
trp_kingdom_25_lord_pl|户 田 氏 共 
trp_kingdom_26_lord|黑 田 长 溥 
trp_kingdom_26_lord_pl|黑 田 长 溥 
trp_knight_1_1|松 平 直 春 
trp_knight_1_1_pl|松 平 直 春 
trp_knight_1_2|本 多 助 实 
trp_knight_1_2_pl|本 多 助 实 
trp_knight_1_3|牧 野 忠 恭 
trp_knight_1_3_pl|牧 野 忠 恭 
trp_knight_1_4|堀 直 賀 
trp_knight_1_4_pl|堀 直 賀 
trp_knight_1_5|松 平 光 则 
trp_knight_1_5_pl|松 平 光 则 
trp_knight_1_6|溝 口 直 溥 
trp_knight_1_6_pl|溝 口 直 溥 
trp_knight_1_7|真 田 幸 民 
trp_knight_1_7_pl|真 田 幸 民 
trp_knight_1_8|柳 沢 光 昭 
trp_knight_1_8_pl|柳 沢 光 昭 
trp_knight_1_9|内 藤 信 美 
trp_knight_1_9_pl|内 藤 信 美 
trp_knight_1_10|堀 直 明 
trp_knight_1_10_pl|堀 直 明 
trp_knight_2_1|伊 达 邦 成 
trp_knight_2_1_pl|伊 达 邦 成 
trp_knight_2_2|伊 达 邦 直 
trp_knight_2_2_pl|伊 达 邦 直 
trp_knight_2_3|石 川 邦 光 
trp_knight_2_3_pl|石 川 邦 光 
trp_knight_2_4|留 守 邦 宁 
trp_knight_2_4_pl|留 守 邦 宁 
trp_knight_2_5|板 仓 胜 达 
trp_knight_2_5_pl|板 仓 胜 达 
trp_knight_2_6|安 藤 信 勇 
trp_knight_2_6_pl|安 藤 信 勇 
trp_knight_2_7|相 马 诚 胤 
trp_knight_2_7_pl|相 马 诚 胤 
trp_knight_2_8|内 藤 政 养 
trp_knight_2_8_pl|内 藤 政 养 
trp_knight_3_1|石 川 成 之 
trp_knight_3_1_pl|石 川 成 之 
trp_knight_3_2|藤 堂 高 邦 
trp_knight_3_2_pl|藤 堂 高 邦 
trp_knight_3_3|藤 堂 高 洁 
trp_knight_3_3_pl|藤 堂 高 洁 
trp_knight_3_4|土 方 雄 永 
trp_knight_3_4_pl|土 方 雄 永 
trp_knight_3_5|增 山 正 修 
trp_knight_3_5_pl|增 山 正 修 
trp_knight_3_6|松 平 定 敬 
trp_knight_3_6_pl|松 平 定 敬 
trp_knight_3_7|藤 堂 元 施 
trp_knight_3_7_pl|藤 堂 元 施 
trp_knight_3_8|本 多 忠 贯 
trp_knight_3_8_pl|本 多 忠 贯 
trp_knight_3_9|稻 垣 长 行 
trp_knight_3_9_pl|稻 垣 长 行 
trp_knight_3_10|藤 堂 高 克 
trp_knight_3_10_pl|藤 堂 高 克 
trp_knight_4_1|浅 野 长 勲 
trp_knight_4_1_pl|浅 野 长 勲 
trp_knight_4_2|板 仓 胜 静 
trp_knight_4_2_pl|板 仓 胜 静 
trp_knight_4_3|龟 井 茲 监 
trp_knight_4_3_pl|龟 井 茲 监 
trp_knight_4_4|浅 野 长 厚 
trp_knight_4_4_pl|浅 野 长 厚 
trp_knight_4_5|松 平 武 聪 
trp_knight_4_5_pl|松 平 武 聪 
trp_knight_4_6|大 村 益 次 郎 
trp_knight_4_6_pl|大 村 益 次 郎 
trp_knight_4_7|毛 利 元 纯 
trp_knight_4_7_pl|毛 利 元 纯 
trp_knight_4_8|山 县 有 朋 
trp_knight_4_8_pl|山 县 有 朋 
trp_knight_4_9|浅 野 忠 
trp_knight_4_9_pl|浅 野 忠 
trp_knight_4_10|毛 利 元 周 
trp_knight_4_10_pl|毛 利 元 周 
trp_knight_5_1|土 井 利 与 
trp_knight_5_1_pl|土 井 利 与 
trp_knight_5_2|安 藤 直 裕 
trp_knight_5_2_pl|安 藤 直 裕 
trp_knight_5_3|松 平 直 克 
trp_knight_5_3_pl|松 平 直 克 
trp_knight_5_4|奥 平 昌 服 
trp_knight_5_4_pl|奥 平 昌 服 
trp_knight_5_5|小 笠 原 贞 正 
trp_knight_5_5_pl|小 笠 原 贞 正 
trp_knight_5_6|伊 达 宗 德 
trp_knight_5_6_pl|伊 达 宗 德 
trp_knight_5_7|水 野 忠 干 
trp_knight_5_7_pl|水 野 忠 干 
trp_knight_5_8|松 平 赖 聪 
trp_knight_5_8_pl|松 平 赖 聪 
trp_knight_5_9|阿 部 正 外 
trp_knight_5_9_pl|阿 部 正 外 
trp_knight_5_10|大 河 内 辉 声 
trp_knight_5_10_pl|大 河 内 辉 声 
trp_knight_5_11|山 川 浩 
trp_knight_5_11_pl|山 川 浩 
trp_knight_5_12|秋 元 礼 朝 
trp_knight_5_12_pl|秋 元 礼 朝 
trp_knight_6_1|内 藤 赖 直 
trp_knight_6_1_pl|内 藤 赖 直 
trp_knight_6_2|本 多 忠 直 
trp_knight_6_2_pl|本 多 忠 直 
trp_knight_6_3|松 平 忠 礼 
trp_knight_6_3_pl|松 平 忠 礼 
trp_knight_6_4|西 尾 忠 笃 
trp_knight_6_4_pl|西 尾 忠 笃 
trp_knight_6_5|本 多 正 讷 
trp_knight_6_5_pl|本 多 正 讷 
trp_knight_6_6|立 花 鉴 宽 
trp_knight_6_6_pl|立 花 鉴 宽 
trp_knight_6_7|太 田 资 美 
trp_knight_6_7_pl|太 田 资 美 
trp_knight_6_8|大 河 内 信 古 
trp_knight_6_8_pl|大 河 内 信 古 
trp_knight_7_1|贺 岛 政 绰 
trp_knight_7_1_pl|贺 岛 政 绰 
trp_knight_7_2|稻 田 邦 植 
trp_knight_7_2_pl|稻 田 邦 植 
trp_knight_7_3|池 田 昌 丰 
trp_knight_7_3_pl|池 田 昌 丰 
trp_knight_7_4|北 条 氏 恭 
trp_knight_7_4_pl|北 条 氏 恭 
trp_knight_7_5|渡 边 章 纲 
trp_knight_7_5_pl|渡 边 章 纲 
trp_knight_7_6|京 极 朗 彻 
trp_knight_7_6_pl|京 极 朗 彻 
trp_knight_7_7|蜂 须 贺 隆 芳 
trp_knight_7_7_pl|蜂 须 贺 隆 芳 
trp_knight_7_8|京 极 高 典 
trp_knight_7_8_pl|京 极 高 典 
trp_knight_7_9|高 木 正 坦 
trp_knight_7_9_pl|高 木 正 坦 
trp_knight_8_1|池 田 茂 政 
trp_knight_8_1_pl|池 田 茂 政 
trp_knight_8_2|阿 部 正 桓 
trp_knight_8_2_pl|阿 部 正 桓 
trp_knight_8_3|松 平 定 安 
trp_knight_8_3_pl|松 平 定 安 
trp_knight_8_4|伊 木 忠 澄 
trp_knight_8_4_pl|伊 木 忠 澄 
trp_knight_8_5|松 平 直 巳 
trp_knight_8_5_pl|松 平 直 巳 
trp_knight_8_6|池 田 章 政 
trp_knight_8_6_pl|池 田 章 政 
trp_knight_9_1|细 川 护 久 
trp_knight_9_1_pl|细 川 护 久 
trp_knight_9_2|米 田 虎 雄 
trp_knight_9_2_pl|米 田 虎 雄 
trp_knight_9_3|细 川 忠 顕 
trp_knight_9_3_pl|细 川 忠 顕 
trp_knight_9_4|松 井 盈 之 
trp_knight_9_4_pl|松 井 盈 之 
trp_knight_9_5|细 川 兴 贯 
trp_knight_9_5_pl|细 川 兴 贯 
trp_knight_9_6|有 吉 立 武 
trp_knight_9_6_pl|有 吉 立 武 
trp_knight_9_7|细 川 行 真 
trp_knight_9_7_pl|细 川 行 真 
trp_knight_9_8|细 川 利 永 
trp_knight_9_8_pl|细 川 利 永 
trp_knight_10_1|杉 山 成 知 
trp_knight_10_1_pl|杉 山 成 知 
trp_knight_10_2|大 道 寺 繁 祯 
trp_knight_10_2_pl|大 道 寺 繁 祯 
trp_knight_10_3|木 村 杢 之 助 
trp_knight_10_3_pl|木 村 杢 之 助 
trp_knight_10_4|松 前 勘 解 由 
trp_knight_10_4_pl|松 前 勘 解 由 
trp_knight_10_5|津 轻 承 叙 
trp_knight_10_5_pl|津 轻 承 叙 
trp_knight_10_6|松 前 德 広 
trp_knight_10_6_pl|松 前 德 広 
trp_knight_11_1|松 平 春 岳 
trp_knight_11_1_pl|松 平 春 岳 
trp_knight_11_2|有 马 道 纯 
trp_knight_11_2_pl|有 马 道 纯 
trp_knight_11_3|堀 田 正 养 
trp_knight_11_3_pl|堀 田 正 养 
trp_knight_11_4|稻 垣 太 清 
trp_knight_11_4_pl|稻 垣 太 清 
trp_knight_11_5|松 平 茂 昭 
trp_knight_11_5_pl|松 平 茂 昭 
trp_knight_11_6|远 藤 胤 城 
trp_knight_11_6_pl|远 藤 胤 城 
trp_knight_12_1|板 垣 退 助 
trp_knight_12_1_pl|板 垣 退 助 
trp_knight_12_2|后 藤 象 二 郎 
trp_knight_12_2_pl|后 藤 象 二 郎 
trp_knight_12_3|深 尾 成 质 
trp_knight_12_3_pl|深 尾 成 质 
trp_knight_12_4|佐 佐 木 高 行 
trp_knight_12_4_pl|佐 佐 木 高 行 
trp_knight_12_5|田 中 光 显 
trp_knight_12_5_pl|田 中 光 显 
trp_knight_12_6|山 内 丰 诚 
trp_knight_12_6_pl|山 内 丰 诚 
trp_knight_13_1|松 平 康 英 
trp_knight_13_1_pl|松 平 康 英 
trp_knight_13_2|松 平 忠 诚 
trp_knight_13_2_pl|松 平 忠 诚 
trp_knight_13_3|芳 贺 宜 道 
trp_knight_13_3_pl|芳 贺 宜 道 
trp_knight_13_4|渋 沢 成 一 郎 
trp_knight_13_4_pl|渋 沢 成 一 郎 
trp_knight_13_5|近 藤 勇 
trp_knight_13_5_pl|近 藤 勇 
trp_knight_13_6|水 野 忠 敬 
trp_knight_13_6_pl|水 野 忠 敬 
trp_knight_13_7|榎 本 武 扬 
trp_knight_13_7_pl|榎 本 武 扬 
trp_knight_13_8|土 方 岁 三 
trp_knight_13_8_pl|土 方 岁 三 
trp_knight_14_1|佐 竹 义 遵 
trp_knight_14_1_pl|佐 竹 义 遵 
trp_knight_14_2|户 村 义 得 
trp_knight_14_2_pl|户 村 义 得 
trp_knight_14_3|佐 竹 义 尚 
trp_knight_14_3_pl|佐 竹 义 尚 
trp_knight_14_4|水 野 忠 弘 
trp_knight_14_4_pl|水 野 忠 弘 
trp_knight_14_5|酒 井 忠 笃 
trp_knight_14_5_pl|酒 井 忠 笃 
trp_knight_14_6|佐 竹 义 谌 
trp_knight_14_6_pl|佐 竹 义 谌 
trp_knight_15_1|黑 田 清 隆 
trp_knight_15_1_pl|黑 田 清 隆 
trp_knight_15_2|相 良 赖 基 
trp_knight_15_2_pl|相 良 赖 基 
trp_knight_15_3|木 户 孝 允 
trp_knight_15_3_pl|木 户 孝 允 
trp_knight_15_4|桐 野 利 秋 
trp_knight_15_4_pl|桐 野 利 秋 
trp_knight_15_5|西 乡 隆 盛 
trp_knight_15_5_pl|西 乡 隆 盛 
trp_knight_15_6|川 村 纯 义 
trp_knight_15_6_pl|川 村 纯 义 
trp_knight_15_7|‌大 久 保 利 通 
trp_knight_15_7_pl|‌大 久 保 利 通 
trp_knight_15_8|大 山 岩 
trp_knight_15_8_pl|大 山 岩 
trp_knight_16_1|松 浦 诠 
trp_knight_16_1_pl|松 浦 诠 
trp_knight_16_2|锅 岛 直 纪 
trp_knight_16_2_pl|锅 岛 直 纪 
trp_knight_16_3|松 平 忠 和 
trp_knight_16_3_pl|松 平 忠 和 
trp_knight_16_4|大 隈 重 信 
trp_knight_16_4_pl|大 隈 重 信 
trp_knight_16_5|锅 岛 直 正 
trp_knight_16_5_pl|锅 岛 直 正 
trp_knight_16_6|大 村 纯 熈 
trp_knight_16_6_pl|大 村 纯 熈 
trp_knight_17_1|中 山 信 徴 
trp_knight_17_1_pl|中 山 信 徴 
trp_knight_17_2|喜 连 川 绳 氏 
trp_knight_17_2_pl|喜 连 川 绳 氏 
trp_knight_17_3|牧 野 贞 直 
trp_knight_17_3_pl|牧 野 贞 直 
trp_knight_17_4|松 平 赖 绳 
trp_knight_17_4_pl|松 平 赖 绳 
trp_knight_17_5|土 屋 寅 直 
trp_knight_17_5_pl|土 屋 寅 直 
trp_knight_17_6|户 田 忠 友 
trp_knight_17_6_pl|户 田 忠 友 
trp_knight_18_1|阿 部 正 恒 
trp_knight_18_1_pl|阿 部 正 恒 
trp_knight_18_2|久 松 胜 行 
trp_knight_18_2_pl|久 松 胜 行 
trp_knight_18_3|黑 田 直 养 
trp_knight_18_3_pl|黑 田 直 养 
trp_knight_18_4|森 川 俊 方 
trp_knight_18_4_pl|森 川 俊 方 
trp_knight_18_5|平 野 缝 殿 
trp_knight_18_5_pl|平 野 缝 殿 
trp_knight_18_6|井 上 正 顺 
trp_knight_18_6_pl|井 上 正 顺 
trp_knight_19_1|酒 井 忠 氏 
trp_knight_19_1_pl|酒 井 忠 氏 
trp_knight_19_2|松 平 庆 伦 
trp_knight_19_2_pl|松 平 庆 伦 
trp_knight_19_3|朽 木 为 纲 
trp_knight_19_3_pl|朽 木 为 纲 
trp_knight_19_4|松 平 庆 宪 
trp_knight_19_4_pl|松 平 庆 宪 
trp_knight_19_5|青 山 忠 敏 
trp_knight_19_5_pl|青 山 忠 敏 
trp_knight_19_6|松 平 忠 兴 
trp_knight_19_6_pl|松 平 忠 兴 
trp_knight_19_7|九 鬼 隆 义 
trp_knight_19_7_pl|九 鬼 隆 义 
trp_knight_19_8|丹 羽 氏 中 
trp_knight_19_8_pl|丹 羽 氏 中 
trp_knight_20_1|前 田 齐 泰 
trp_knight_20_1_pl|前 田 齐 泰 
trp_knight_20_2|长 连 恭 
trp_knight_20_2_pl|长 连 恭 
trp_knight_20_3|前 田 利 鬯 
trp_knight_20_3_pl|前 田 利 鬯 
trp_knight_20_4|本 多 政 均 
trp_knight_20_4_pl|本 多 政 均 
trp_knight_20_5|横 山 隆 平 
trp_knight_20_5_pl|横 山 隆 平 
trp_knight_20_6|前 田 利 声 
trp_knight_20_6_pl|前 田 利 声 
trp_knight_20_7|前 田 孝 敬 
trp_knight_20_7_pl|前 田 孝 敬 
trp_knight_22_1|中 川 久 昭 
trp_knight_22_1_pl|中 川 久 昭 
trp_knight_22_2|秋 月 种 殷 
trp_knight_22_2_pl|秋 月 种 殷 
trp_knight_22_3|伊 东 祐 相 
trp_knight_22_3_pl|伊 东 祐 相 
trp_knight_22_4|毛 利 高 谦 
trp_knight_22_4_pl|毛 利 高 谦 
trp_knight_22_5|岛 津 忠 宽 
trp_knight_22_5_pl|岛 津 忠 宽 
trp_knight_22_6|稻 叶 久 通 
trp_knight_22_6_pl|稻 叶 久 通 
trp_knight_23_1|小 松 宫 彰 仁 亲 王 
trp_knight_23_1_pl|小 松 宫 彰 仁 亲 王 
trp_knight_23_2|有 栖 川 宫 炽 仁 亲 王 
trp_knight_23_2_pl|有 栖 川 宫 炽 仁 亲 王 
trp_knight_23_3|稻 叶 正 邦 
trp_knight_23_3_pl|稻 叶 正 邦 
trp_knight_23_4|冈 部 长 宽 
trp_knight_23_4_pl|冈 部 长 宽 
trp_knight_23_5|三 条 实 美 
trp_knight_23_5_pl|三 条 实 美 
trp_knight_23_6|松 平 信 正 
trp_knight_23_6_pl|松 平 信 正 
trp_knight_24_1|南 部 信 民 
trp_knight_24_1_pl|南 部 信 民 
trp_knight_24_2|东 政 图 
trp_knight_24_2_pl|东 政 图 
trp_knight_24_3|楢 山 佐 渡 
trp_knight_24_3_pl|楢 山 佐 渡 
trp_knight_24_4|南 部 利 义 
trp_knight_24_4_pl|南 部 利 义 
trp_knight_24_5|田 村 邦 荣 
trp_knight_24_5_pl|田 村 邦 荣 
trp_knight_24_6|南 部 信 顺 
trp_knight_24_6_pl|南 部 信 顺 
trp_knight_25_1|堀 亲 义 
trp_knight_25_1_pl|堀 亲 义 
trp_knight_25_2|德 川 茂 德 
trp_knight_25_2_pl|德 川 茂 德 
trp_knight_25_3|松 平 乗 命 
trp_knight_25_3_pl|松 平 乗 命 
trp_knight_25_4|井 上 正 直 
trp_knight_25_4_pl|井 上 正 直 
trp_knight_25_5|永 井 尚 服 
trp_knight_25_5_pl|永 井 尚 服 
trp_knight_25_6|诹 访 忠 诚 
trp_knight_25_6_pl|诹 访 忠 诚 
trp_knight_26_1|矢 野 安 太 夫 
trp_knight_26_1_pl|矢 野 安 太 夫 
trp_knight_26_2|大 野 忠 右 卫 门 
trp_knight_26_2_pl|大 野 忠 右 卫 门 
trp_knight_26_3|小 川 专 左 卫 门 
trp_knight_26_3_pl|小 川 专 左 卫 门 
trp_knight_26_4|根 本 源 五 卫 门 
trp_knight_26_4_pl|根 本 源 五 卫 门 
trp_knight_26_5|黑 田 长 德 
trp_knight_26_5_pl|黑 田 长 德 
trp_knight_26_6|黑 田 播 磨 
trp_knight_26_6_pl|黑 田 播 磨 
trp_knight_26_7|黑 田 长 知 
trp_knight_26_7_pl|黑 田 长 知 
trp_kingdom_1_pretender|仙 桃 院 
trp_kingdom_1_pretender_pl|仙 桃 院 
trp_kingdom_2_pretender|岩 城 义 信 
trp_kingdom_2_pretender_pl|岩 城 义 信 
trp_kingdom_3_pretender|长 宗 我 部 义 武 
trp_kingdom_3_pretender_pl|长 宗 我 部 义 武 
trp_kingdom_4_pretender|大 内 龙 兴 
trp_kingdom_4_pretender_pl|大 内 龙 兴 
trp_kingdom_5_pretender|武 田 义 隆 
trp_kingdom_5_pretender_pl|武 田 义 隆 
trp_kingdom_6_pretender|大 友 茂 宗 
trp_kingdom_6_pretender_pl|大 友 茂 宗 
trp_knight_1_1_wife|knight 1 1 wife
trp_knight_1_1_wife_pl|knight 1 1 wife
trp_kingdom_1_lady_1|若 狭 
trp_kingdom_1_lady_1_pl|若 狭 
trp_kingdom_1_lady_2|舞 
trp_kingdom_1_lady_2_pl|舞 
trp_kingdom_1_lady_3|笠 
trp_kingdom_1_lady_3_pl|笠 
trp_kingdom_1_lady_4|弥 生 
trp_kingdom_1_lady_4_pl|弥 生 
trp_kingdom_1_lady_5|尚 
trp_kingdom_1_lady_5_pl|尚 
trp_kingdom_1_lady_6|真 子 
trp_kingdom_1_lady_6_pl|真 子 
trp_kingdom_1_lady_7|凉 子 
trp_kingdom_1_lady_7_pl|凉 子 
trp_kingdom_1_lady_8|美 樱 
trp_kingdom_1_lady_8_pl|美 樱 
trp_kingdom_1_lady_9|美 里 
trp_kingdom_1_lady_9_pl|美 里 
trp_kingdom_1_lady_10|律 
trp_kingdom_1_lady_10_pl|律 
trp_kingdom_2_lady_1|南 部 
trp_kingdom_2_lady_1_pl|南 部 
trp_kingdom_2_lady_2|三 笠 
trp_kingdom_2_lady_2_pl|三 笠 
trp_kingdom_2_lady_3|泉 
trp_kingdom_2_lady_3_pl|泉 
trp_kingdom_2_lady_4|国 
trp_kingdom_2_lady_4_pl|国 
trp_kingdom_2_lady_5|春 菜 
trp_kingdom_2_lady_5_pl|春 菜 
trp_kingdom_2_lady_6|彩 芽 
trp_kingdom_2_lady_6_pl|彩 芽 
trp_kingdom_2_lady_7|姫 奈 
trp_kingdom_2_lady_7_pl|姫 奈 
trp_kingdom_2_lady_8|光 
trp_kingdom_2_lady_8_pl|光 
trp_kingdom_3_lady_1|松 
trp_kingdom_3_lady_1_pl|松 
trp_kingdom_3_lady_2|森 
trp_kingdom_3_lady_2_pl|森 
trp_kingdom_3_lady_3|初 
trp_kingdom_3_lady_3_pl|初 
trp_kingdom_3_lady_4|霓 
trp_kingdom_3_lady_4_pl|霓 
trp_kingdom_3_lady_5|祈 福 
trp_kingdom_3_lady_5_pl|祈 福 
trp_kingdom_3_lady_6|富 子 
trp_kingdom_3_lady_6_pl|富 子 
trp_kingdom_3_lady_7|缘 
trp_kingdom_3_lady_7_pl|缘 
trp_kingdom_3_lady_8|玲 
trp_kingdom_3_lady_8_pl|玲 
trp_kingdom_3_lady_9|一 
trp_kingdom_3_lady_9_pl|一 
trp_kingdom_3_lady_10|秋 
trp_kingdom_3_lady_10_pl|秋 
trp_kingdom_4_lady_1|末 
trp_kingdom_4_lady_1_pl|末 
trp_kingdom_4_lady_2|枝 文 
trp_kingdom_4_lady_2_pl|枝 文 
trp_kingdom_4_lady_3|梅 
trp_kingdom_4_lady_3_pl|梅 
trp_kingdom_4_lady_4|梨 花 
trp_kingdom_4_lady_4_pl|梨 花 
trp_kingdom_4_lady_5|三 好 
trp_kingdom_4_lady_5_pl|三 好 
trp_kingdom_4_lady_6|吉 野 
trp_kingdom_4_lady_6_pl|吉 野 
trp_kingdom_4_lady_7|北 
trp_kingdom_4_lady_7_pl|北 
trp_kingdom_4_lady_8|结 衣 
trp_kingdom_4_lady_8_pl|结 衣 
trp_kingdom_4_lady_9|铃 
trp_kingdom_4_lady_9_pl|铃 
trp_kingdom_4_lady_10|绫 濑 
trp_kingdom_4_lady_10_pl|绫 濑 
trp_kingdom_5_lady_1|悠 良 
trp_kingdom_5_lady_1_pl|悠 良 
trp_kingdom_5_lady_2|筱 目 
trp_kingdom_5_lady_2_pl|筱 目 
trp_kingdom_5_lady_3|真 莉 
trp_kingdom_5_lady_3_pl|真 莉 
trp_kingdom_5_lady_4|优 
trp_kingdom_5_lady_4_pl|优 
trp_kingdom_5_lady_5|花 
trp_kingdom_5_lady_5_pl|花 
trp_kingdom_5_lady_6|安 
trp_kingdom_5_lady_6_pl|安 
trp_kingdom_5_lady_7|菊 
trp_kingdom_5_lady_7_pl|菊 
trp_kingdom_5_lady_8|春 香 
trp_kingdom_5_lady_8_pl|春 香 
trp_kingdom_5_lady_9|京 子 
trp_kingdom_5_lady_9_pl|京 子 
trp_kingdom_5_lady_10|八 重 
trp_kingdom_5_lady_10_pl|八 重 
trp_kingdom_5_lady_11|祥 子 
trp_kingdom_5_lady_11_pl|祥 子 
trp_kingdom_5_lady_12|丸 井 
trp_kingdom_5_lady_12_pl|丸 井 
trp_kingdom_6_lady_1|芽 子 
trp_kingdom_6_lady_1_pl|芽 子 
trp_kingdom_6_lady_2|优 芽 
trp_kingdom_6_lady_2_pl|优 芽 
trp_kingdom_6_lady_3|布 施 
trp_kingdom_6_lady_3_pl|布 施 
trp_kingdom_6_lady_4|优 彩 
trp_kingdom_6_lady_4_pl|优 彩 
trp_kingdom_6_lady_5|直 子 
trp_kingdom_6_lady_5_pl|直 子 
trp_kingdom_6_lady_6|真 奈 
trp_kingdom_6_lady_6_pl|真 奈 
trp_kingdom_6_lady_7|美 瑠 
trp_kingdom_6_lady_7_pl|美 瑠 
trp_kingdom_6_lady_8|葵 
trp_kingdom_6_lady_8_pl|葵 
trp_kingdom_7_lady_1|美 和 
trp_kingdom_7_lady_1_pl|美 和 
trp_kingdom_7_lady_2|风 花 
trp_kingdom_7_lady_2_pl|风 花 
trp_kingdom_7_lady_3|缠 
trp_kingdom_7_lady_3_pl|缠 
trp_kingdom_7_lady_4|莉 子 
trp_kingdom_7_lady_4_pl|莉 子 
trp_kingdom_7_lady_5|优 子 
trp_kingdom_7_lady_5_pl|优 子 
trp_kingdom_7_lady_6|千 惠 
trp_kingdom_7_lady_6_pl|千 惠 
trp_kingdom_7_lady_7|真 希 
trp_kingdom_7_lady_7_pl|真 希 
trp_kingdom_7_lady_8|雾 
trp_kingdom_7_lady_8_pl|雾 
trp_kingdom_8_lady_1|志 穂 
trp_kingdom_8_lady_1_pl|志 穂 
trp_kingdom_8_lady_2|伊 玖 
trp_kingdom_8_lady_2_pl|伊 玖 
trp_kingdom_8_lady_3|柚 子 
trp_kingdom_8_lady_3_pl|柚 子 
trp_kingdom_8_lady_4|凛 
trp_kingdom_8_lady_4_pl|凛 
trp_kingdom_8_lady_5|崎 
trp_kingdom_8_lady_5_pl|崎 
trp_kingdom_8_lady_6|祯 子 
trp_kingdom_8_lady_6_pl|祯 子 
trp_kingdom_9_lady_1|美 纪 
trp_kingdom_9_lady_1_pl|美 纪 
trp_kingdom_9_lady_2|乃 莉 
trp_kingdom_9_lady_2_pl|乃 莉 
trp_kingdom_9_lady_3|梦 
trp_kingdom_9_lady_3_pl|梦 
trp_kingdom_9_lady_4|诗 乃 
trp_kingdom_9_lady_4_pl|诗 乃 
trp_kingdom_9_lady_5|雪 
trp_kingdom_9_lady_5_pl|雪 
trp_kingdom_9_lady_6|明 弥 
trp_kingdom_9_lady_6_pl|明 弥 
trp_kingdom_9_lady_7|大 友 玲 
trp_kingdom_9_lady_7_pl|大 友 玲 
trp_kingdom_9_lady_8|野 中 
trp_kingdom_9_lady_8_pl|野 中 
trp_kingdom_10_lady_1|清 见 
trp_kingdom_10_lady_1_pl|清 见 
trp_kingdom_10_lady_2|晴 美 
trp_kingdom_10_lady_2_pl|晴 美 
trp_kingdom_10_lady_3|千 璃 
trp_kingdom_10_lady_3_pl|千 璃 
trp_kingdom_10_lady_4|多 佳 
trp_kingdom_10_lady_4_pl|多 佳 
trp_kingdom_10_lady_5|枫 
trp_kingdom_10_lady_5_pl|枫 
trp_kingdom_10_lady_6|靖 
trp_kingdom_10_lady_6_pl|靖 
trp_kingdom_11_lady_1|优 
trp_kingdom_11_lady_1_pl|优 
trp_kingdom_11_lady_2|多 季 
trp_kingdom_11_lady_2_pl|多 季 
trp_kingdom_11_lady_3|和 子 
trp_kingdom_11_lady_3_pl|和 子 
trp_kingdom_11_lady_4|莉 奈 
trp_kingdom_11_lady_4_pl|莉 奈 
trp_kingdom_11_lady_5|芳 子 
trp_kingdom_11_lady_5_pl|芳 子 
trp_kingdom_11_lady_6|千 代 目 
trp_kingdom_11_lady_6_pl|千 代 目 
trp_kingdom_12_lady_1|夕 树 
trp_kingdom_12_lady_1_pl|夕 树 
trp_kingdom_12_lady_2|步 美 
trp_kingdom_12_lady_2_pl|步 美 
trp_kingdom_12_lady_3|久 
trp_kingdom_12_lady_3_pl|久 
trp_kingdom_12_lady_4|伊 优 
trp_kingdom_12_lady_4_pl|伊 优 
trp_kingdom_12_lady_5|洋 子 
trp_kingdom_12_lady_5_pl|洋 子 
trp_kingdom_12_lady_6|娜 
trp_kingdom_12_lady_6_pl|娜 
trp_kingdom_13_lady_1|佳 
trp_kingdom_13_lady_1_pl|佳 
trp_kingdom_13_lady_2|丰 
trp_kingdom_13_lady_2_pl|丰 
trp_kingdom_13_lady_3|美 梨 
trp_kingdom_13_lady_3_pl|美 梨 
trp_kingdom_13_lady_4|智 子 
trp_kingdom_13_lady_4_pl|智 子 
trp_kingdom_13_lady_5|布 
trp_kingdom_13_lady_5_pl|布 
trp_kingdom_13_lady_6|美 心 
trp_kingdom_13_lady_6_pl|美 心 
trp_kingdom_13_lady_7|淀 
trp_kingdom_13_lady_7_pl|淀 
trp_kingdom_13_lady_8|雅 子 
trp_kingdom_13_lady_8_pl|雅 子 
trp_kingdom_14_lady_1|娅 美 
trp_kingdom_14_lady_1_pl|娅 美 
trp_kingdom_14_lady_2|茶 
trp_kingdom_14_lady_2_pl|茶 
trp_kingdom_14_lady_3|圣 奈 
trp_kingdom_14_lady_3_pl|圣 奈 
trp_kingdom_14_lady_4|惠 美 
trp_kingdom_14_lady_4_pl|惠 美 
trp_kingdom_14_lady_5|怜 
trp_kingdom_14_lady_5_pl|怜 
trp_kingdom_14_lady_6|友 恵 
trp_kingdom_14_lady_6_pl|友 恵 
trp_kingdom_15_lady_1|万 叶 
trp_kingdom_15_lady_1_pl|万 叶 
trp_kingdom_15_lady_2|内 
trp_kingdom_15_lady_2_pl|内 
trp_kingdom_15_lady_3|千 寻 
trp_kingdom_15_lady_3_pl|千 寻 
trp_kingdom_15_lady_4|瞳 
trp_kingdom_15_lady_4_pl|瞳 
trp_kingdom_15_lady_5|円 花 
trp_kingdom_15_lady_5_pl|円 花 
trp_kingdom_15_lady_6|穂 邑 
trp_kingdom_15_lady_6_pl|穂 邑 
trp_kingdom_15_lady_7|佳 奈 
trp_kingdom_15_lady_7_pl|佳 奈 
trp_kingdom_15_lady_8|夜 美 
trp_kingdom_15_lady_8_pl|夜 美 
trp_kingdom_16_lady_1|彩 
trp_kingdom_16_lady_1_pl|彩 
trp_kingdom_16_lady_2|爱 
trp_kingdom_16_lady_2_pl|爱 
trp_kingdom_16_lady_3|绫 
trp_kingdom_16_lady_3_pl|绫 
trp_kingdom_16_lady_4|千 佳 
trp_kingdom_16_lady_4_pl|千 佳 
trp_kingdom_16_lady_5|望 
trp_kingdom_16_lady_5_pl|望 
trp_kingdom_16_lady_6|和 子 
trp_kingdom_16_lady_6_pl|和 子 
trp_kingdom_17_lady_1|琴 
trp_kingdom_17_lady_1_pl|琴 
trp_kingdom_17_lady_2|霞 
trp_kingdom_17_lady_2_pl|霞 
trp_kingdom_17_lady_3|茜 
trp_kingdom_17_lady_3_pl|茜 
trp_kingdom_17_lady_4|德 
trp_kingdom_17_lady_4_pl|德 
trp_kingdom_17_lady_5|铃 音 
trp_kingdom_17_lady_5_pl|铃 音 
trp_kingdom_17_lady_6|響 
trp_kingdom_17_lady_6_pl|響 
trp_kingdom_18_lady_1|海 佳 
trp_kingdom_18_lady_1_pl|海 佳 
trp_kingdom_18_lady_2|纱 
trp_kingdom_18_lady_2_pl|纱 
trp_kingdom_18_lady_3|薫 
trp_kingdom_18_lady_3_pl|薫 
trp_kingdom_18_lady_4|咲 夜 
trp_kingdom_18_lady_4_pl|咲 夜 
trp_kingdom_18_lady_5|芙 莎 
trp_kingdom_18_lady_5_pl|芙 莎 
trp_kingdom_18_lady_6|爱 姫 
trp_kingdom_18_lady_6_pl|爱 姫 
trp_kingdom_19_lady_1|奈 美 
trp_kingdom_19_lady_1_pl|奈 美 
trp_kingdom_19_lady_2|芽 琉 
trp_kingdom_19_lady_2_pl|芽 琉 
trp_kingdom_19_lady_3|美 智 留 
trp_kingdom_19_lady_3_pl|美 智 留 
trp_kingdom_19_lady_4|能 
trp_kingdom_19_lady_4_pl|能 
trp_kingdom_19_lady_5|伊 奈 
trp_kingdom_19_lady_5_pl|伊 奈 
trp_kingdom_19_lady_6|悠 
trp_kingdom_19_lady_6_pl|悠 
trp_kingdom_19_lady_7|梦 子 
trp_kingdom_19_lady_7_pl|梦 子 
trp_kingdom_19_lady_8|小 原 
trp_kingdom_19_lady_8_pl|小 原 
trp_kingdom_20_lady_1|美 樱 子 
trp_kingdom_20_lady_1_pl|美 樱 子 
trp_kingdom_20_lady_2|美 津 
trp_kingdom_20_lady_2_pl|美 津 
trp_kingdom_20_lady_3|古 琴 
trp_kingdom_20_lady_3_pl|古 琴 
trp_kingdom_20_lady_4|菊 里 
trp_kingdom_20_lady_4_pl|菊 里 
trp_kingdom_20_lady_5|绪 美 
trp_kingdom_20_lady_5_pl|绪 美 
trp_kingdom_20_lady_6|高 
trp_kingdom_20_lady_6_pl|高 
trp_kingdom_20_lady_7|忠 子 
trp_kingdom_20_lady_7_pl|忠 子 
trp_kingdom_22_lady_1|南 子 
trp_kingdom_22_lady_1_pl|南 子 
trp_kingdom_22_lady_2|辉 子 
trp_kingdom_22_lady_2_pl|辉 子 
trp_kingdom_22_lady_3|筝 子 
trp_kingdom_22_lady_3_pl|筝 子 
trp_kingdom_22_lady_4|香 奈 子 
trp_kingdom_22_lady_4_pl|香 奈 子 
trp_kingdom_22_lady_5|海 子 
trp_kingdom_22_lady_5_pl|海 子 
trp_kingdom_22_lady_6|黑 鲤 
trp_kingdom_22_lady_6_pl|黑 鲤 
trp_kingdom_23_lady_1|和 代 
trp_kingdom_23_lady_1_pl|和 代 
trp_kingdom_23_lady_2|甲 斐 姬 
trp_kingdom_23_lady_2_pl|甲 斐 姬 
trp_kingdom_23_lady_3|鬼 多 
trp_kingdom_23_lady_3_pl|鬼 多 
trp_kingdom_23_lady_4|国 分 
trp_kingdom_23_lady_4_pl|国 分 
trp_kingdom_23_lady_5|理 恵 
trp_kingdom_23_lady_5_pl|理 恵 
trp_kingdom_23_lady_6|苏 我 
trp_kingdom_23_lady_6_pl|苏 我 
trp_kingdom_24_lady_1|山 子 
trp_kingdom_24_lady_1_pl|山 子 
trp_kingdom_24_lady_2|油 子 
trp_kingdom_24_lady_2_pl|油 子 
trp_kingdom_24_lady_3|哀 子 
trp_kingdom_24_lady_3_pl|哀 子 
trp_kingdom_24_lady_4|小 仓 
trp_kingdom_24_lady_4_pl|小 仓 
trp_kingdom_24_lady_5|乐 子 
trp_kingdom_24_lady_5_pl|乐 子 
trp_kingdom_24_lady_6|空 子 
trp_kingdom_24_lady_6_pl|空 子 
trp_kingdom_25_lady_1|纱 奈 
trp_kingdom_25_lady_1_pl|纱 奈 
trp_kingdom_25_lady_2|归 蝶 
trp_kingdom_25_lady_2_pl|归 蝶 
trp_kingdom_25_lady_3|水 户 
trp_kingdom_25_lady_3_pl|水 户 
trp_kingdom_25_lady_4|札 用 
trp_kingdom_25_lady_4_pl|札 用 
trp_kingdom_25_lady_5|千 寻 
trp_kingdom_25_lady_5_pl|千 寻 
trp_kingdom_25_lady_6|银 子 
trp_kingdom_25_lady_6_pl|银 子 
trp_kingdom_26_lady_1|辉 宗 
trp_kingdom_26_lady_1_pl|辉 宗 
trp_kingdom_26_lady_2|霞 
trp_kingdom_26_lady_2_pl|霞 
trp_kingdom_26_lady_3|范 子 
trp_kingdom_26_lady_3_pl|范 子 
trp_kingdom_26_lady_4|德 姬 
trp_kingdom_26_lady_4_pl|德 姬 
trp_kingdom_26_lady_5|纱 苗 
trp_kingdom_26_lady_5_pl|纱 苗 
trp_kingdom_26_lady_6|爱 姬 
trp_kingdom_26_lady_6_pl|爱 姬 
trp_kingdom_26_lady_7|裕 子 
trp_kingdom_26_lady_7_pl|裕 子 
trp_town_1_arena_master|武 道 大 会 奉 行 
trp_town_2_arena_master|武 道 大 会 奉 行 
trp_town_3_arena_master|武 道 大 会 奉 行 
trp_town_4_arena_master|武 道 大 会 奉 行 
trp_town_5_arena_master|武 道 大 会 奉 行 
trp_town_6_arena_master|武 道 大 会 奉 行 
trp_town_7_arena_master|武 道 大 会 奉 行 
trp_town_8_arena_master|武 道 大 会 奉 行 
trp_town_9_arena_master|武 道 大 会 奉 行 
trp_town_10_arena_master|武 道 大 会 奉 行 
trp_town_11_arena_master|武 道 大 会 奉 行 
trp_town_12_arena_master|武 道 大 会 奉 行 
trp_town_13_arena_master|武 道 大 会 奉 行 
trp_town_14_arena_master|武 道 大 会 奉 行 
trp_town_15_arena_master|武 道 大 会 奉 行 
trp_town_16_arena_master|武 道 大 会 奉 行 
trp_town_17_arena_master|武 道 大 会 奉 行 
trp_town_18_arena_master|武 道 大 会 奉 行 
trp_town_19_arena_master|武 道 大 会 奉 行 
trp_town_20_arena_master|武 道 大 会 奉 行 
trp_town_21_arena_master|武 馆 教 头 
trp_town_22_arena_master|武 馆 教 头 
trp_town_23_arena_master|武 馆 教 头 
trp_town_24_arena_master|武 馆 教 头 
trp_town_25_arena_master|武 馆 教 头 
trp_town_26_arena_master|武 馆 教 头 
trp_town_27_arena_master|武 馆 教 头 
trp_town_28_arena_master|武 馆 教 头 
trp_town_29_arena_master|武 馆 教 头 
trp_town_30_arena_master|武 馆 教 头 
trp_town_31_arena_master|武 馆 教 头 
trp_town_32_arena_master|武 馆 教 头 
trp_town_33_arena_master|武 馆 教 头 
trp_town_34_arena_master|武 馆 教 头 
trp_town_35_arena_master|武 馆 教 头 
trp_town_36_arena_master|武 馆 教 头 
trp_town_1_armorer|制 甲 匠 
trp_town_2_armorer|制 甲 匠 
trp_town_3_armorer|制 甲 匠 
trp_town_4_armorer|制 甲 匠 
trp_town_5_armorer|制 甲 匠 
trp_town_6_armorer|制 甲 匠 
trp_town_7_armorer|制 甲 匠 
trp_town_8_armorer|制 甲 匠 
trp_town_9_armorer|制 甲 匠 
trp_town_10_armorer|制 甲 匠 
trp_town_11_armorer|制 甲 匠 
trp_town_12_armorer|制 甲 匠 
trp_town_13_armorer|制 甲 匠 
trp_town_14_armorer|制 甲 匠 
trp_town_15_armorer|制 甲 匠 
trp_town_16_armorer|制 甲 匠 
trp_town_17_armorer|制 甲 匠 
trp_town_18_armorer|制 甲 匠 
trp_town_19_armorer|制 甲 匠 
trp_town_20_armorer|制 甲 匠 
trp_town_21_armorer|制 甲 匠 
trp_town_22_armorer|制 甲 匠 
trp_town_23_armorer|制 甲 师 
trp_town_24_armorer|制 甲 师 
trp_town_25_armorer|制 甲 师 
trp_town_26_armorer|制 甲 师 
trp_town_27_armorer|制 甲 师 
trp_town_28_armorer|制 甲 师 
trp_town_29_armorer|制 甲 师 
trp_town_30_armorer|制 甲 师 
trp_town_31_armorer|制 甲 师 
trp_town_32_armorer|制 甲 师 
trp_town_33_armorer|制 甲 师 
trp_town_34_armorer|制 甲 师 
trp_town_35_armorer|制 甲 师 
trp_town_36_armorer|制 甲 师 
trp_town_1_weaponsmith|刀 匠 
trp_town_2_weaponsmith|刀 匠 
trp_town_3_weaponsmith|刀 匠 
trp_town_4_weaponsmith|刀 匠 
trp_town_5_weaponsmith|刀 匠 
trp_town_6_weaponsmith|刀 匠 
trp_town_7_weaponsmith|刀 匠 
trp_town_8_weaponsmith|刀 匠 
trp_town_9_weaponsmith|刀 匠 
trp_town_10_weaponsmith|刀 匠 
trp_town_11_weaponsmith|刀 匠 
trp_town_12_weaponsmith|刀 匠 
trp_town_13_weaponsmith|刀 匠 
trp_town_14_weaponsmith|刀 匠 
trp_town_15_weaponsmith|刀 匠 
trp_town_16_weaponsmith|刀 匠 
trp_town_17_weaponsmith|刀 匠 
trp_town_18_weaponsmith|刀 匠 
trp_town_19_weaponsmith|刀 匠 
trp_town_20_weaponsmith|刀 匠 
trp_town_21_weaponsmith|刀 匠 
trp_town_22_weaponsmith|刀 匠 
trp_town_23_weaponsmith|刀 匠 
trp_town_24_weaponsmith|刀 匠 
trp_town_25_weaponsmith|刀 匠 
trp_town_26_weaponsmith|刀 匠 
trp_town_27_weaponsmith|刀 匠 
trp_town_28_weaponsmith|刀 匠 
trp_town_29_weaponsmith|刀 匠 
trp_town_30_weaponsmith|刀 匠 
trp_town_31_weaponsmith|刀 匠 
trp_town_32_weaponsmith|刀 匠 
trp_town_33_weaponsmith|刀 匠 
trp_town_34_weaponsmith|刀 匠 
trp_town_35_weaponsmith|刀 匠 
trp_town_36_weaponsmith|刀 匠 
trp_town_1_tavernkeeper|酒 屋 老 板 
trp_town_2_tavernkeeper|酒 屋 老 板 
trp_town_3_tavernkeeper|酒 屋 老 板 
trp_town_4_tavernkeeper|酒 屋 老 板 
trp_town_5_tavernkeeper|酒 屋 老 板 
trp_town_6_tavernkeeper|酒 屋 老 板 
trp_town_7_tavernkeeper|酒 屋 老 板 
trp_town_8_tavernkeeper|酒 屋 老 板 
trp_town_9_tavernkeeper|酒 屋 老 板 
trp_town_10_tavernkeeper|酒 屋 老 板 
trp_town_11_tavernkeeper|酒 屋 老 板 
trp_town_12_tavernkeeper|酒 屋 老 板 
trp_town_13_tavernkeeper|酒 屋 老 板 
trp_town_14_tavernkeeper|酒 屋 老 板 
trp_town_15_tavernkeeper|酒 屋 老 板 
trp_town_16_tavernkeeper|酒 屋 老 板 
trp_town_17_tavernkeeper|酒 屋 老 板 
trp_town_18_tavernkeeper|酒 屋 老 板 
trp_town_19_tavernkeeper|酒 屋 老 板 
trp_town_20_tavernkeeper|酒 屋 老 板 
trp_town_21_tavernkeeper|酒 屋 老 板 
trp_town_22_tavernkeeper|酒 屋 老 板 
trp_town_23_tavernkeeper|酒 屋 老 板 
trp_town_24_tavernkeeper|酒 屋 老 板 
trp_town_25_tavernkeeper|酒 屋 老 板 
trp_town_26_tavernkeeper|酒 屋 老 板 
trp_town_27_tavernkeeper|酒 屋 老 板 
trp_town_28_tavernkeeper|酒 屋 老 板 
trp_town_29_tavernkeeper|酒 屋 老 板 
trp_town_30_tavernkeeper|酒 屋 老 板 
trp_town_31_tavernkeeper|酒 屋 老 板 
trp_town_32_tavernkeeper|酒 屋 老 板 
trp_town_33_tavernkeeper|酒 屋 老 板 
trp_town_34_tavernkeeper|酒 屋 老 板 
trp_town_35_tavernkeeper|酒 屋 老 板 
trp_town_36_tavernkeeper|酒 屋 老 板 
trp_town_1_merchant|座 商 人 
trp_town_2_merchant|座 商 人 
trp_town_3_merchant|座 商 人 
trp_town_4_merchant|座 商 人 
trp_town_5_merchant|今 井 宗 久 
trp_town_6_merchant|座 商 人 
trp_town_7_merchant|座 商 人 
trp_town_8_merchant|座 商 人 
trp_town_9_merchant|座 商 人 
trp_town_10_merchant|座 商 人 
trp_town_11_merchant|座 商 人 
trp_town_12_merchant|座 商 人 
trp_town_13_merchant|座 商 人 
trp_town_14_merchant|座 商 人 
trp_town_15_merchant|座 商 人 
trp_town_16_merchant|座 商 人 
trp_town_17_merchant|座 商 人 
trp_town_18_merchant|座 商 人 
trp_town_19_merchant|座 商 人 
trp_town_20_merchant|座 商 人 
trp_town_21_merchant|座 商 人 
trp_town_22_merchant|座 商 人 
trp_town_23_merchant|商 人 
trp_town_24_merchant|商 人 
trp_town_25_merchant|商 人 
trp_town_26_merchant|商 人 
trp_town_27_merchant|商 人 
trp_town_28_merchant|商 人 
trp_town_29_merchant|商 人 
trp_town_30_merchant|商 人 
trp_town_31_merchant|商 人 
trp_town_32_merchant|商 人 
trp_town_33_merchant|商 人 
trp_town_34_merchant|商 人 
trp_town_35_merchant|商 人 
trp_town_36_merchant|商 人 
trp_town_1_horse_merchant|马 匹 贩 子 
trp_town_2_horse_merchant|马 匹 贩 子 
trp_town_3_horse_merchant|马 匹 贩 子 
trp_town_4_horse_merchant|马 匹 贩 子 
trp_town_5_horse_merchant|马 匹 贩 子 
trp_town_6_horse_merchant|马 匹 贩 子 
trp_town_7_horse_merchant|马 匹 贩 子 
trp_town_8_horse_merchant|马 匹 贩 子 
trp_town_9_horse_merchant|马 匹 贩 子 
trp_town_10_horse_merchant|马 匹 贩 子 
trp_town_11_horse_merchant|马 匹 贩 子 
trp_town_12_horse_merchant|马 匹 贩 子 
trp_town_13_horse_merchant|马 匹 贩 子 
trp_town_14_horse_merchant|马 匹 贩 子 
trp_town_15_horse_merchant|马 匹 贩 子 
trp_town_16_horse_merchant|马 匹 贩 子 
trp_town_17_horse_merchant|马 匹 贩 子 
trp_town_18_horse_merchant|马 匹 贩 子 
trp_town_19_horse_merchant|马 匹 贩 子 
trp_town_20_horse_merchant|马 匹 贩 子 
trp_town_21_horse_merchant|马 匹 贩 子 
trp_town_22_horse_merchant|马 匹 贩 子 
trp_town_23_horse_merchant|马 匹 贩 子 
trp_town_24_horse_merchant|马 匹 贩 子 
trp_town_25_horse_merchant|马 匹 贩 子 
trp_town_26_horse_merchant|马 匹 贩 子 
trp_town_27_horse_merchant|马 匹 贩 子 
trp_town_28_horse_merchant|马 匹 贩 子 
trp_town_29_horse_merchant|马 匹 贩 子 
trp_town_30_horse_merchant|马 匹 贩 子 
trp_town_31_horse_merchant|马 匹 贩 子 
trp_town_32_horse_merchant|马 匹 贩 子 
trp_town_33_horse_merchant|马 匹 贩 子 
trp_town_34_horse_merchant|马 匹 贩 子 
trp_town_35_horse_merchant|马 匹 贩 子 
trp_town_36_horse_merchant|马 匹 贩 子 
trp_town_1_mayor|奉 行 
trp_town_2_mayor|奉 行 
trp_town_3_mayor|奉 行 
trp_town_4_mayor|奉 行 
trp_town_5_mayor|奉 行 
trp_town_6_mayor|奉 行 
trp_town_7_mayor|奉 行 
trp_town_8_mayor|奉 行 
trp_town_9_mayor|奉 行 
trp_town_10_mayor|奉 行 
trp_town_11_mayor|奉 行 
trp_town_12_mayor|奉 行 
trp_town_13_mayor|奉 行 
trp_town_14_mayor|奉 行 
trp_town_15_mayor|奉 行 
trp_town_16_mayor|奉 行 
trp_town_17_mayor|奉 行 
trp_town_18_mayor|奉 行 
trp_town_19_mayor|奉 行 
trp_town_20_mayor|奉 行 
trp_town_21_mayor|奉 行 
trp_town_22_mayor|奉 行 
trp_town_23_mayor|奉 行 
trp_town_24_mayor|奉 行 
trp_town_25_mayor|奉 行 
trp_town_26_mayor|奉 行 
trp_town_27_mayor|奉 行 
trp_town_28_mayor|奉 行 
trp_town_29_mayor|奉 行 
trp_town_30_mayor|奉 行 
trp_town_31_mayor|奉 行 
trp_town_32_mayor|奉 行 
trp_town_33_mayor|奉 行 
trp_town_34_mayor|奉 行 
trp_town_35_mayor|奉 行 
trp_town_36_mayor|奉 行 
trp_village_1_elder|村 长 
trp_village_2_elder|村 长 
trp_village_3_elder|村 长 
trp_village_4_elder|村 长 
trp_village_5_elder|村 长 
trp_village_6_elder|村 长 
trp_village_7_elder|村 长 
trp_village_8_elder|村 长 
trp_village_9_elder|村 长 
trp_village_10_elder|村 长 
trp_village_11_elder|村 长 
trp_village_12_elder|村 长 
trp_village_13_elder|村 长 
trp_village_14_elder|村 长 
trp_village_15_elder|村 长 
trp_village_16_elder|村 长 
trp_village_17_elder|村 长 
trp_village_18_elder|村 长 
trp_village_19_elder|村 长 
trp_village_20_elder|村 长 
trp_village_21_elder|村 长 
trp_village_22_elder|村 长 
trp_village_23_elder|村 长 
trp_village_24_elder|村 长 
trp_village_25_elder|村 长 
trp_village_26_elder|村 长 
trp_village_27_elder|村 长 
trp_village_28_elder|村 长 
trp_village_29_elder|村 长 
trp_village_30_elder|村 长 
trp_village_31_elder|村 长 
trp_village_32_elder|村 长 
trp_village_33_elder|村 长 
trp_village_34_elder|村 长 
trp_village_35_elder|村 长 
trp_village_36_elder|村 长 
trp_village_37_elder|村 长 
trp_village_38_elder|村 长 
trp_village_39_elder|村 长 
trp_village_40_elder|村 长 
trp_village_41_elder|村 长 
trp_village_42_elder|村 长 
trp_village_43_elder|村 长 
trp_village_44_elder|村 长 
trp_village_45_elder|村 长 
trp_village_46_elder|村 长 
trp_village_47_elder|村 长 
trp_village_48_elder|村 长 
trp_village_49_elder|村 长 
trp_village_50_elder|村 长 
trp_village_51_elder|村 长 
trp_village_52_elder|村 长 
trp_village_53_elder|村 长 
trp_village_54_elder|村 长 
trp_village_55_elder|村 长 
trp_village_56_elder|村 长 
trp_village_57_elder|村 长 
trp_village_58_elder|村 长 
trp_village_59_elder|村 长 
trp_village_60_elder|村 长 
trp_village_61_elder|村 长 
trp_village_62_elder|村 长 
trp_village_63_elder|村 长 
trp_village_64_elder|村 长 
trp_village_65_elder|村 长 
trp_village_66_elder|村 长 
trp_village_67_elder|村 长 
trp_village_68_elder|村 长 
trp_village_69_elder|村 长 
trp_village_70_elder|村 长 
trp_village_71_elder|村 长 
trp_village_72_elder|村 长 
trp_village_73_elder|村 长 
trp_village_74_elder|村 长 
trp_village_75_elder|村 长 
trp_village_76_elder|村 长 
trp_village_77_elder|村 长 
trp_village_78_elder|村 长 
trp_village_79_elder|村 长 
trp_village_80_elder|村 长 
trp_village_81_elder|村 长 
trp_village_82_elder|村 长 
trp_village_83_elder|村 长 
trp_village_84_elder|村 长 
trp_village_85_elder|村 长 
trp_village_86_elder|村 长 
trp_village_87_elder|村 长 
trp_village_88_elder|村 长 
trp_village_89_elder|村 长 
trp_village_90_elder|村 长 
trp_village_91_elder|村 长 
trp_village_92_elder|村 长 
trp_village_93_elder|村 长 
trp_village_94_elder|村 长 
trp_village_95_elder|村 长 
trp_village_96_elder|村 长 
trp_village_97_elder|村 长 
trp_village_98_elder|村 长 
trp_village_99_elder|村 长 
trp_village_100_elder|村 长 
trp_village_101_elder|村 长 
trp_village_102_elder|村 长 
trp_village_103_elder|村 长 
trp_village_104_elder|村 长 
trp_village_105_elder|村 长 
trp_village_106_elder|村 长 
trp_village_107_elder|村 长 
trp_village_108_elder|村 长 
trp_village_109_elder|村 长 
trp_village_110_elder|村 长 
trp_village_111_elder|村 长 
trp_village_112_elder|村 长 
trp_village_113_elder|村 长 
trp_village_114_elder|村 长 
trp_village_115_elder|村 长 
trp_village_116_elder|村 长 
trp_village_117_elder|村 长 
trp_village_118_elder|村 长 
trp_village_119_elder|村 长 
trp_village_120_elder|村 长 
trp_village_121_elder|村 长 
trp_village_122_elder|村 长 
trp_village_123_elder|村 长 
trp_village_124_elder|村 长 
trp_village_125_elder|村 长 
trp_village_126_elder|村 长 
trp_village_127_elder|村 长 
trp_village_128_elder|村 长 
trp_village_129_elder|村 长 
trp_village_130_elder|村 长 
trp_village_131_elder|村 长 
trp_village_132_elder|村 长 
trp_village_133_elder|村 长 
trp_village_134_elder|村 长 
trp_village_135_elder|村 长 
trp_village_136_elder|村 长 
trp_village_137_elder|村 长 
trp_village_138_elder|村 长 
trp_village_139_elder|村 长 
trp_village_140_elder|村 长 
trp_village_141_elder|村 长 
trp_village_142_elder|村 长 
trp_village_143_elder|村 长 
trp_village_144_elder|村 长 
trp_village_145_elder|村 长 
trp_village_146_elder|村 长 
trp_village_147_elder|村 长 
trp_village_148_elder|村 长 
trp_village_149_elder|村 长 
trp_village_150_elder|村 长 
trp_village_151_elder|村 长 
trp_village_152_elder|村 长 
trp_village_153_elder|村 长 
trp_village_154_elder|村 长 
trp_village_155_elder|村 长 
trp_village_156_elder|村 长 
trp_village_157_elder|村 长 
trp_village_158_elder|村 长 
trp_village_159_elder|村 长 
trp_village_160_elder|村 长 
trp_village_161_elder|村 长 
trp_village_162_elder|村 长 
trp_village_163_elder|村 长 
trp_village_164_elder|村 长 
trp_village_165_elder|村 长 
trp_village_166_elder|村 长 
trp_village_167_elder|村 长 
trp_village_168_elder|村 长 
trp_village_169_elder|村 长 
trp_village_170_elder|村 长 
trp_village_171_elder|村 长 
trp_village_172_elder|村 长 
trp_village_173_elder|村 长 
trp_village_174_elder|村 长 
trp_village_175_elder|村 长 
trp_village_176_elder|村 长 
trp_village_177_elder|村 长 
trp_village_178_elder|村 长 
trp_village_179_elder|村 长 
trp_village_180_elder|村 长 
trp_village_181_elder|村 长 
trp_village_182_elder|村 长 
trp_village_183_elder|村 长 
trp_village_184_elder|村 长 
trp_village_185_elder|村 长 
trp_village_186_elder|村 长 
trp_village_187_elder|村 长 
trp_village_188_elder|村 长 
trp_village_189_elder|村 长 
trp_merchants_end|merchants end
trp_merchants_end_pl|merchants end
trp_local_merchant|茶 屋 商 人 
trp_local_merchant_pl|茶 屋 商 人 
trp_tax_rebel|一 揆 
trp_tax_rebel_pl|一 揆 
trp_trainee_peasant|农 民 
trp_trainee_peasant_pl|农 民 
trp_fugitive|紧 张 不 安 的 人 
trp_fugitive_pl|紧 张 不 安 的 人 
trp_belligerent_drunk|闹 事 的 浪 人 
trp_belligerent_drunk_pl|闹 事 的 浪 人 
trp_hired_assassin|农 民 
trp_hired_assassin_pl|农 民 
trp_fight_promoter|相 貌 粗 野 的 人 
trp_fight_promoter_pl|相 貌 粗 野 的 人 
trp_spy|普 通 的 町 人 
trp_spy_pl|普 通 的 町 人 
trp_spy_partner|不 起 眼 的 农 民 
trp_spy_partner_pl|不 起 眼 的 农 民 
trp_nurse_for_lady|女 仆 
trp_nurse_for_lady_pl|女 仆 
trp_temporary_minister|家 老 
trp_temporary_minister_pl|家 老 
trp_swadian_crossbowman_multiplayer_ai|斯 瓦 迪 亚 弩 手 
trp_swadian_crossbowman_multiplayer_ai_pl|斯 瓦 迪 亚 弩 手 
trp_swadian_infantry_multiplayer_ai|斯 瓦 迪 亚 步 兵 
trp_swadian_infantry_multiplayer_ai_pl|斯 瓦 迪 亚 步 兵 
trp_swadian_man_at_arms_multiplayer_ai|斯 瓦 迪 亚 重 骑 兵 
trp_swadian_man_at_arms_multiplayer_ai_pl|斯 瓦 迪 亚 重 骑 兵 
trp_vaegir_archer_multiplayer_ai|维 吉 亚 弓 箭 手 
trp_vaegir_archer_multiplayer_ai_pl|维 吉 亚 弓 箭 手 
trp_vaegir_spearman_multiplayer_ai|维 吉 亚 长 矛 手 
trp_vaegir_spearman_multiplayer_ai_pl|维 吉 亚 长 矛 手 
trp_vaegir_horseman_multiplayer_ai|维 吉 亚 骑 手 
trp_vaegir_horseman_multiplayer_ai_pl|维 吉 亚 骑 手 
trp_khergit_dismounted_lancer_multiplayer_ai|库 吉 特 下 马 枪 骑 兵 
trp_khergit_dismounted_lancer_multiplayer_ai_pl|库 吉 特 下 马 枪 骑 兵 
trp_khergit_veteran_horse_archer_multiplayer_ai|库 吉 特 骑 射 手 
trp_khergit_veteran_horse_archer_multiplayer_ai_pl|库 吉 特 骑 射 手 
trp_khergit_lancer_multiplayer_ai|库 吉 特 枪 骑 兵 
trp_khergit_lancer_multiplayer_ai_pl|库 吉 特 枪 骑 兵 
trp_nord_veteran_multiplayer_ai|诺 德 轻 步 兵 
trp_nord_veteran_multiplayer_ai_pl|诺 德 轻 步 兵 
trp_nord_scout_multiplayer_ai|诺 德 斥 侯 
trp_nord_scout_multiplayer_ai_pl|诺 德 斥 侯 
trp_nord_archer_multiplayer_ai|诺 德 弓 箭 手 
trp_nord_archer_multiplayer_ai_pl|诺 德 弓 箭 手 
trp_rhodok_veteran_crossbowman_multiplayer_ai|罗 多 克 弩 手 
trp_rhodok_veteran_crossbowman_multiplayer_ai_pl|罗 多 克 弩 手 
trp_rhodok_veteran_spearman_multiplayer_ai|罗 多 克 长 矛 手 
trp_rhodok_veteran_spearman_multiplayer_ai_pl|罗 多 克 长 矛 手 
trp_rhodok_scout_multiplayer_ai|罗 多 克 斥 侯 
trp_rhodok_scout_multiplayer_ai_pl|罗 多 克 斥 侯 
trp_sarranid_infantry_multiplayer_ai|萨 兰 德 步 兵 
trp_sarranid_infantry_multiplayer_ai_pl|萨 兰 德 步 兵 
trp_sarranid_archer_multiplayer_ai|萨 兰 德 弓 箭 手 
trp_sarranid_archer_multiplayer_ai_pl|萨 兰 德 弓 箭 手 
trp_sarranid_horseman_multiplayer_ai|萨 兰 德 骑 手 
trp_sarranid_horseman_multiplayer_ai_pl|萨 兰 德 骑 手 
trp_swadian_crossbowman_multiplayer|斯 瓦 迪 亚 弩 手 
trp_swadian_crossbowman_multiplayer_pl|斯 瓦 迪 亚 弩 手 
trp_swadian_infantry_multiplayer|斯 瓦 迪 亚 步 兵 
trp_swadian_infantry_multiplayer_pl|斯 瓦 迪 亚 步 兵 
trp_swadian_man_at_arms_multiplayer|斯 瓦 迪 亚 重 骑 兵 
trp_swadian_man_at_arms_multiplayer_pl|斯 瓦 迪 亚 重 骑 兵 
trp_vaegir_archer_multiplayer|维 吉 亚 弓 箭 手 
trp_vaegir_archer_multiplayer_pl|维 吉 亚 弓 箭 手 
trp_vaegir_spearman_multiplayer|维 吉 亚 长 矛 手 
trp_vaegir_spearman_multiplayer_pl|维 吉 亚 长 矛 手 
trp_vaegir_horseman_multiplayer|维 吉 亚 骑 手 
trp_vaegir_horseman_multiplayer_pl|维 吉 亚 骑 手 
trp_khergit_veteran_horse_archer_multiplayer|库 吉 特 骑 射 手 
trp_khergit_veteran_horse_archer_multiplayer_pl|库 吉 特 骑 射 手 
trp_khergit_lancer_multiplayer|库 吉 特 枪 骑 兵 
trp_khergit_lancer_multiplayer_pl|库 吉 特 枪 骑 兵 
trp_nord_archer_multiplayer|诺 德 弓 箭 手 
trp_nord_archer_multiplayer_pl|诺 德 弓 箭 手 
trp_nord_veteran_multiplayer|诺 德 皇 家 侍 卫 
trp_nord_veteran_multiplayer_pl|诺 德 皇 家 侍 卫 
trp_nord_scout_multiplayer|诺 德 斥 侯 
trp_nord_scout_multiplayer_pl|诺 德 斥 侯 
trp_rhodok_veteran_crossbowman_multiplayer|罗 多 克 弩 手 
trp_rhodok_veteran_crossbowman_multiplayer_pl|罗 多 克 弩 手 
trp_rhodok_sergeant_multiplayer|罗 多 克 军 士 
trp_rhodok_sergeant_multiplayer_pl|罗 多 克 军 士 
trp_rhodok_horseman_multiplayer|罗 多 克 骑 手 
trp_rhodok_horseman_multiplayer_pl|罗 多 克 骑 手 
trp_sarranid_archer_multiplayer|萨 兰 德 弓 箭 手 
trp_sarranid_archer_multiplayer_pl|萨 兰 德 弓 箭 手 
trp_sarranid_footman_multiplayer|萨 兰 德 轻 步 兵 
trp_sarranid_footman_multiplayer_pl|萨 兰 德 轻 步 兵 
trp_sarranid_mamluke_multiplayer|萨 兰 德 马 穆 鲁 克 
trp_sarranid_mamluke_multiplayer_pl|萨 兰 德 马 穆 鲁 克 
trp_quick_battle_troop_1|骑 马 武 士 军 官 
trp_quick_battle_troop_1_pl|骑 马 武 士 军 官 
trp_quick_battle_troop_2|幕 府 军 官 
trp_quick_battle_troop_2_pl|幕 府 军 官 
trp_quick_battle_troop_3|精 锐 幕 府 步 兵 
trp_quick_battle_troop_3_pl|精 锐 幕 府 步 兵 
trp_quick_battle_troop_4|精 锐 土 佐 散 兵 
trp_quick_battle_troop_4_pl|精 锐 土 佐 散 兵 
trp_quick_battle_troop_5|武 士 骑 射 手 
trp_quick_battle_troop_5_pl|武 士 骑 射 手 
trp_quick_battle_troop_6|纪 州 忍 者 
trp_quick_battle_troop_6_pl|纪 州 忍 者 
trp_quick_battle_troop_7|阿 伊 努 剑 士 
trp_quick_battle_troop_7_pl|阿 伊 努 剑 士 
trp_quick_battle_troop_8|阿 伊 努 骑 射 手 
trp_quick_battle_troop_8_pl|阿 伊 努 骑 射 手 
trp_quick_battle_troop_9|薙 刀 僧 兵 
trp_quick_battle_troop_9_pl|薙 刀 僧 兵 
trp_quick_battle_troop_10|阿 姆 斯 特 朗 炮 
trp_quick_battle_troop_10_pl|阿 姆 斯 特 朗 炮 
trp_quick_battle_troop_11|加 特 林 机 关 枪 
trp_quick_battle_troop_11_pl|加 特 林 机 关 枪 
trp_tutorial_fighter_1|初 级 斗 士 
trp_tutorial_fighter_1_pl|初 级 斗 士 
trp_tutorial_fighter_2|初 级 斗 士 
trp_tutorial_fighter_2_pl|初 级 斗 士 
trp_tutorial_fighter_3|正 规 斗 士 
trp_tutorial_fighter_3_pl|初 级 斗 士 
trp_tutorial_fighter_4|资 深 斗 士 
trp_tutorial_fighter_4_pl|初 级 斗 士 
trp_tutorial_archer_1|弓 箭 手 
trp_tutorial_archer_1_pl|弓 箭 手 
trp_tutorial_master_archer|弓 箭 教 练 
trp_tutorial_master_archer_pl|弓 箭 教 练 
trp_tutorial_rider_1|骑 手 
trp_tutorial_rider_2|骑 手 
trp_tutorial_master_horseman|骑 术 教 练 
trp_tutorial_master_horseman_pl|骑 术 教 练 
trp_tsu_merchant|伊 势 田 吉 
trp_hirosaki_merchant|安 东 传 介 
trp_niigata_merchant|本 庄 绳 皋 
trp_edo_merchant|武 藏 芋 番 
trp_sakai_merchant|坂 井 次 郎 
trp_hakata_merchant|筑 前 三 郎 
trp_startup_merchants_end|startup merchants end
trp_startup_merchants_end_pl|startup merchants end
trp_rebel_leader|僧 兵 首 领 
trp_rebel_leader_pl|僧 兵 
trp_looter_leader|恶 党 
trp_looter_leader_pl|恶 党 
trp_bandit_leaders_end|bandit leaders end
trp_bandit_leaders_end_pl|bandit leaders end
trp_relative_of_merchant|当 地 僧 人 
trp_relative_of_merchants_end|relative of merchants end
trp_relative_of_merchants_end_pl|relative of merchants end
trp_dplmc_chamberlain|藏 奉 行 
trp_dplmc_chamberlain_pl|藏 奉 行 
trp_dplmc_constable|军 奉 行 
trp_dplmc_constable_pl|军 奉 行 
trp_dplmc_chancellor|总 奉 行 
trp_dplmc_chancellor_pl|总 奉 行 
trp_dplmc_messenger|信 使 
trp_dplmc_messenger_pl|信 使 
trp_dplmc_scout|斥 候 
trp_dplmc_scout_pl|斥 候 
trp_dplmc_recruiter|征 兵 人 
trp_dplmc_recruiter_pl|征 兵 人 
trp_stupid_asshole|演 武 士 
trp_stupid_asshole_pl|演 武 士 
trp_fort_troop_1_1|佐 渡 流 人 
trp_fort_troop_1_1_pl|佐 渡 流 人 
trp_fort_troop_2_1|外 国 逃 兵 
trp_fort_troop_2_1_pl|外 国 逃 兵 
trp_fort_troop_3_1|根 来 和 弓 众 
trp_fort_troop_3_1_pl|根 来 和 弓 众 
trp_fort_troop_4_1|比 叡 山 祈 祷 僧 
trp_fort_troop_4_1_pl|比 叡 山 祈 祷 僧 
trp_fort_troop_5_1|阿 依 努 民 兵 
trp_fort_troop_5_1_pl|阿 依 努 民 兵 
trp_fort_troop_6_1|阿 依 努 射 手 
trp_fort_troop_6_1_pl|阿 依 努 射 手 
trp_fort_troop_1_2|佐 渡 归 客 
trp_fort_troop_1_2_pl|佐 渡 归 客 
trp_fort_troop_2_2|资 深 外 国 逃 兵 
trp_fort_troop_2_2_pl|资 深 外 国 逃 兵 
trp_fort_troop_3_2|根 来 津 田 流 铁 炮 众 
trp_fort_troop_3_2_pl|根 来 津 田 流 铁 炮 众 
trp_fort_troop_4_2|比 叡 山 法 师 
trp_fort_troop_4_2_pl|比 叡 山 法 师 
trp_fort_troop_5_2|阿 依 努 步 兵 
trp_fort_troop_5_2_pl|阿 依 努 步 兵 
trp_fort_troop_6_2|阿 依 努 弓 手 
trp_fort_troop_6_2_pl|阿 依 努 弓 手 
trp_fort_troop_4_3|比 叡 山 苦 行 法 师 
trp_fort_troop_4_3_pl|比 叡 山 苦 行 法 师 
trp_fort_troops_end|fort troops end
trp_fort_troops_end_pl|fort troops en
trp_excess01|自 建 新 兵 
trp_excess01_pl|自 建 新 兵 
trp_excess02|自 建 新 兵 
trp_excess02_pl|自 建 新 兵 
trp_excess03|自 建 新 兵 
trp_excess03_pl|自 建 新 兵 
trp_excess04|自 建 步 兵 
trp_excess04_pl|自 建 步 兵 
trp_excess05|自 建 散 兵 
trp_excess05_pl|自 建 散 兵 
trp_excess06|熟 练 自 建 步 兵 
trp_excess06_pl|熟 练 自 建 步 兵 
trp_excess07|熟 练 自 建 散 兵 
trp_excess07_pl|熟 练 自 建 散 兵 
trp_excess08|资 深 自 建 步 兵 
trp_excess08_pl|资 深 自 建 步 兵 
trp_excess09|资 深 自 建 散 兵 
trp_excess09_pl|资 深 自 建 散 兵 
trp_excess10|精 锐 自 建 散 兵 
trp_excess10_pl|精 锐 自 建 散 兵 
trp_excess11|自 建 见 习 侍 从 
trp_excess11_pl|自 建 见 习 侍 从 
trp_excess12|自 建 侍 从 
trp_excess12_pl|自 建 侍 从 
trp_excess13|自 建 侍 从 射 手 
trp_excess13_pl|自 建 侍 从 射 手 
trp_excess14|资 深 自 建 侍 从 
trp_excess14_pl|资 深 自 建 侍 从 
trp_excess15|挂 甲 迅 猛 家 臣 
trp_excess15_pl|挂 甲 迅 猛 家 臣 
trp_excess16|自 建 铁 炮 武 士 
trp_excess16_pl|自 建 铁 炮 武 士 
trp_excess17|自 建 弓 武 士 
trp_excess17_pl|自 建 弓 武 士 
trp_excess18|自 建 军 官 
trp_excess18_pl|自 建 军 官 
trp_excess19|自 建 骑 马 军 官 
trp_excess19_pl|自 建 骑 马 军 官 
trp_excess20|自 建 铁 炮 队 长 
trp_excess20_pl|自 建 铁 炮 队 长 
trp_excess21|自 建 弓 队 长 
trp_excess21_pl|自 建 弓 队 长 
trp_excess22|自 建 亲 卫 
trp_excess22_pl|自 建 亲 卫 
trp_excess23|自 建 马 回 
trp_excess23_pl|自 建 马 回 
trp_excess24|流 寇 使 者 
trp_excess24_pl|流 寇 使 者 
trp_excess25|逃 兵 
trp_excess25_pl|逃 兵 
trp_excess26|狱 警 
trp_excess26_pl|狱 警 
trp_excess27|城 堡 守 卫 
trp_excess27_pl|城 堡 守 卫 
trp_excess28|城 堡 守 卫 
trp_excess28_pl|城 堡 守 卫 
trp_excess29|城 堡 守 卫 
trp_excess29_pl|城 堡 守 卫 
trp_excess30|自 建 新 兵 
trp_excess30_pl|自 建 新 兵 
trp_excess31|自 建 新 兵 
trp_excess31_pl|自 建 新 兵 
trp_excess32|自 建 新 兵 
trp_excess32_pl|自 建 新 兵 
trp_excess33|自 建 步 兵 
trp_excess33_pl|自 建 步 兵 
trp_excess34|自 建 散 兵 
trp_excess34_pl|自 建 散 兵 
trp_excess35|熟 练 自 建 步 兵 
trp_excess35_pl|熟 练 自 建 步 兵 
trp_excess36|熟 练 自 建 散 兵 
trp_excess36_pl|熟 练 自 建 散 兵 
trp_excess37|资 深 自 建 步 兵 
trp_excess37_pl|资 深 自 建 步 兵 
trp_excess38|资 深 自 建 散 兵 
trp_excess38_pl|资 深 自 建 散 兵 
trp_excess39|精 锐 自 建 散 兵 
trp_excess39_pl|精 锐 自 建 散 兵 
trp_excess40|自 建 见 习 侍 从 
trp_excess40_pl|自 建 见 习 侍 从 
trp_excess41|自 建 侍 从 
trp_excess41_pl|自 建 侍 从 
trp_excess42|自 建 侍 从 射 手 
trp_excess42_pl|自 建 侍 从 射 手 
trp_excess43|资 深 自 建 侍 从 
trp_excess43_pl|资 深 自 建 侍 从 
trp_excess44|骑 马 自 建 侍 从 
trp_excess44_pl|骑 马 自 建 侍 从 
trp_excess45|自 建 铁 炮 武 士 
trp_excess45_pl|自 建 铁 炮 武 士 
trp_excess46|自 建 弓 武 士 
trp_excess46_pl|自 建 弓 武 士 
trp_excess47|自 建 军 官 
trp_excess47_pl|自 建 军 官 
trp_excess48|自 建 骑 马 军 官 
trp_excess48_pl|自 建 骑 马 军 官 
trp_excess49|迅 猛 火 器 大 师 
trp_excess49_pl|迅 猛 火 器 大 师 
trp_excess50|自 建 弓 队 长 
trp_excess50_pl|自 建 弓 队 长 
trp_excess51|自 建 亲 卫 
trp_excess51_pl|自 建 亲 卫 
trp_excess52|自 建 马 回 
trp_excess52_pl|自 建 马 回 
trp_excess53|流 寇 使 者 
trp_excess53_pl|流 寇 使 者 
trp_excess54|逃 兵 
trp_excess54_pl|逃 兵 
trp_excess55|狱 警 
trp_excess55_pl|狱 警 
trp_excess56|城 堡 护 卫 
trp_excess56_pl|城 堡 护 卫 
trp_excess57|城 堡 护 卫 
trp_excess57_pl|城 堡 护 卫 
trp_excess58|城 堡 护 卫 
trp_excess58_pl|城 堡 护 卫 
trp_gekokujo_uesugi_nobori|越 后 旗 差 
trp_gekokujo_uesugi_nobori_pl|越 后 旗 差 
trp_gekokujo_date_nobori|仙 台 旗 差 
trp_gekokujo_date_nobori_pl|仙 台 旗 差 
trp_gekokujo_oda_nobori|伊 势 旗 差 
trp_gekokujo_oda_nobori_pl|伊 势 旗 差 
trp_gekokujo_mori_nobori|长 州 旗 差 
trp_gekokujo_mori_nobori_pl|长 州 旗 差 
trp_gekokujo_takeda_nobori|会 津 旗 差 
trp_gekokujo_takeda_nobori_pl|会 津 旗 差 
trp_gekokujo_tokugawa_nobori|德 川 旗 差 
trp_gekokujo_tokugawa_nobori_pl|德 川 旗 差 
trp_gekokujo_miyoshi_nobori|德 岛 旗 差 
trp_gekokujo_miyoshi_nobori_pl|德 岛 旗 差 
trp_gekokujo_amako_nobori|池 田 旗 差 
trp_gekokujo_amako_nobori_pl|池 田 旗 差 
trp_gekokujo_otomo_nobori|细 川 旗 差 
trp_gekokujo_otomo_nobori_pl|细 川 旗 差 
trp_rising_sun_hirosaki_nobori|弘 前 旗 差 
trp_rising_sun_hirosaki_nobori_pl|弘 前 旗 差 
trp_gekokujo_asakura_nobori|彦 根 旗 差 
trp_gekokujo_asakura_nobori_pl|彦 根 旗 差 
trp_gekokujo_chosokabe_nobori|土 佐 旗 差 
trp_gekokujo_chosokabe_nobori_pl|土 佐 旗 差 
trp_gekokujo_hojo_nobori|幕 府 旗 差 
trp_gekokujo_hojo_nobori_pl|幕 府 旗 差 
trp_gekokujo_mogami_nobori|久 保 田 旗 差 
trp_gekokujo_mogami_nobori_pl|久 保 田 旗 差 
trp_gekokujo_shimazu_nobori|萨 摩 旗 差 
trp_gekokujo_shimazu_nobori_pl|萨 摩 旗 差 
trp_gekokujo_ryuzoji_nobori|佐 贺 旗 差 
trp_gekokujo_ryuzoji_nobori_pl|佐 贺 旗 差 
trp_rising_sun_mito_nobori|水 户 旗 差 
trp_rising_sun_mito_nobori_pl|水 户 旗 差 
trp_gekokujo_satomi_nobori|房 总 旗 差 
trp_gekokujo_satomi_nobori_pl|房 总 旗 差 
trp_gekokujo_ukita_nobori|酒 井 旗 差 
trp_gekokujo_ukita_nobori_pl|酒 井 旗 差 
trp_gekokujo_ito_nobori|延 冈 旗 差 
trp_gekokujo_ito_nobori_pl|延 冈 旗 差 
trp_gekokujo_ashikaga_nobori|新 政 府 军 旗 差 
trp_gekokujo_ashikaga_nobori_pl|新 政 府 军 旗 差 
trp_gekokujo_nanbu_nobori|盛 冈 旗 差 
trp_gekokujo_nanbu_nobori_pl|盛 冈 旗 差 
trp_gekokujo_saito_nobori|大 垣 旗 差 
trp_gekokujo_saito_nobori_pl|大 垣 旗 差 
trp_gekokujo_akamatsu_nobori|福 冈 旗 差 
trp_gekokujo_akamatsu_nobori_pl|福 冈 旗 差 
trp_gekokujo_sokudo_nobori|旗 差 
trp_gekokujo_sokudo_nobori_pl|旗 差 
trp_gekokujo_uesugi_uma_ymi|新 选 组 
trp_gekokujo_uesugi_uma_ymi_pl|新 选 组 
trp_gekokujo_date_uma_ymi|新 选 组 
trp_gekokujo_date_uma_ymi_pl|新 选 组 
trp_gekokujo_oda_uma_ymi|伊 势 马 回 
trp_gekokujo_oda_uma_ymi_pl|伊 势 马 回 
trp_gekokujo_mori_uma_ymi|长 州 马 回 
trp_gekokujo_mori_uma_ymi_pl|长 州 马 回 
trp_gekokujo_takeda_uma_ymi|新 选 组 
trp_gekokujo_takeda_uma_ymi_pl|新 选 组 
trp_gekokujo_tokugawa_uma_ymi|新 选 组 
trp_gekokujo_tokugawa_uma_ymi_pl|新 选 组 
trp_gekokujo_miyoshi_uma_ymi|德 岛 马 回 
trp_gekokujo_miyoshi_uma_ymi_pl|德 岛 马 回 
trp_gekokujo_amako_uma_ymi|池 田 马 回 
trp_gekokujo_amako_uma_ymi_pl|池 田 马 回 
trp_gekokujo_otomo_uma_ymi|细 川 马 回 
trp_gekokujo_otomo_uma_ymi_pl|细 川 马 回 
trp_rising_sun_hirosaki_uma_ymi|弘 前 马 回 
trp_rising_sun_hirosaki_uma_ymi_pl|弘 前 马 回 
trp_gekokujo_asakura_uma_ymi|彦 根 马 回 
trp_gekokujo_asakura_uma_ymi_pl|彦 根 马 回 
trp_gekokujo_chosokabe_uma_ymi|土 佐 马 回 
trp_gekokujo_chosokabe_uma_ymi_pl|土 佐 马 回 
trp_gekokujo_hojo_uma_ymi|新 选 组 
trp_gekokujo_hojo_uma_ymi_pl|新 选 组 
trp_gekokujo_mogami_uma_ymi|新 选 组 
trp_gekokujo_mogami_uma_ymi_pl|新 选 组 
trp_gekokujo_shimazu_uma_ymi|萨 摩 马 回 
trp_gekokujo_shimazu_uma_ymi_pl|萨 摩 马 回 
trp_gekokujo_ryuzoji_uma_ymi|佐 贺 马 回 
trp_gekokujo_ryuzoji_uma_ymi_pl|佐 贺 马 回 
trp_rising_sun_mito_uma_ymi|新 选 组 
trp_rising_sun_mito_uma_ymi_pl|新 选 组 
trp_gekokujo_satomi_uma_ymi|新 选 组 
trp_gekokujo_satomi_uma_ymi_pl|新 选 组 
trp_gekokujo_ukita_uma_ymi|酒 井 马 回 
trp_gekokujo_ukita_uma_ymi_pl|酒 井 马 回 
trp_gekokujo_ikko_uma_ymi|Kaga 马 回 
trp_gekokujo_ikko_uma_ymi_pl|Kaga 马 回 
trp_gekokujo_ito_uma_ymi|延 冈 马 回 
trp_gekokujo_ito_uma_ymi_pl|延 冈 马 回 
trp_gekokujo_ashikaga_uma_ymi|精 锐 长 州 步 兵 
trp_gekokujo_ashikaga_uma_ymi_pl|精 锐 长 州 步 兵 
trp_gekokujo_nanbu_uma_ymi|新 选 组 
trp_gekokujo_nanbu_uma_ymi_pl|新 选 组 
trp_gekokujo_saito_uma_ymi|新 选 组 
trp_gekokujo_saito_uma_ymi_pl|新 选 组 
trp_gekokujo_akamatsu_uma_ymi|福 冈 马 回 
trp_gekokujo_akamatsu_uma_ymi_pl|福 冈 马 回 
trp_gekokujo_sokudo_uma_ymi|骑 马 铁 炮 队 
trp_gekokujo_sokudo_uma_ymi_pl|骑 马 铁 炮 队 
trp_Foreign_Sailor1|外 国 水 兵 
trp_Foreign_Sailor1_pl|外 国 水 兵 
trp_Foreign_Sailor2|外 国 水 兵 
trp_Foreign_Sailor2_pl|外 国 水 兵 
trp_Veteran_Hired_Skirmisher|资 深 雇 佣 散 兵 
trp_Veteran_Hired_Skirmisher_pl|资 深 雇 佣 散 兵 
trp_hired_agent_experienced|纪 州 忍 者 
trp_hired_agent_experienced_pl|纪 州 忍 者 
trp_Veteran_Hired_Rifleman|资 深 雇 佣 步 枪 兵 
trp_Veteran_Hired_Rifleman_pl|资 深 雇 佣 步 枪 兵 
trp_wooden_cannon|老 式 加 农 炮 
trp_wooden_cannon_pl|老 式 加 农 炮 
trp_parrot_gun|帕 罗 特 炮 
trp_parrot_gun_pl|帕 罗 特 炮 
trp_armstrong_gun|阿 姆 斯 特 朗 炮 
trp_armstrong_gun_pl|阿 姆 斯 特 朗 炮 
trp_gatling_gun|加 特 林 机 关 枪 
trp_gatling_gun_pl|加 特 林 机 关 枪 
trp_Foreign_Deserter|外 国 逃 兵 
trp_Foreign_Deserter_pl|外 国 逃 兵 
trp_Veteran_Foreign_Deserter|资 深 外 国 逃 兵 
trp_Veteran_Foreign_Deserter_pl|资 深 外 国 逃 兵 
trp_fort_troop_6_3|阿 依 努 族 弓 武 者 
trp_fort_troop_6_3_pl|阿 依 努 族 弓 武 者 
trp_tosa_riflemen|土 佐 步 枪 兵 
trp_tosa_riflemen_pl|土 佐 步 枪 兵 
trp_amerika_marines|美 国 海 军 陆 战 队 
trp_amerika_marines_pl|美 国 海 军 陆 战 队 
trp_british_marines|英 国 海 军 陆 战 队 
trp_british_marines_pl|英 国 海 军 陆 战 队 
trp_french_marines|法 国 海 军 陆 战 队 
trp_french_marines_pl|法 国 海 军 陆 战 队 
trp_Jozai_yugekitai|游 击 队 
trp_Jozai_yugekitai_pl|游 击 队 
trp_Choshu_kihetai|奇 兵 队 
trp_Choshu_kihetai_pl|奇 兵 队 
trp_Kyoto_Police|京 都 巡 捕 队 
trp_Kyoto_Police_pl|京 都 巡 捕 队 
trp_Shinsengumi_Police_Force|新 选 组 
trp_Shinsengumi_Police_Force_pl|新 选 组 
trp_White_Tiger_Force|白 虎 队 
trp_White_Tiger_Force_pl|白 虎 队 
trp_Black_Tortoise_Force|玄 武 队 
trp_Black_Tortoise_Force_pl|玄 武 队 
trp_Azure_Dragon_Force|青 龙 队 
trp_Azure_Dragon_Force_pl|青 龙 队 
trp_Vermilion_Bird_Force|朱 雀 队 
trp_Vermilion_Bird_Force_pl|朱 雀 队 
trp_tsu_kisho_ninja|纪 州 忍 者 
trp_tsu_kisho_ninja_pl|纪 州 忍 者 
